date,year,month,day,store,eff_year,eff_month,eff_day,eff_store,lambda,clients
2023-01-01,2023,Enero,Domingo,Córdoba,1000,1000,1000,3000,6000,5899
2023-01-01,2023,Enero,Domingo,La Floresta,1000,1000,1000,2000,5000,5087
2023-01-01,2023,Enero,Domingo,Los Cedros,1000,1000,1000,3000,6000,5878
2023-01-01,2023,Enero,Domingo,Palermo,1000,1000,1000,1000,4000,4051
2023-01-01,2023,Enero,Domingo,Santa Ana,1000,1000,1000,5000,8000,8076
2023-01-02,2023,Enero,Lunes,Córdoba,1000,1000,2000,3000,7000,7089
2023-01-02,2023,Enero,Lunes,La Floresta,1000,1000,2000,2000,6000,6032
2023-01-02,2023,Enero,Lunes,Los Cedros,1000,1000,2000,3000,7000,6987
2023-01-02,2023,Enero,Lunes,Palermo,1000,1000,2000,1000,5000,5011
2023-01-02,2023,Enero,Lunes,Santa Ana,1000,1000,2000,5000,9000,8965
2023-01-03,2023,Enero,Martes,Córdoba,1000,1000,3000,3000,8000,7954
2023-01-03,2023,Enero,Martes,La Floresta,1000,1000,3000,2000,7000,7072
2023-01-03,2023,Enero,Martes,Los Cedros,1000,1000,3000,3000,8000,7992
2023-01-03,2023,Enero,Martes,Palermo,1000,1000,3000,1000,6000,5910
2023-01-03,2023,Enero,Martes,Santa Ana,1000,1000,3000,5000,10000,10079
2023-01-04,2023,Enero,Miércoles,Córdoba,1000,1000,3500,3000,8500,8555
2023-01-04,2023,Enero,Miércoles,La Floresta,1000,1000,3500,2000,7500,7388
2023-01-04,2023,Enero,Miércoles,Los Cedros,1000,1000,3500,3000,8500,8422
2023-01-04,2023,Enero,Miércoles,Palermo,1000,1000,3500,1000,6500,6486
2023-01-04,2023,Enero,Miércoles,Santa Ana,1000,1000,3500,5000,10500,10491
2023-01-05,2023,Enero,Jueves,Córdoba,1000,1000,3000,3000,8000,8080
2023-01-05,2023,Enero,Jueves,La Floresta,1000,1000,3000,2000,7000,6973
2023-01-05,2023,Enero,Jueves,Los Cedros,1000,1000,3000,3000,8000,8048
2023-01-05,2023,Enero,Jueves,Palermo,1000,1000,3000,1000,6000,5926
2023-01-05,2023,Enero,Jueves,Santa Ana,1000,1000,3000,5000,10000,10109
2023-01-06,2023,Enero,Viernes,Córdoba,1000,1000,2000,3000,7000,7015
2023-01-06,2023,Enero,Viernes,La Floresta,1000,1000,2000,2000,6000,5991
2023-01-06,2023,Enero,Viernes,Los Cedros,1000,1000,2000,3000,7000,6896
2023-01-06,2023,Enero,Viernes,Palermo,1000,1000,2000,1000,5000,5035
2023-01-06,2023,Enero,Viernes,Santa Ana,1000,1000,2000,5000,9000,9058
2023-01-07,2023,Enero,Sábado,Córdoba,1000,1000,1000,3000,6000,5840
2023-01-07,2023,Enero,Sábado,La Floresta,1000,1000,1000,2000,5000,5012
2023-01-07,2023,Enero,Sábado,Los Cedros,1000,1000,1000,3000,6000,5931
2023-01-07,2023,Enero,Sábado,Palermo,1000,1000,1000,1000,4000,4076
2023-01-07,2023,Enero,Sábado,Santa Ana,1000,1000,1000,5000,8000,8035
2023-01-08,2023,Enero,Domingo,Córdoba,1000,1000,1000,3000,6000,6051
2023-01-08,2023,Enero,Domingo,La Floresta,1000,1000,1000,2000,5000,5011
2023-01-08,2023,Enero,Domingo,Los Cedros,1000,1000,1000,3000,6000,6037
2023-01-08,2023,Enero,Domingo,Palermo,1000,1000,1000,1000,4000,4064
2023-01-08,2023,Enero,Domingo,Santa Ana,1000,1000,1000,5000,8000,7945
2023-01-09,2023,Enero,Lunes,Córdoba,1000,1000,2000,3000,7000,6967
2023-01-09,2023,Enero,Lunes,La Floresta,1000,1000,2000,2000,6000,5909
2023-01-09,2023,Enero,Lunes,Los Cedros,1000,1000,2000,3000,7000,6987
2023-01-09,2023,Enero,Lunes,Palermo,1000,1000,2000,1000,5000,4958
2023-01-09,2023,Enero,Lunes,Santa Ana,1000,1000,2000,5000,9000,8893
2023-01-10,2023,Enero,Martes,Córdoba,1000,1000,3000,3000,8000,7989
2023-01-10,2023,Enero,Martes,La Floresta,1000,1000,3000,2000,7000,7072
2023-01-10,2023,Enero,Martes,Los Cedros,1000,1000,3000,3000,8000,7987
2023-01-10,2023,Enero,Martes,Palermo,1000,1000,3000,1000,6000,5880
2023-01-10,2023,Enero,Martes,Santa Ana,1000,1000,3000,5000,10000,10160
2023-01-11,2023,Enero,Miércoles,Córdoba,1000,1000,3500,3000,8500,8522
2023-01-11,2023,Enero,Miércoles,La Floresta,1000,1000,3500,2000,7500,7409
2023-01-11,2023,Enero,Miércoles,Los Cedros,1000,1000,3500,3000,8500,8573
2023-01-11,2023,Enero,Miércoles,Palermo,1000,1000,3500,1000,6500,6484
2023-01-11,2023,Enero,Miércoles,Santa Ana,1000,1000,3500,5000,10500,10441
2023-01-12,2023,Enero,Jueves,Córdoba,1000,1000,3000,3000,8000,7904
2023-01-12,2023,Enero,Jueves,La Floresta,1000,1000,3000,2000,7000,6787
2023-01-12,2023,Enero,Jueves,Los Cedros,1000,1000,3000,3000,8000,7956
2023-01-12,2023,Enero,Jueves,Palermo,1000,1000,3000,1000,6000,5885
2023-01-12,2023,Enero,Jueves,Santa Ana,1000,1000,3000,5000,10000,9833
2023-01-13,2023,Enero,Viernes,Córdoba,1000,1000,2000,3000,7000,6997
2023-01-13,2023,Enero,Viernes,La Floresta,1000,1000,2000,2000,6000,6020
2023-01-13,2023,Enero,Viernes,Los Cedros,1000,1000,2000,3000,7000,7213
2023-01-13,2023,Enero,Viernes,Palermo,1000,1000,2000,1000,5000,5062
2023-01-13,2023,Enero,Viernes,Santa Ana,1000,1000,2000,5000,9000,9022
2023-01-14,2023,Enero,Sábado,Córdoba,1000,1000,1000,3000,6000,6082
2023-01-14,2023,Enero,Sábado,La Floresta,1000,1000,1000,2000,5000,4995
2023-01-14,2023,Enero,Sábado,Los Cedros,1000,1000,1000,3000,6000,5962
2023-01-14,2023,Enero,Sábado,Palermo,1000,1000,1000,1000,4000,3989
2023-01-14,2023,Enero,Sábado,Santa Ana,1000,1000,1000,5000,8000,8178
2023-01-15,2023,Enero,Domingo,Córdoba,1000,1000,1000,3000,6000,5888
2023-01-15,2023,Enero,Domingo,La Floresta,1000,1000,1000,2000,5000,4898
2023-01-15,2023,Enero,Domingo,Los Cedros,1000,1000,1000,3000,6000,5949
2023-01-15,2023,Enero,Domingo,Palermo,1000,1000,1000,1000,4000,4043
2023-01-15,2023,Enero,Domingo,Santa Ana,1000,1000,1000,5000,8000,7890
2023-01-16,2023,Enero,Lunes,Córdoba,1000,1000,2000,3000,7000,6948
2023-01-16,2023,Enero,Lunes,La Floresta,1000,1000,2000,2000,6000,6012
2023-01-16,2023,Enero,Lunes,Los Cedros,1000,1000,2000,3000,7000,7090
2023-01-16,2023,Enero,Lunes,Palermo,1000,1000,2000,1000,5000,4962
2023-01-16,2023,Enero,Lunes,Santa Ana,1000,1000,2000,5000,9000,8921
2023-01-17,2023,Enero,Martes,Córdoba,1000,1000,3000,3000,8000,8129
2023-01-17,2023,Enero,Martes,La Floresta,1000,1000,3000,2000,7000,6907
2023-01-17,2023,Enero,Martes,Los Cedros,1000,1000,3000,3000,8000,7984
2023-01-17,2023,Enero,Martes,Palermo,1000,1000,3000,1000,6000,6112
2023-01-17,2023,Enero,Martes,Santa Ana,1000,1000,3000,5000,10000,9926
2023-01-18,2023,Enero,Miércoles,Córdoba,1000,1000,3500,3000,8500,8682
2023-01-18,2023,Enero,Miércoles,La Floresta,1000,1000,3500,2000,7500,7573
2023-01-18,2023,Enero,Miércoles,Los Cedros,1000,1000,3500,3000,8500,8466
2023-01-18,2023,Enero,Miércoles,Palermo,1000,1000,3500,1000,6500,6560
2023-01-18,2023,Enero,Miércoles,Santa Ana,1000,1000,3500,5000,10500,10505
2023-01-19,2023,Enero,Jueves,Córdoba,1000,1000,3000,3000,8000,8000
2023-01-19,2023,Enero,Jueves,La Floresta,1000,1000,3000,2000,7000,6903
2023-01-19,2023,Enero,Jueves,Los Cedros,1000,1000,3000,3000,8000,8025
2023-01-19,2023,Enero,Jueves,Palermo,1000,1000,3000,1000,6000,5925
2023-01-19,2023,Enero,Jueves,Santa Ana,1000,1000,3000,5000,10000,9866
2023-01-20,2023,Enero,Viernes,Córdoba,1000,1000,2000,3000,7000,7054
2023-01-20,2023,Enero,Viernes,La Floresta,1000,1000,2000,2000,6000,5895
2023-01-20,2023,Enero,Viernes,Los Cedros,1000,1000,2000,3000,7000,7048
2023-01-20,2023,Enero,Viernes,Palermo,1000,1000,2000,1000,5000,4933
2023-01-20,2023,Enero,Viernes,Santa Ana,1000,1000,2000,5000,9000,8878
2023-01-21,2023,Enero,Sábado,Córdoba,1000,1000,1000,3000,6000,5951
2023-01-21,2023,Enero,Sábado,La Floresta,1000,1000,1000,2000,5000,5129
2023-01-21,2023,Enero,Sábado,Los Cedros,1000,1000,1000,3000,6000,5954
2023-01-21,2023,Enero,Sábado,Palermo,1000,1000,1000,1000,4000,4030
2023-01-21,2023,Enero,Sábado,Santa Ana,1000,1000,1000,5000,8000,7885
2023-01-22,2023,Enero,Domingo,Córdoba,1000,1000,1000,3000,6000,6083
2023-01-22,2023,Enero,Domingo,La Floresta,1000,1000,1000,2000,5000,4913
2023-01-22,2023,Enero,Domingo,Los Cedros,1000,1000,1000,3000,6000,6148
2023-01-22,2023,Enero,Domingo,Palermo,1000,1000,1000,1000,4000,3994
2023-01-22,2023,Enero,Domingo,Santa Ana,1000,1000,1000,5000,8000,8034
2023-01-23,2023,Enero,Lunes,Córdoba,1000,1000,2000,3000,7000,7037
2023-01-23,2023,Enero,Lunes,La Floresta,1000,1000,2000,2000,6000,6023
2023-01-23,2023,Enero,Lunes,Los Cedros,1000,1000,2000,3000,7000,7025
2023-01-23,2023,Enero,Lunes,Palermo,1000,1000,2000,1000,5000,4974
2023-01-23,2023,Enero,Lunes,Santa Ana,1000,1000,2000,5000,9000,8922
2023-01-24,2023,Enero,Martes,Córdoba,1000,1000,3000,3000,8000,7893
2023-01-24,2023,Enero,Martes,La Floresta,1000,1000,3000,2000,7000,6932
2023-01-24,2023,Enero,Martes,Los Cedros,1000,1000,3000,3000,8000,8091
2023-01-24,2023,Enero,Martes,Palermo,1000,1000,3000,1000,6000,5852
2023-01-24,2023,Enero,Martes,Santa Ana,1000,1000,3000,5000,10000,9987
2023-01-25,2023,Enero,Miércoles,Córdoba,1000,1000,3500,3000,8500,8303
2023-01-25,2023,Enero,Miércoles,La Floresta,1000,1000,3500,2000,7500,7650
2023-01-25,2023,Enero,Miércoles,Los Cedros,1000,1000,3500,3000,8500,8441
2023-01-25,2023,Enero,Miércoles,Palermo,1000,1000,3500,1000,6500,6388
2023-01-25,2023,Enero,Miércoles,Santa Ana,1000,1000,3500,5000,10500,10443
2023-01-26,2023,Enero,Jueves,Córdoba,1000,1000,3000,3000,8000,7779
2023-01-26,2023,Enero,Jueves,La Floresta,1000,1000,3000,2000,7000,7044
2023-01-26,2023,Enero,Jueves,Los Cedros,1000,1000,3000,3000,8000,7952
2023-01-26,2023,Enero,Jueves,Palermo,1000,1000,3000,1000,6000,6103
2023-01-26,2023,Enero,Jueves,Santa Ana,1000,1000,3000,5000,10000,9782
2023-01-27,2023,Enero,Viernes,Córdoba,1000,1000,2000,3000,7000,7092
2023-01-27,2023,Enero,Viernes,La Floresta,1000,1000,2000,2000,6000,6016
2023-01-27,2023,Enero,Viernes,Los Cedros,1000,1000,2000,3000,7000,6809
2023-01-27,2023,Enero,Viernes,Palermo,1000,1000,2000,1000,5000,5005
2023-01-27,2023,Enero,Viernes,Santa Ana,1000,1000,2000,5000,9000,8923
2023-01-28,2023,Enero,Sábado,Córdoba,1000,1000,1000,3000,6000,6008
2023-01-28,2023,Enero,Sábado,La Floresta,1000,1000,1000,2000,5000,5081
2023-01-28,2023,Enero,Sábado,Los Cedros,1000,1000,1000,3000,6000,6067
2023-01-28,2023,Enero,Sábado,Palermo,1000,1000,1000,1000,4000,4055
2023-01-28,2023,Enero,Sábado,Santa Ana,1000,1000,1000,5000,8000,8160
2023-01-29,2023,Enero,Domingo,Córdoba,1000,1000,1000,3000,6000,5936
2023-01-29,2023,Enero,Domingo,La Floresta,1000,1000,1000,2000,5000,4977
2023-01-29,2023,Enero,Domingo,Los Cedros,1000,1000,1000,3000,6000,5945
2023-01-29,2023,Enero,Domingo,Palermo,1000,1000,1000,1000,4000,3996
2023-01-29,2023,Enero,Domingo,Santa Ana,1000,1000,1000,5000,8000,8109
2023-01-30,2023,Enero,Lunes,Córdoba,1000,1000,2000,3000,7000,6958
2023-01-30,2023,Enero,Lunes,La Floresta,1000,1000,2000,2000,6000,5973
2023-01-30,2023,Enero,Lunes,Los Cedros,1000,1000,2000,3000,7000,6950
2023-01-30,2023,Enero,Lunes,Palermo,1000,1000,2000,1000,5000,5119
2023-01-30,2023,Enero,Lunes,Santa Ana,1000,1000,2000,5000,9000,8963
2023-01-31,2023,Enero,Martes,Córdoba,1000,1000,3000,3000,8000,8051
2023-01-31,2023,Enero,Martes,La Floresta,1000,1000,3000,2000,7000,7081
2023-01-31,2023,Enero,Martes,Los Cedros,1000,1000,3000,3000,8000,8034
2023-01-31,2023,Enero,Martes,Palermo,1000,1000,3000,1000,6000,6055
2023-01-31,2023,Enero,Martes,Santa Ana,1000,1000,3000,5000,10000,10117
2023-02-01,2023,Febrero,Miércoles,Córdoba,1000,1500,3500,3000,9000,9083
2023-02-01,2023,Febrero,Miércoles,La Floresta,1000,1500,3500,2000,8000,7860
2023-02-01,2023,Febrero,Miércoles,Los Cedros,1000,1500,3500,3000,9000,8842
2023-02-01,2023,Febrero,Miércoles,Palermo,1000,1500,3500,1000,7000,7080
2023-02-01,2023,Febrero,Miércoles,Santa Ana,1000,1500,3500,5000,11000,10865
2023-02-02,2023,Febrero,Jueves,Córdoba,1000,1500,3000,3000,8500,8491
2023-02-02,2023,Febrero,Jueves,La Floresta,1000,1500,3000,2000,7500,7522
2023-02-02,2023,Febrero,Jueves,Los Cedros,1000,1500,3000,3000,8500,8531
2023-02-02,2023,Febrero,Jueves,Palermo,1000,1500,3000,1000,6500,6515
2023-02-02,2023,Febrero,Jueves,Santa Ana,1000,1500,3000,5000,10500,10722
2023-02-03,2023,Febrero,Viernes,Córdoba,1000,1500,2000,3000,7500,7540
2023-02-03,2023,Febrero,Viernes,La Floresta,1000,1500,2000,2000,6500,6498
2023-02-03,2023,Febrero,Viernes,Los Cedros,1000,1500,2000,3000,7500,7663
2023-02-03,2023,Febrero,Viernes,Palermo,1000,1500,2000,1000,5500,5397
2023-02-03,2023,Febrero,Viernes,Santa Ana,1000,1500,2000,5000,9500,9579
2023-02-04,2023,Febrero,Sábado,Córdoba,1000,1500,1000,3000,6500,6408
2023-02-04,2023,Febrero,Sábado,La Floresta,1000,1500,1000,2000,5500,5464
2023-02-04,2023,Febrero,Sábado,Los Cedros,1000,1500,1000,3000,6500,6565
2023-02-04,2023,Febrero,Sábado,Palermo,1000,1500,1000,1000,4500,4474
2023-02-04,2023,Febrero,Sábado,Santa Ana,1000,1500,1000,5000,8500,8578
2023-02-05,2023,Febrero,Domingo,Córdoba,1000,1500,1000,3000,6500,6471
2023-02-05,2023,Febrero,Domingo,La Floresta,1000,1500,1000,2000,5500,5475
2023-02-05,2023,Febrero,Domingo,Los Cedros,1000,1500,1000,3000,6500,6512
2023-02-05,2023,Febrero,Domingo,Palermo,1000,1500,1000,1000,4500,4558
2023-02-05,2023,Febrero,Domingo,Santa Ana,1000,1500,1000,5000,8500,8681
2023-02-06,2023,Febrero,Lunes,Córdoba,1000,1500,2000,3000,7500,7490
2023-02-06,2023,Febrero,Lunes,La Floresta,1000,1500,2000,2000,6500,6532
2023-02-06,2023,Febrero,Lunes,Los Cedros,1000,1500,2000,3000,7500,7522
2023-02-06,2023,Febrero,Lunes,Palermo,1000,1500,2000,1000,5500,5579
2023-02-06,2023,Febrero,Lunes,Santa Ana,1000,1500,2000,5000,9500,9366
2023-02-07,2023,Febrero,Martes,Córdoba,1000,1500,3000,3000,8500,8352
2023-02-07,2023,Febrero,Martes,La Floresta,1000,1500,3000,2000,7500,7576
2023-02-07,2023,Febrero,Martes,Los Cedros,1000,1500,3000,3000,8500,8441
2023-02-07,2023,Febrero,Martes,Palermo,1000,1500,3000,1000,6500,6539
2023-02-07,2023,Febrero,Martes,Santa Ana,1000,1500,3000,5000,10500,10440
2023-02-08,2023,Febrero,Miércoles,Córdoba,1000,1500,3500,3000,9000,8924
2023-02-08,2023,Febrero,Miércoles,La Floresta,1000,1500,3500,2000,8000,7914
2023-02-08,2023,Febrero,Miércoles,Los Cedros,1000,1500,3500,3000,9000,9043
2023-02-08,2023,Febrero,Miércoles,Palermo,1000,1500,3500,1000,7000,7025
2023-02-08,2023,Febrero,Miércoles,Santa Ana,1000,1500,3500,5000,11000,10872
2023-02-09,2023,Febrero,Jueves,Córdoba,1000,1500,3000,3000,8500,8378
2023-02-09,2023,Febrero,Jueves,La Floresta,1000,1500,3000,2000,7500,7658
2023-02-09,2023,Febrero,Jueves,Los Cedros,1000,1500,3000,3000,8500,8554
2023-02-09,2023,Febrero,Jueves,Palermo,1000,1500,3000,1000,6500,6291
2023-02-09,2023,Febrero,Jueves,Santa Ana,1000,1500,3000,5000,10500,10286
2023-02-10,2023,Febrero,Viernes,Córdoba,1000,1500,2000,3000,7500,7314
2023-02-10,2023,Febrero,Viernes,La Floresta,1000,1500,2000,2000,6500,6596
2023-02-10,2023,Febrero,Viernes,Los Cedros,1000,1500,2000,3000,7500,7561
2023-02-10,2023,Febrero,Viernes,Palermo,1000,1500,2000,1000,5500,5449
2023-02-10,2023,Febrero,Viernes,Santa Ana,1000,1500,2000,5000,9500,9572
2023-02-11,2023,Febrero,Sábado,Córdoba,1000,1500,1000,3000,6500,6674
2023-02-11,2023,Febrero,Sábado,La Floresta,1000,1500,1000,2000,5500,5382
2023-02-11,2023,Febrero,Sábado,Los Cedros,1000,1500,1000,3000,6500,6571
2023-02-11,2023,Febrero,Sábado,Palermo,1000,1500,1000,1000,4500,4514
2023-02-11,2023,Febrero,Sábado,Santa Ana,1000,1500,1000,5000,8500,8557
2023-02-12,2023,Febrero,Domingo,Córdoba,1000,1500,1000,3000,6500,6390
2023-02-12,2023,Febrero,Domingo,La Floresta,1000,1500,1000,2000,5500,5532
2023-02-12,2023,Febrero,Domingo,Los Cedros,1000,1500,1000,3000,6500,6404
2023-02-12,2023,Febrero,Domingo,Palermo,1000,1500,1000,1000,4500,4482
2023-02-12,2023,Febrero,Domingo,Santa Ana,1000,1500,1000,5000,8500,8520
2023-02-13,2023,Febrero,Lunes,Córdoba,1000,1500,2000,3000,7500,7522
2023-02-13,2023,Febrero,Lunes,La Floresta,1000,1500,2000,2000,6500,6483
2023-02-13,2023,Febrero,Lunes,Los Cedros,1000,1500,2000,3000,7500,7534
2023-02-13,2023,Febrero,Lunes,Palermo,1000,1500,2000,1000,5500,5481
2023-02-13,2023,Febrero,Lunes,Santa Ana,1000,1500,2000,5000,9500,9435
2023-02-14,2023,Febrero,Martes,Córdoba,1000,1500,3000,3000,8500,8583
2023-02-14,2023,Febrero,Martes,La Floresta,1000,1500,3000,2000,7500,7518
2023-02-14,2023,Febrero,Martes,Los Cedros,1000,1500,3000,3000,8500,8555
2023-02-14,2023,Febrero,Martes,Palermo,1000,1500,3000,1000,6500,6536
2023-02-14,2023,Febrero,Martes,Santa Ana,1000,1500,3000,5000,10500,10493
2023-02-15,2023,Febrero,Miércoles,Córdoba,1000,1500,3500,3000,9000,9005
2023-02-15,2023,Febrero,Miércoles,La Floresta,1000,1500,3500,2000,8000,7964
2023-02-15,2023,Febrero,Miércoles,Los Cedros,1000,1500,3500,3000,9000,9068
2023-02-15,2023,Febrero,Miércoles,Palermo,1000,1500,3500,1000,7000,7145
2023-02-15,2023,Febrero,Miércoles,Santa Ana,1000,1500,3500,5000,11000,10980
2023-02-16,2023,Febrero,Jueves,Córdoba,1000,1500,3000,3000,8500,8455
2023-02-16,2023,Febrero,Jueves,La Floresta,1000,1500,3000,2000,7500,7499
2023-02-16,2023,Febrero,Jueves,Los Cedros,1000,1500,3000,3000,8500,8331
2023-02-16,2023,Febrero,Jueves,Palermo,1000,1500,3000,1000,6500,6328
2023-02-16,2023,Febrero,Jueves,Santa Ana,1000,1500,3000,5000,10500,10444
2023-02-17,2023,Febrero,Viernes,Córdoba,1000,1500,2000,3000,7500,7573
2023-02-17,2023,Febrero,Viernes,La Floresta,1000,1500,2000,2000,6500,6598
2023-02-17,2023,Febrero,Viernes,Los Cedros,1000,1500,2000,3000,7500,7399
2023-02-17,2023,Febrero,Viernes,Palermo,1000,1500,2000,1000,5500,5399
2023-02-17,2023,Febrero,Viernes,Santa Ana,1000,1500,2000,5000,9500,9447
2023-02-18,2023,Febrero,Sábado,Córdoba,1000,1500,1000,3000,6500,6401
2023-02-18,2023,Febrero,Sábado,La Floresta,1000,1500,1000,2000,5500,5476
2023-02-18,2023,Febrero,Sábado,Los Cedros,1000,1500,1000,3000,6500,6506
2023-02-18,2023,Febrero,Sábado,Palermo,1000,1500,1000,1000,4500,4426
2023-02-18,2023,Febrero,Sábado,Santa Ana,1000,1500,1000,5000,8500,8551
2023-02-19,2023,Febrero,Domingo,Córdoba,1000,1500,1000,3000,6500,6304
2023-02-19,2023,Febrero,Domingo,La Floresta,1000,1500,1000,2000,5500,5558
2023-02-19,2023,Febrero,Domingo,Los Cedros,1000,1500,1000,3000,6500,6493
2023-02-19,2023,Febrero,Domingo,Palermo,1000,1500,1000,1000,4500,4431
2023-02-19,2023,Febrero,Domingo,Santa Ana,1000,1500,1000,5000,8500,8472
2023-02-20,2023,Febrero,Lunes,Córdoba,1000,1500,2000,3000,7500,7537
2023-02-20,2023,Febrero,Lunes,La Floresta,1000,1500,2000,2000,6500,6520
2023-02-20,2023,Febrero,Lunes,Los Cedros,1000,1500,2000,3000,7500,7355
2023-02-20,2023,Febrero,Lunes,Palermo,1000,1500,2000,1000,5500,5585
2023-02-20,2023,Febrero,Lunes,Santa Ana,1000,1500,2000,5000,9500,9440
2023-02-21,2023,Febrero,Martes,Córdoba,1000,1500,3000,3000,8500,8610
2023-02-21,2023,Febrero,Martes,La Floresta,1000,1500,3000,2000,7500,7467
2023-02-21,2023,Febrero,Martes,Los Cedros,1000,1500,3000,3000,8500,8457
2023-02-21,2023,Febrero,Martes,Palermo,1000,1500,3000,1000,6500,6496
2023-02-21,2023,Febrero,Martes,Santa Ana,1000,1500,3000,5000,10500,10583
2023-02-22,2023,Febrero,Miércoles,Córdoba,1000,1500,3500,3000,9000,9160
2023-02-22,2023,Febrero,Miércoles,La Floresta,1000,1500,3500,2000,8000,8106
2023-02-22,2023,Febrero,Miércoles,Los Cedros,1000,1500,3500,3000,9000,9000
2023-02-22,2023,Febrero,Miércoles,Palermo,1000,1500,3500,1000,7000,6877
2023-02-22,2023,Febrero,Miércoles,Santa Ana,1000,1500,3500,5000,11000,11168
2023-02-23,2023,Febrero,Jueves,Córdoba,1000,1500,3000,3000,8500,8555
2023-02-23,2023,Febrero,Jueves,La Floresta,1000,1500,3000,2000,7500,7415
2023-02-23,2023,Febrero,Jueves,Los Cedros,1000,1500,3000,3000,8500,8668
2023-02-23,2023,Febrero,Jueves,Palermo,1000,1500,3000,1000,6500,6454
2023-02-23,2023,Febrero,Jueves,Santa Ana,1000,1500,3000,5000,10500,10393
2023-02-24,2023,Febrero,Viernes,Córdoba,1000,1500,2000,3000,7500,7513
2023-02-24,2023,Febrero,Viernes,La Floresta,1000,1500,2000,2000,6500,6625
2023-02-24,2023,Febrero,Viernes,Los Cedros,1000,1500,2000,3000,7500,7610
2023-02-24,2023,Febrero,Viernes,Palermo,1000,1500,2000,1000,5500,5552
2023-02-24,2023,Febrero,Viernes,Santa Ana,1000,1500,2000,5000,9500,9494
2023-02-25,2023,Febrero,Sábado,Córdoba,1000,1500,1000,3000,6500,6574
2023-02-25,2023,Febrero,Sábado,La Floresta,1000,1500,1000,2000,5500,5556
2023-02-25,2023,Febrero,Sábado,Los Cedros,1000,1500,1000,3000,6500,6392
2023-02-25,2023,Febrero,Sábado,Palermo,1000,1500,1000,1000,4500,4558
2023-02-25,2023,Febrero,Sábado,Santa Ana,1000,1500,1000,5000,8500,8442
2023-02-26,2023,Febrero,Domingo,Córdoba,1000,1500,1000,3000,6500,6541
2023-02-26,2023,Febrero,Domingo,La Floresta,1000,1500,1000,2000,5500,5632
2023-02-26,2023,Febrero,Domingo,Los Cedros,1000,1500,1000,3000,6500,6279
2023-02-26,2023,Febrero,Domingo,Palermo,1000,1500,1000,1000,4500,4345
2023-02-26,2023,Febrero,Domingo,Santa Ana,1000,1500,1000,5000,8500,8514
2023-02-27,2023,Febrero,Lunes,Córdoba,1000,1500,2000,3000,7500,7545
2023-02-27,2023,Febrero,Lunes,La Floresta,1000,1500,2000,2000,6500,6558
2023-02-27,2023,Febrero,Lunes,Los Cedros,1000,1500,2000,3000,7500,7301
2023-02-27,2023,Febrero,Lunes,Palermo,1000,1500,2000,1000,5500,5526
2023-02-27,2023,Febrero,Lunes,Santa Ana,1000,1500,2000,5000,9500,9582
2023-02-28,2023,Febrero,Martes,Córdoba,1000,1500,3000,3000,8500,8524
2023-02-28,2023,Febrero,Martes,La Floresta,1000,1500,3000,2000,7500,7543
2023-02-28,2023,Febrero,Martes,Los Cedros,1000,1500,3000,3000,8500,8610
2023-02-28,2023,Febrero,Martes,Palermo,1000,1500,3000,1000,6500,6597
2023-02-28,2023,Febrero,Martes,Santa Ana,1000,1500,3000,5000,10500,10471
2023-03-01,2023,Marzo,Miércoles,Córdoba,1000,2000,3500,3000,9500,9378
2023-03-01,2023,Marzo,Miércoles,La Floresta,1000,2000,3500,2000,8500,8408
2023-03-01,2023,Marzo,Miércoles,Los Cedros,1000,2000,3500,3000,9500,9455
2023-03-01,2023,Marzo,Miércoles,Palermo,1000,2000,3500,1000,7500,7448
2023-03-01,2023,Marzo,Miércoles,Santa Ana,1000,2000,3500,5000,11500,11428
2023-03-02,2023,Marzo,Jueves,Córdoba,1000,2000,3000,3000,9000,9037
2023-03-02,2023,Marzo,Jueves,La Floresta,1000,2000,3000,2000,8000,8149
2023-03-02,2023,Marzo,Jueves,Los Cedros,1000,2000,3000,3000,9000,8880
2023-03-02,2023,Marzo,Jueves,Palermo,1000,2000,3000,1000,7000,6841
2023-03-02,2023,Marzo,Jueves,Santa Ana,1000,2000,3000,5000,11000,11028
2023-03-03,2023,Marzo,Viernes,Córdoba,1000,2000,2000,3000,8000,8143
2023-03-03,2023,Marzo,Viernes,La Floresta,1000,2000,2000,2000,7000,7064
2023-03-03,2023,Marzo,Viernes,Los Cedros,1000,2000,2000,3000,8000,7943
2023-03-03,2023,Marzo,Viernes,Palermo,1000,2000,2000,1000,6000,5937
2023-03-03,2023,Marzo,Viernes,Santa Ana,1000,2000,2000,5000,10000,9977
2023-03-04,2023,Marzo,Sábado,Córdoba,1000,2000,1000,3000,7000,6946
2023-03-04,2023,Marzo,Sábado,La Floresta,1000,2000,1000,2000,6000,6034
2023-03-04,2023,Marzo,Sábado,Los Cedros,1000,2000,1000,3000,7000,6934
2023-03-04,2023,Marzo,Sábado,Palermo,1000,2000,1000,1000,5000,4918
2023-03-04,2023,Marzo,Sábado,Santa Ana,1000,2000,1000,5000,9000,9069
2023-03-05,2023,Marzo,Domingo,Córdoba,1000,2000,1000,3000,7000,7015
2023-03-05,2023,Marzo,Domingo,La Floresta,1000,2000,1000,2000,6000,5986
2023-03-05,2023,Marzo,Domingo,Los Cedros,1000,2000,1000,3000,7000,7085
2023-03-05,2023,Marzo,Domingo,Palermo,1000,2000,1000,1000,5000,5064
2023-03-05,2023,Marzo,Domingo,Santa Ana,1000,2000,1000,5000,9000,9087
2023-03-06,2023,Marzo,Lunes,Córdoba,1000,2000,2000,3000,8000,7989
2023-03-06,2023,Marzo,Lunes,La Floresta,1000,2000,2000,2000,7000,7003
2023-03-06,2023,Marzo,Lunes,Los Cedros,1000,2000,2000,3000,8000,7867
2023-03-06,2023,Marzo,Lunes,Palermo,1000,2000,2000,1000,6000,5940
2023-03-06,2023,Marzo,Lunes,Santa Ana,1000,2000,2000,5000,10000,10044
2023-03-07,2023,Marzo,Martes,Córdoba,1000,2000,3000,3000,9000,8971
2023-03-07,2023,Marzo,Martes,La Floresta,1000,2000,3000,2000,8000,7873
2023-03-07,2023,Marzo,Martes,Los Cedros,1000,2000,3000,3000,9000,8808
2023-03-07,2023,Marzo,Martes,Palermo,1000,2000,3000,1000,7000,6923
2023-03-07,2023,Marzo,Martes,Santa Ana,1000,2000,3000,5000,11000,10942
2023-03-08,2023,Marzo,Miércoles,Córdoba,1000,2000,3500,3000,9500,9429
2023-03-08,2023,Marzo,Miércoles,La Floresta,1000,2000,3500,2000,8500,8502
2023-03-08,2023,Marzo,Miércoles,Los Cedros,1000,2000,3500,3000,9500,9453
2023-03-08,2023,Marzo,Miércoles,Palermo,1000,2000,3500,1000,7500,7575
2023-03-08,2023,Marzo,Miércoles,Santa Ana,1000,2000,3500,5000,11500,11634
2023-03-09,2023,Marzo,Jueves,Córdoba,1000,2000,3000,3000,9000,9060
2023-03-09,2023,Marzo,Jueves,La Floresta,1000,2000,3000,2000,8000,8048
2023-03-09,2023,Marzo,Jueves,Los Cedros,1000,2000,3000,3000,9000,8953
2023-03-09,2023,Marzo,Jueves,Palermo,1000,2000,3000,1000,7000,6807
2023-03-09,2023,Marzo,Jueves,Santa Ana,1000,2000,3000,5000,11000,10917
2023-03-10,2023,Marzo,Viernes,Córdoba,1000,2000,2000,3000,8000,7929
2023-03-10,2023,Marzo,Viernes,La Floresta,1000,2000,2000,2000,7000,7143
2023-03-10,2023,Marzo,Viernes,Los Cedros,1000,2000,2000,3000,8000,7911
2023-03-10,2023,Marzo,Viernes,Palermo,1000,2000,2000,1000,6000,5889
2023-03-10,2023,Marzo,Viernes,Santa Ana,1000,2000,2000,5000,10000,9766
2023-03-11,2023,Marzo,Sábado,Córdoba,1000,2000,1000,3000,7000,6989
2023-03-11,2023,Marzo,Sábado,La Floresta,1000,2000,1000,2000,6000,6026
2023-03-11,2023,Marzo,Sábado,Los Cedros,1000,2000,1000,3000,7000,7071
2023-03-11,2023,Marzo,Sábado,Palermo,1000,2000,1000,1000,5000,4947
2023-03-11,2023,Marzo,Sábado,Santa Ana,1000,2000,1000,5000,9000,9024
2023-03-12,2023,Marzo,Domingo,Córdoba,1000,2000,1000,3000,7000,7056
2023-03-12,2023,Marzo,Domingo,La Floresta,1000,2000,1000,2000,6000,6073
2023-03-12,2023,Marzo,Domingo,Los Cedros,1000,2000,1000,3000,7000,6926
2023-03-12,2023,Marzo,Domingo,Palermo,1000,2000,1000,1000,5000,4962
2023-03-12,2023,Marzo,Domingo,Santa Ana,1000,2000,1000,5000,9000,9095
2023-03-13,2023,Marzo,Lunes,Córdoba,1000,2000,2000,3000,8000,7882
2023-03-13,2023,Marzo,Lunes,La Floresta,1000,2000,2000,2000,7000,7120
2023-03-13,2023,Marzo,Lunes,Los Cedros,1000,2000,2000,3000,8000,7882
2023-03-13,2023,Marzo,Lunes,Palermo,1000,2000,2000,1000,6000,6044
2023-03-13,2023,Marzo,Lunes,Santa Ana,1000,2000,2000,5000,10000,10072
2023-03-14,2023,Marzo,Martes,Córdoba,1000,2000,3000,3000,9000,9105
2023-03-14,2023,Marzo,Martes,La Floresta,1000,2000,3000,2000,8000,8031
2023-03-14,2023,Marzo,Martes,Los Cedros,1000,2000,3000,3000,9000,8786
2023-03-14,2023,Marzo,Martes,Palermo,1000,2000,3000,1000,7000,6949
2023-03-14,2023,Marzo,Martes,Santa Ana,1000,2000,3000,5000,11000,11143
2023-03-15,2023,Marzo,Miércoles,Córdoba,1000,2000,3500,3000,9500,9566
2023-03-15,2023,Marzo,Miércoles,La Floresta,1000,2000,3500,2000,8500,8622
2023-03-15,2023,Marzo,Miércoles,Los Cedros,1000,2000,3500,3000,9500,9531
2023-03-15,2023,Marzo,Miércoles,Palermo,1000,2000,3500,1000,7500,7474
2023-03-15,2023,Marzo,Miércoles,Santa Ana,1000,2000,3500,5000,11500,11529
2023-03-16,2023,Marzo,Jueves,Córdoba,1000,2000,3000,3000,9000,8901
2023-03-16,2023,Marzo,Jueves,La Floresta,1000,2000,3000,2000,8000,8005
2023-03-16,2023,Marzo,Jueves,Los Cedros,1000,2000,3000,3000,9000,8851
2023-03-16,2023,Marzo,Jueves,Palermo,1000,2000,3000,1000,7000,6975
2023-03-16,2023,Marzo,Jueves,Santa Ana,1000,2000,3000,5000,11000,10976
2023-03-17,2023,Marzo,Viernes,Córdoba,1000,2000,2000,3000,8000,8065
2023-03-17,2023,Marzo,Viernes,La Floresta,1000,2000,2000,2000,7000,6925
2023-03-17,2023,Marzo,Viernes,Los Cedros,1000,2000,2000,3000,8000,8063
2023-03-17,2023,Marzo,Viernes,Palermo,1000,2000,2000,1000,6000,5973
2023-03-17,2023,Marzo,Viernes,Santa Ana,1000,2000,2000,5000,10000,10123
2023-03-18,2023,Marzo,Sábado,Córdoba,1000,2000,1000,3000,7000,7062
2023-03-18,2023,Marzo,Sábado,La Floresta,1000,2000,1000,2000,6000,5886
2023-03-18,2023,Marzo,Sábado,Los Cedros,1000,2000,1000,3000,7000,7106
2023-03-18,2023,Marzo,Sábado,Palermo,1000,2000,1000,1000,5000,4893
2023-03-18,2023,Marzo,Sábado,Santa Ana,1000,2000,1000,5000,9000,9084
2023-03-19,2023,Marzo,Domingo,Córdoba,1000,2000,1000,3000,7000,7163
2023-03-19,2023,Marzo,Domingo,La Floresta,1000,2000,1000,2000,6000,5977
2023-03-19,2023,Marzo,Domingo,Los Cedros,1000,2000,1000,3000,7000,7026
2023-03-19,2023,Marzo,Domingo,Palermo,1000,2000,1000,1000,5000,4982
2023-03-19,2023,Marzo,Domingo,Santa Ana,1000,2000,1000,5000,9000,9062
2023-03-20,2023,Marzo,Lunes,Córdoba,1000,2000,2000,3000,8000,7930
2023-03-20,2023,Marzo,Lunes,La Floresta,1000,2000,2000,2000,7000,6975
2023-03-20,2023,Marzo,Lunes,Los Cedros,1000,2000,2000,3000,8000,7900
2023-03-20,2023,Marzo,Lunes,Palermo,1000,2000,2000,1000,6000,5964
2023-03-20,2023,Marzo,Lunes,Santa Ana,1000,2000,2000,5000,10000,9904
2023-03-21,2023,Marzo,Martes,Córdoba,1000,2000,3000,3000,9000,8771
2023-03-21,2023,Marzo,Martes,La Floresta,1000,2000,3000,2000,8000,7941
2023-03-21,2023,Marzo,Martes,Los Cedros,1000,2000,3000,3000,9000,8904
2023-03-21,2023,Marzo,Martes,Palermo,1000,2000,3000,1000,7000,6993
2023-03-21,2023,Marzo,Martes,Santa Ana,1000,2000,3000,5000,11000,11081
2023-03-22,2023,Marzo,Miércoles,Córdoba,1000,2000,3500,3000,9500,9321
2023-03-22,2023,Marzo,Miércoles,La Floresta,1000,2000,3500,2000,8500,8431
2023-03-22,2023,Marzo,Miércoles,Los Cedros,1000,2000,3500,3000,9500,9579
2023-03-22,2023,Marzo,Miércoles,Palermo,1000,2000,3500,1000,7500,7632
2023-03-22,2023,Marzo,Miércoles,Santa Ana,1000,2000,3500,5000,11500,11499
2023-03-23,2023,Marzo,Jueves,Córdoba,1000,2000,3000,3000,9000,8893
2023-03-23,2023,Marzo,Jueves,La Floresta,1000,2000,3000,2000,8000,7862
2023-03-23,2023,Marzo,Jueves,Los Cedros,1000,2000,3000,3000,9000,9032
2023-03-23,2023,Marzo,Jueves,Palermo,1000,2000,3000,1000,7000,6908
2023-03-23,2023,Marzo,Jueves,Santa Ana,1000,2000,3000,5000,11000,10939
2023-03-24,2023,Marzo,Viernes,Córdoba,1000,2000,2000,3000,8000,8185
2023-03-24,2023,Marzo,Viernes,La Floresta,1000,2000,2000,2000,7000,6949
2023-03-24,2023,Marzo,Viernes,Los Cedros,1000,2000,2000,3000,8000,7976
2023-03-24,2023,Marzo,Viernes,Palermo,1000,2000,2000,1000,6000,6065
2023-03-24,2023,Marzo,Viernes,Santa Ana,1000,2000,2000,5000,10000,10024
2023-03-25,2023,Marzo,Sábado,Córdoba,1000,2000,1000,3000,7000,7052
2023-03-25,2023,Marzo,Sábado,La Floresta,1000,2000,1000,2000,6000,5945
2023-03-25,2023,Marzo,Sábado,Los Cedros,1000,2000,1000,3000,7000,6913
2023-03-25,2023,Marzo,Sábado,Palermo,1000,2000,1000,1000,5000,4990
2023-03-25,2023,Marzo,Sábado,Santa Ana,1000,2000,1000,5000,9000,9141
2023-03-26,2023,Marzo,Domingo,Córdoba,1000,2000,1000,3000,7000,6998
2023-03-26,2023,Marzo,Domingo,La Floresta,1000,2000,1000,2000,6000,6007
2023-03-26,2023,Marzo,Domingo,Los Cedros,1000,2000,1000,3000,7000,6935
2023-03-26,2023,Marzo,Domingo,Palermo,1000,2000,1000,1000,5000,5061
2023-03-26,2023,Marzo,Domingo,Santa Ana,1000,2000,1000,5000,9000,9126
2023-03-27,2023,Marzo,Lunes,Córdoba,1000,2000,2000,3000,8000,8014
2023-03-27,2023,Marzo,Lunes,La Floresta,1000,2000,2000,2000,7000,6892
2023-03-27,2023,Marzo,Lunes,Los Cedros,1000,2000,2000,3000,8000,8208
2023-03-27,2023,Marzo,Lunes,Palermo,1000,2000,2000,1000,6000,6183
2023-03-27,2023,Marzo,Lunes,Santa Ana,1000,2000,2000,5000,10000,10010
2023-03-28,2023,Marzo,Martes,Córdoba,1000,2000,3000,3000,9000,9008
2023-03-28,2023,Marzo,Martes,La Floresta,1000,2000,3000,2000,8000,7878
2023-03-28,2023,Marzo,Martes,Los Cedros,1000,2000,3000,3000,9000,8950
2023-03-28,2023,Marzo,Martes,Palermo,1000,2000,3000,1000,7000,6992
2023-03-28,2023,Marzo,Martes,Santa Ana,1000,2000,3000,5000,11000,10921
2023-03-29,2023,Marzo,Miércoles,Córdoba,1000,2000,3500,3000,9500,9534
2023-03-29,2023,Marzo,Miércoles,La Floresta,1000,2000,3500,2000,8500,8393
2023-03-29,2023,Marzo,Miércoles,Los Cedros,1000,2000,3500,3000,9500,9455
2023-03-29,2023,Marzo,Miércoles,Palermo,1000,2000,3500,1000,7500,7460
2023-03-29,2023,Marzo,Miércoles,Santa Ana,1000,2000,3500,5000,11500,11578
2023-03-30,2023,Marzo,Jueves,Córdoba,1000,2000,3000,3000,9000,8876
2023-03-30,2023,Marzo,Jueves,La Floresta,1000,2000,3000,2000,8000,8158
2023-03-30,2023,Marzo,Jueves,Los Cedros,1000,2000,3000,3000,9000,9038
2023-03-30,2023,Marzo,Jueves,Palermo,1000,2000,3000,1000,7000,6833
2023-03-30,2023,Marzo,Jueves,Santa Ana,1000,2000,3000,5000,11000,11097
2023-03-31,2023,Marzo,Viernes,Córdoba,1000,2000,2000,3000,8000,7993
2023-03-31,2023,Marzo,Viernes,La Floresta,1000,2000,2000,2000,7000,7146
2023-03-31,2023,Marzo,Viernes,Los Cedros,1000,2000,2000,3000,8000,8061
2023-03-31,2023,Marzo,Viernes,Palermo,1000,2000,2000,1000,6000,6036
2023-03-31,2023,Marzo,Viernes,Santa Ana,1000,2000,2000,5000,10000,10038
2023-04-01,2023,Abril,Sábado,Córdoba,1000,2000,1000,3000,7000,7039
2023-04-01,2023,Abril,Sábado,La Floresta,1000,2000,1000,2000,6000,6040
2023-04-01,2023,Abril,Sábado,Los Cedros,1000,2000,1000,3000,7000,6783
2023-04-01,2023,Abril,Sábado,Palermo,1000,2000,1000,1000,5000,5103
2023-04-01,2023,Abril,Sábado,Santa Ana,1000,2000,1000,5000,9000,8957
2023-04-02,2023,Abril,Domingo,Córdoba,1000,2000,1000,3000,7000,6981
2023-04-02,2023,Abril,Domingo,La Floresta,1000,2000,1000,2000,6000,6056
2023-04-02,2023,Abril,Domingo,Los Cedros,1000,2000,1000,3000,7000,7015
2023-04-02,2023,Abril,Domingo,Palermo,1000,2000,1000,1000,5000,5002
2023-04-02,2023,Abril,Domingo,Santa Ana,1000,2000,1000,5000,9000,9209
2023-04-03,2023,Abril,Lunes,Córdoba,1000,2000,2000,3000,8000,7914
2023-04-03,2023,Abril,Lunes,La Floresta,1000,2000,2000,2000,7000,6986
2023-04-03,2023,Abril,Lunes,Los Cedros,1000,2000,2000,3000,8000,7857
2023-04-03,2023,Abril,Lunes,Palermo,1000,2000,2000,1000,6000,6035
2023-04-03,2023,Abril,Lunes,Santa Ana,1000,2000,2000,5000,10000,9954
2023-04-04,2023,Abril,Martes,Córdoba,1000,2000,3000,3000,9000,9153
2023-04-04,2023,Abril,Martes,La Floresta,1000,2000,3000,2000,8000,8044
2023-04-04,2023,Abril,Martes,Los Cedros,1000,2000,3000,3000,9000,8936
2023-04-04,2023,Abril,Martes,Palermo,1000,2000,3000,1000,7000,6946
2023-04-04,2023,Abril,Martes,Santa Ana,1000,2000,3000,5000,11000,11130
2023-04-05,2023,Abril,Miércoles,Córdoba,1000,2000,3500,3000,9500,9629
2023-04-05,2023,Abril,Miércoles,La Floresta,1000,2000,3500,2000,8500,8717
2023-04-05,2023,Abril,Miércoles,Los Cedros,1000,2000,3500,3000,9500,9428
2023-04-05,2023,Abril,Miércoles,Palermo,1000,2000,3500,1000,7500,7475
2023-04-05,2023,Abril,Miércoles,Santa Ana,1000,2000,3500,5000,11500,11513
2023-04-06,2023,Abril,Jueves,Córdoba,1000,2000,3000,3000,9000,8926
2023-04-06,2023,Abril,Jueves,La Floresta,1000,2000,3000,2000,8000,8107
2023-04-06,2023,Abril,Jueves,Los Cedros,1000,2000,3000,3000,9000,9012
2023-04-06,2023,Abril,Jueves,Palermo,1000,2000,3000,1000,7000,7032
2023-04-06,2023,Abril,Jueves,Santa Ana,1000,2000,3000,5000,11000,10983
2023-04-07,2023,Abril,Viernes,Córdoba,1000,2000,2000,3000,8000,7944
2023-04-07,2023,Abril,Viernes,La Floresta,1000,2000,2000,2000,7000,7068
2023-04-07,2023,Abril,Viernes,Los Cedros,1000,2000,2000,3000,8000,7995
2023-04-07,2023,Abril,Viernes,Palermo,1000,2000,2000,1000,6000,5938
2023-04-07,2023,Abril,Viernes,Santa Ana,1000,2000,2000,5000,10000,10177
2023-04-08,2023,Abril,Sábado,Córdoba,1000,2000,1000,3000,7000,6896
2023-04-08,2023,Abril,Sábado,La Floresta,1000,2000,1000,2000,6000,5932
2023-04-08,2023,Abril,Sábado,Los Cedros,1000,2000,1000,3000,7000,7104
2023-04-08,2023,Abril,Sábado,Palermo,1000,2000,1000,1000,5000,5066
2023-04-08,2023,Abril,Sábado,Santa Ana,1000,2000,1000,5000,9000,9023
2023-04-09,2023,Abril,Domingo,Córdoba,1000,2000,1000,3000,7000,6942
2023-04-09,2023,Abril,Domingo,La Floresta,1000,2000,1000,2000,6000,5910
2023-04-09,2023,Abril,Domingo,Los Cedros,1000,2000,1000,3000,7000,7029
2023-04-09,2023,Abril,Domingo,Palermo,1000,2000,1000,1000,5000,4912
2023-04-09,2023,Abril,Domingo,Santa Ana,1000,2000,1000,5000,9000,8868
2023-04-10,2023,Abril,Lunes,Córdoba,1000,2000,2000,3000,8000,7860
2023-04-10,2023,Abril,Lunes,La Floresta,1000,2000,2000,2000,7000,7091
2023-04-10,2023,Abril,Lunes,Los Cedros,1000,2000,2000,3000,8000,7981
2023-04-10,2023,Abril,Lunes,Palermo,1000,2000,2000,1000,6000,6000
2023-04-10,2023,Abril,Lunes,Santa Ana,1000,2000,2000,5000,10000,10048
2023-04-11,2023,Abril,Martes,Córdoba,1000,2000,3000,3000,9000,8977
2023-04-11,2023,Abril,Martes,La Floresta,1000,2000,3000,2000,8000,7801
2023-04-11,2023,Abril,Martes,Los Cedros,1000,2000,3000,3000,9000,8960
2023-04-11,2023,Abril,Martes,Palermo,1000,2000,3000,1000,7000,7091
2023-04-11,2023,Abril,Martes,Santa Ana,1000,2000,3000,5000,11000,10988
2023-04-12,2023,Abril,Miércoles,Córdoba,1000,2000,3500,3000,9500,9509
2023-04-12,2023,Abril,Miércoles,La Floresta,1000,2000,3500,2000,8500,8498
2023-04-12,2023,Abril,Miércoles,Los Cedros,1000,2000,3500,3000,9500,9382
2023-04-12,2023,Abril,Miércoles,Palermo,1000,2000,3500,1000,7500,7366
2023-04-12,2023,Abril,Miércoles,Santa Ana,1000,2000,3500,5000,11500,11581
2023-04-13,2023,Abril,Jueves,Córdoba,1000,2000,3000,3000,9000,9099
2023-04-13,2023,Abril,Jueves,La Floresta,1000,2000,3000,2000,8000,7984
2023-04-13,2023,Abril,Jueves,Los Cedros,1000,2000,3000,3000,9000,9099
2023-04-13,2023,Abril,Jueves,Palermo,1000,2000,3000,1000,7000,6900
2023-04-13,2023,Abril,Jueves,Santa Ana,1000,2000,3000,5000,11000,10770
2023-04-14,2023,Abril,Viernes,Córdoba,1000,2000,2000,3000,8000,7991
2023-04-14,2023,Abril,Viernes,La Floresta,1000,2000,2000,2000,7000,6975
2023-04-14,2023,Abril,Viernes,Los Cedros,1000,2000,2000,3000,8000,7934
2023-04-14,2023,Abril,Viernes,Palermo,1000,2000,2000,1000,6000,6001
2023-04-14,2023,Abril,Viernes,Santa Ana,1000,2000,2000,5000,10000,10103
2023-04-15,2023,Abril,Sábado,Córdoba,1000,2000,1000,3000,7000,6976
2023-04-15,2023,Abril,Sábado,La Floresta,1000,2000,1000,2000,6000,6059
2023-04-15,2023,Abril,Sábado,Los Cedros,1000,2000,1000,3000,7000,6862
2023-04-15,2023,Abril,Sábado,Palermo,1000,2000,1000,1000,5000,4925
2023-04-15,2023,Abril,Sábado,Santa Ana,1000,2000,1000,5000,9000,8917
2023-04-16,2023,Abril,Domingo,Córdoba,1000,2000,1000,3000,7000,6947
2023-04-16,2023,Abril,Domingo,La Floresta,1000,2000,1000,2000,6000,5989
2023-04-16,2023,Abril,Domingo,Los Cedros,1000,2000,1000,3000,7000,7110
2023-04-16,2023,Abril,Domingo,Palermo,1000,2000,1000,1000,5000,4939
2023-04-16,2023,Abril,Domingo,Santa Ana,1000,2000,1000,5000,9000,8881
2023-04-17,2023,Abril,Lunes,Córdoba,1000,2000,2000,3000,8000,7935
2023-04-17,2023,Abril,Lunes,La Floresta,1000,2000,2000,2000,7000,7090
2023-04-17,2023,Abril,Lunes,Los Cedros,1000,2000,2000,3000,8000,7693
2023-04-17,2023,Abril,Lunes,Palermo,1000,2000,2000,1000,6000,6022
2023-04-17,2023,Abril,Lunes,Santa Ana,1000,2000,2000,5000,10000,10019
2023-04-18,2023,Abril,Martes,Córdoba,1000,2000,3000,3000,9000,9049
2023-04-18,2023,Abril,Martes,La Floresta,1000,2000,3000,2000,8000,8015
2023-04-18,2023,Abril,Martes,Los Cedros,1000,2000,3000,3000,9000,8935
2023-04-18,2023,Abril,Martes,Palermo,1000,2000,3000,1000,7000,6954
2023-04-18,2023,Abril,Martes,Santa Ana,1000,2000,3000,5000,11000,11083
2023-04-19,2023,Abril,Miércoles,Córdoba,1000,2000,3500,3000,9500,9413
2023-04-19,2023,Abril,Miércoles,La Floresta,1000,2000,3500,2000,8500,8401
2023-04-19,2023,Abril,Miércoles,Los Cedros,1000,2000,3500,3000,9500,9492
2023-04-19,2023,Abril,Miércoles,Palermo,1000,2000,3500,1000,7500,7669
2023-04-19,2023,Abril,Miércoles,Santa Ana,1000,2000,3500,5000,11500,11657
2023-04-20,2023,Abril,Jueves,Córdoba,1000,2000,3000,3000,9000,9117
2023-04-20,2023,Abril,Jueves,La Floresta,1000,2000,3000,2000,8000,7920
2023-04-20,2023,Abril,Jueves,Los Cedros,1000,2000,3000,3000,9000,8913
2023-04-20,2023,Abril,Jueves,Palermo,1000,2000,3000,1000,7000,6912
2023-04-20,2023,Abril,Jueves,Santa Ana,1000,2000,3000,5000,11000,10898
2023-04-21,2023,Abril,Viernes,Córdoba,1000,2000,2000,3000,8000,7864
2023-04-21,2023,Abril,Viernes,La Floresta,1000,2000,2000,2000,7000,6965
2023-04-21,2023,Abril,Viernes,Los Cedros,1000,2000,2000,3000,8000,8028
2023-04-21,2023,Abril,Viernes,Palermo,1000,2000,2000,1000,6000,6110
2023-04-21,2023,Abril,Viernes,Santa Ana,1000,2000,2000,5000,10000,9960
2023-04-22,2023,Abril,Sábado,Córdoba,1000,2000,1000,3000,7000,6957
2023-04-22,2023,Abril,Sábado,La Floresta,1000,2000,1000,2000,6000,5896
2023-04-22,2023,Abril,Sábado,Los Cedros,1000,2000,1000,3000,7000,7065
2023-04-22,2023,Abril,Sábado,Palermo,1000,2000,1000,1000,5000,4827
2023-04-22,2023,Abril,Sábado,Santa Ana,1000,2000,1000,5000,9000,8868
2023-04-23,2023,Abril,Domingo,Córdoba,1000,2000,1000,3000,7000,6918
2023-04-23,2023,Abril,Domingo,La Floresta,1000,2000,1000,2000,6000,6000
2023-04-23,2023,Abril,Domingo,Los Cedros,1000,2000,1000,3000,7000,6975
2023-04-23,2023,Abril,Domingo,Palermo,1000,2000,1000,1000,5000,4907
2023-04-23,2023,Abril,Domingo,Santa Ana,1000,2000,1000,5000,9000,9021
2023-04-24,2023,Abril,Lunes,Córdoba,1000,2000,2000,3000,8000,7972
2023-04-24,2023,Abril,Lunes,La Floresta,1000,2000,2000,2000,7000,6966
2023-04-24,2023,Abril,Lunes,Los Cedros,1000,2000,2000,3000,8000,7983
2023-04-24,2023,Abril,Lunes,Palermo,1000,2000,2000,1000,6000,6140
2023-04-24,2023,Abril,Lunes,Santa Ana,1000,2000,2000,5000,10000,10127
2023-04-25,2023,Abril,Martes,Córdoba,1000,2000,3000,3000,9000,8852
2023-04-25,2023,Abril,Martes,La Floresta,1000,2000,3000,2000,8000,7990
2023-04-25,2023,Abril,Martes,Los Cedros,1000,2000,3000,3000,9000,9014
2023-04-25,2023,Abril,Martes,Palermo,1000,2000,3000,1000,7000,6962
2023-04-25,2023,Abril,Martes,Santa Ana,1000,2000,3000,5000,11000,10985
2023-04-26,2023,Abril,Miércoles,Córdoba,1000,2000,3500,3000,9500,9470
2023-04-26,2023,Abril,Miércoles,La Floresta,1000,2000,3500,2000,8500,8418
2023-04-26,2023,Abril,Miércoles,Los Cedros,1000,2000,3500,3000,9500,9576
2023-04-26,2023,Abril,Miércoles,Palermo,1000,2000,3500,1000,7500,7524
2023-04-26,2023,Abril,Miércoles,Santa Ana,1000,2000,3500,5000,11500,11571
2023-04-27,2023,Abril,Jueves,Córdoba,1000,2000,3000,3000,9000,8953
2023-04-27,2023,Abril,Jueves,La Floresta,1000,2000,3000,2000,8000,8016
2023-04-27,2023,Abril,Jueves,Los Cedros,1000,2000,3000,3000,9000,9070
2023-04-27,2023,Abril,Jueves,Palermo,1000,2000,3000,1000,7000,6999
2023-04-27,2023,Abril,Jueves,Santa Ana,1000,2000,3000,5000,11000,11023
2023-04-28,2023,Abril,Viernes,Córdoba,1000,2000,2000,3000,8000,7910
2023-04-28,2023,Abril,Viernes,La Floresta,1000,2000,2000,2000,7000,6942
2023-04-28,2023,Abril,Viernes,Los Cedros,1000,2000,2000,3000,8000,8076
2023-04-28,2023,Abril,Viernes,Palermo,1000,2000,2000,1000,6000,6008
2023-04-28,2023,Abril,Viernes,Santa Ana,1000,2000,2000,5000,10000,9963
2023-04-29,2023,Abril,Sábado,Córdoba,1000,2000,1000,3000,7000,6980
2023-04-29,2023,Abril,Sábado,La Floresta,1000,2000,1000,2000,6000,5883
2023-04-29,2023,Abril,Sábado,Los Cedros,1000,2000,1000,3000,7000,6996
2023-04-29,2023,Abril,Sábado,Palermo,1000,2000,1000,1000,5000,4985
2023-04-29,2023,Abril,Sábado,Santa Ana,1000,2000,1000,5000,9000,9128
2023-04-30,2023,Abril,Domingo,Córdoba,1000,2000,1000,3000,7000,7047
2023-04-30,2023,Abril,Domingo,La Floresta,1000,2000,1000,2000,6000,5950
2023-04-30,2023,Abril,Domingo,Los Cedros,1000,2000,1000,3000,7000,7111
2023-04-30,2023,Abril,Domingo,Palermo,1000,2000,1000,1000,5000,5004
2023-04-30,2023,Abril,Domingo,Santa Ana,1000,2000,1000,5000,9000,9088
2023-05-01,2023,Mayo,Lunes,Córdoba,1000,2500,2000,3000,8500,8408
2023-05-01,2023,Mayo,Lunes,La Floresta,1000,2500,2000,2000,7500,7529
2023-05-01,2023,Mayo,Lunes,Los Cedros,1000,2500,2000,3000,8500,8490
2023-05-01,2023,Mayo,Lunes,Palermo,1000,2500,2000,1000,6500,6428
2023-05-01,2023,Mayo,Lunes,Santa Ana,1000,2500,2000,5000,10500,10550
2023-05-02,2023,Mayo,Martes,Córdoba,1000,2500,3000,3000,9500,9481
2023-05-02,2023,Mayo,Martes,La Floresta,1000,2500,3000,2000,8500,8475
2023-05-02,2023,Mayo,Martes,Los Cedros,1000,2500,3000,3000,9500,9543
2023-05-02,2023,Mayo,Martes,Palermo,1000,2500,3000,1000,7500,7533
2023-05-02,2023,Mayo,Martes,Santa Ana,1000,2500,3000,5000,11500,11334
2023-05-03,2023,Mayo,Miércoles,Córdoba,1000,2500,3500,3000,10000,10196
2023-05-03,2023,Mayo,Miércoles,La Floresta,1000,2500,3500,2000,9000,9242
2023-05-03,2023,Mayo,Miércoles,Los Cedros,1000,2500,3500,3000,10000,10061
2023-05-03,2023,Mayo,Miércoles,Palermo,1000,2500,3500,1000,8000,8138
2023-05-03,2023,Mayo,Miércoles,Santa Ana,1000,2500,3500,5000,12000,12011
2023-05-04,2023,Mayo,Jueves,Córdoba,1000,2500,3000,3000,9500,9485
2023-05-04,2023,Mayo,Jueves,La Floresta,1000,2500,3000,2000,8500,8602
2023-05-04,2023,Mayo,Jueves,Los Cedros,1000,2500,3000,3000,9500,9509
2023-05-04,2023,Mayo,Jueves,Palermo,1000,2500,3000,1000,7500,7516
2023-05-04,2023,Mayo,Jueves,Santa Ana,1000,2500,3000,5000,11500,11352
2023-05-05,2023,Mayo,Viernes,Córdoba,1000,2500,2000,3000,8500,8512
2023-05-05,2023,Mayo,Viernes,La Floresta,1000,2500,2000,2000,7500,7743
2023-05-05,2023,Mayo,Viernes,Los Cedros,1000,2500,2000,3000,8500,8618
2023-05-05,2023,Mayo,Viernes,Palermo,1000,2500,2000,1000,6500,6394
2023-05-05,2023,Mayo,Viernes,Santa Ana,1000,2500,2000,5000,10500,10398
2023-05-06,2023,Mayo,Sábado,Córdoba,1000,2500,1000,3000,7500,7360
2023-05-06,2023,Mayo,Sábado,La Floresta,1000,2500,1000,2000,6500,6549
2023-05-06,2023,Mayo,Sábado,Los Cedros,1000,2500,1000,3000,7500,7489
2023-05-06,2023,Mayo,Sábado,Palermo,1000,2500,1000,1000,5500,5470
2023-05-06,2023,Mayo,Sábado,Santa Ana,1000,2500,1000,5000,9500,9647
2023-05-07,2023,Mayo,Domingo,Córdoba,1000,2500,1000,3000,7500,7430
2023-05-07,2023,Mayo,Domingo,La Floresta,1000,2500,1000,2000,6500,6651
2023-05-07,2023,Mayo,Domingo,Los Cedros,1000,2500,1000,3000,7500,7255
2023-05-07,2023,Mayo,Domingo,Palermo,1000,2500,1000,1000,5500,5435
2023-05-07,2023,Mayo,Domingo,Santa Ana,1000,2500,1000,5000,9500,9585
2023-05-08,2023,Mayo,Lunes,Córdoba,1000,2500,2000,3000,8500,8588
2023-05-08,2023,Mayo,Lunes,La Floresta,1000,2500,2000,2000,7500,7416
2023-05-08,2023,Mayo,Lunes,Los Cedros,1000,2500,2000,3000,8500,8651
2023-05-08,2023,Mayo,Lunes,Palermo,1000,2500,2000,1000,6500,6529
2023-05-08,2023,Mayo,Lunes,Santa Ana,1000,2500,2000,5000,10500,10381
2023-05-09,2023,Mayo,Martes,Córdoba,1000,2500,3000,3000,9500,9400
2023-05-09,2023,Mayo,Martes,La Floresta,1000,2500,3000,2000,8500,8422
2023-05-09,2023,Mayo,Martes,Los Cedros,1000,2500,3000,3000,9500,9710
2023-05-09,2023,Mayo,Martes,Palermo,1000,2500,3000,1000,7500,7572
2023-05-09,2023,Mayo,Martes,Santa Ana,1000,2500,3000,5000,11500,11453
2023-05-10,2023,Mayo,Miércoles,Córdoba,1000,2500,3500,3000,10000,9855
2023-05-10,2023,Mayo,Miércoles,La Floresta,1000,2500,3500,2000,9000,8982
2023-05-10,2023,Mayo,Miércoles,Los Cedros,1000,2500,3500,3000,10000,10066
2023-05-10,2023,Mayo,Miércoles,Palermo,1000,2500,3500,1000,8000,8176
2023-05-10,2023,Mayo,Miércoles,Santa Ana,1000,2500,3500,5000,12000,12049
2023-05-11,2023,Mayo,Jueves,Córdoba,1000,2500,3000,3000,9500,9526
2023-05-11,2023,Mayo,Jueves,La Floresta,1000,2500,3000,2000,8500,8483
2023-05-11,2023,Mayo,Jueves,Los Cedros,1000,2500,3000,3000,9500,9496
2023-05-11,2023,Mayo,Jueves,Palermo,1000,2500,3000,1000,7500,7481
2023-05-11,2023,Mayo,Jueves,Santa Ana,1000,2500,3000,5000,11500,11506
2023-05-12,2023,Mayo,Viernes,Córdoba,1000,2500,2000,3000,8500,8481
2023-05-12,2023,Mayo,Viernes,La Floresta,1000,2500,2000,2000,7500,7629
2023-05-12,2023,Mayo,Viernes,Los Cedros,1000,2500,2000,3000,8500,8313
2023-05-12,2023,Mayo,Viernes,Palermo,1000,2500,2000,1000,6500,6535
2023-05-12,2023,Mayo,Viernes,Santa Ana,1000,2500,2000,5000,10500,10541
2023-05-13,2023,Mayo,Sábado,Córdoba,1000,2500,1000,3000,7500,7587
2023-05-13,2023,Mayo,Sábado,La Floresta,1000,2500,1000,2000,6500,6464
2023-05-13,2023,Mayo,Sábado,Los Cedros,1000,2500,1000,3000,7500,7543
2023-05-13,2023,Mayo,Sábado,Palermo,1000,2500,1000,1000,5500,5472
2023-05-13,2023,Mayo,Sábado,Santa Ana,1000,2500,1000,5000,9500,9618
2023-05-14,2023,Mayo,Domingo,Córdoba,1000,2500,1000,3000,7500,7627
2023-05-14,2023,Mayo,Domingo,La Floresta,1000,2500,1000,2000,6500,6428
2023-05-14,2023,Mayo,Domingo,Los Cedros,1000,2500,1000,3000,7500,7388
2023-05-14,2023,Mayo,Domingo,Palermo,1000,2500,1000,1000,5500,5527
2023-05-14,2023,Mayo,Domingo,Santa Ana,1000,2500,1000,5000,9500,9569
2023-05-15,2023,Mayo,Lunes,Córdoba,1000,2500,2000,3000,8500,8557
2023-05-15,2023,Mayo,Lunes,La Floresta,1000,2500,2000,2000,7500,7400
2023-05-15,2023,Mayo,Lunes,Los Cedros,1000,2500,2000,3000,8500,8443
2023-05-15,2023,Mayo,Lunes,Palermo,1000,2500,2000,1000,6500,6611
2023-05-15,2023,Mayo,Lunes,Santa Ana,1000,2500,2000,5000,10500,10354
2023-05-16,2023,Mayo,Martes,Córdoba,1000,2500,3000,3000,9500,9319
2023-05-16,2023,Mayo,Martes,La Floresta,1000,2500,3000,2000,8500,8390
2023-05-16,2023,Mayo,Martes,Los Cedros,1000,2500,3000,3000,9500,9445
2023-05-16,2023,Mayo,Martes,Palermo,1000,2500,3000,1000,7500,7512
2023-05-16,2023,Mayo,Martes,Santa Ana,1000,2500,3000,5000,11500,11456
2023-05-17,2023,Mayo,Miércoles,Córdoba,1000,2500,3500,3000,10000,9991
2023-05-17,2023,Mayo,Miércoles,La Floresta,1000,2500,3500,2000,9000,9096
2023-05-17,2023,Mayo,Miércoles,Los Cedros,1000,2500,3500,3000,10000,10104
2023-05-17,2023,Mayo,Miércoles,Palermo,1000,2500,3500,1000,8000,7964
2023-05-17,2023,Mayo,Miércoles,Santa Ana,1000,2500,3500,5000,12000,12096
2023-05-18,2023,Mayo,Jueves,Córdoba,1000,2500,3000,3000,9500,9421
2023-05-18,2023,Mayo,Jueves,La Floresta,1000,2500,3000,2000,8500,8450
2023-05-18,2023,Mayo,Jueves,Los Cedros,1000,2500,3000,3000,9500,9374
2023-05-18,2023,Mayo,Jueves,Palermo,1000,2500,3000,1000,7500,7450
2023-05-18,2023,Mayo,Jueves,Santa Ana,1000,2500,3000,5000,11500,11415
2023-05-19,2023,Mayo,Viernes,Córdoba,1000,2500,2000,3000,8500,8342
2023-05-19,2023,Mayo,Viernes,La Floresta,1000,2500,2000,2000,7500,7536
2023-05-19,2023,Mayo,Viernes,Los Cedros,1000,2500,2000,3000,8500,8632
2023-05-19,2023,Mayo,Viernes,Palermo,1000,2500,2000,1000,6500,6574
2023-05-19,2023,Mayo,Viernes,Santa Ana,1000,2500,2000,5000,10500,10690
2023-05-20,2023,Mayo,Sábado,Córdoba,1000,2500,1000,3000,7500,7580
2023-05-20,2023,Mayo,Sábado,La Floresta,1000,2500,1000,2000,6500,6479
2023-05-20,2023,Mayo,Sábado,Los Cedros,1000,2500,1000,3000,7500,7513
2023-05-20,2023,Mayo,Sábado,Palermo,1000,2500,1000,1000,5500,5393
2023-05-20,2023,Mayo,Sábado,Santa Ana,1000,2500,1000,5000,9500,9494
2023-05-21,2023,Mayo,Domingo,Córdoba,1000,2500,1000,3000,7500,7448
2023-05-21,2023,Mayo,Domingo,La Floresta,1000,2500,1000,2000,6500,6477
2023-05-21,2023,Mayo,Domingo,Los Cedros,1000,2500,1000,3000,7500,7526
2023-05-21,2023,Mayo,Domingo,Palermo,1000,2500,1000,1000,5500,5466
2023-05-21,2023,Mayo,Domingo,Santa Ana,1000,2500,1000,5000,9500,9640
2023-05-22,2023,Mayo,Lunes,Córdoba,1000,2500,2000,3000,8500,8592
2023-05-22,2023,Mayo,Lunes,La Floresta,1000,2500,2000,2000,7500,7695
2023-05-22,2023,Mayo,Lunes,Los Cedros,1000,2500,2000,3000,8500,8601
2023-05-22,2023,Mayo,Lunes,Palermo,1000,2500,2000,1000,6500,6421
2023-05-22,2023,Mayo,Lunes,Santa Ana,1000,2500,2000,5000,10500,10401
2023-05-23,2023,Mayo,Martes,Córdoba,1000,2500,3000,3000,9500,9481
2023-05-23,2023,Mayo,Martes,La Floresta,1000,2500,3000,2000,8500,8548
2023-05-23,2023,Mayo,Martes,Los Cedros,1000,2500,3000,3000,9500,9421
2023-05-23,2023,Mayo,Martes,Palermo,1000,2500,3000,1000,7500,7744
2023-05-23,2023,Mayo,Martes,Santa Ana,1000,2500,3000,5000,11500,11676
2023-05-24,2023,Mayo,Miércoles,Córdoba,1000,2500,3500,3000,10000,10099
2023-05-24,2023,Mayo,Miércoles,La Floresta,1000,2500,3500,2000,9000,9080
2023-05-24,2023,Mayo,Miércoles,Los Cedros,1000,2500,3500,3000,10000,10110
2023-05-24,2023,Mayo,Miércoles,Palermo,1000,2500,3500,1000,8000,7918
2023-05-24,2023,Mayo,Miércoles,Santa Ana,1000,2500,3500,5000,12000,11918
2023-05-25,2023,Mayo,Jueves,Córdoba,1000,2500,3000,3000,9500,9540
2023-05-25,2023,Mayo,Jueves,La Floresta,1000,2500,3000,2000,8500,8466
2023-05-25,2023,Mayo,Jueves,Los Cedros,1000,2500,3000,3000,9500,9406
2023-05-25,2023,Mayo,Jueves,Palermo,1000,2500,3000,1000,7500,7495
2023-05-25,2023,Mayo,Jueves,Santa Ana,1000,2500,3000,5000,11500,11468
2023-05-26,2023,Mayo,Viernes,Córdoba,1000,2500,2000,3000,8500,8407
2023-05-26,2023,Mayo,Viernes,La Floresta,1000,2500,2000,2000,7500,7433
2023-05-26,2023,Mayo,Viernes,Los Cedros,1000,2500,2000,3000,8500,8571
2023-05-26,2023,Mayo,Viernes,Palermo,1000,2500,2000,1000,6500,6493
2023-05-26,2023,Mayo,Viernes,Santa Ana,1000,2500,2000,5000,10500,10472
2023-05-27,2023,Mayo,Sábado,Córdoba,1000,2500,1000,3000,7500,7683
2023-05-27,2023,Mayo,Sábado,La Floresta,1000,2500,1000,2000,6500,6628
2023-05-27,2023,Mayo,Sábado,Los Cedros,1000,2500,1000,3000,7500,7439
2023-05-27,2023,Mayo,Sábado,Palermo,1000,2500,1000,1000,5500,5445
2023-05-27,2023,Mayo,Sábado,Santa Ana,1000,2500,1000,5000,9500,9439
2023-05-28,2023,Mayo,Domingo,Córdoba,1000,2500,1000,3000,7500,7646
2023-05-28,2023,Mayo,Domingo,La Floresta,1000,2500,1000,2000,6500,6477
2023-05-28,2023,Mayo,Domingo,Los Cedros,1000,2500,1000,3000,7500,7403
2023-05-28,2023,Mayo,Domingo,Palermo,1000,2500,1000,1000,5500,5565
2023-05-28,2023,Mayo,Domingo,Santa Ana,1000,2500,1000,5000,9500,9417
2023-05-29,2023,Mayo,Lunes,Córdoba,1000,2500,2000,3000,8500,8623
2023-05-29,2023,Mayo,Lunes,La Floresta,1000,2500,2000,2000,7500,7450
2023-05-29,2023,Mayo,Lunes,Los Cedros,1000,2500,2000,3000,8500,8573
2023-05-29,2023,Mayo,Lunes,Palermo,1000,2500,2000,1000,6500,6555
2023-05-29,2023,Mayo,Lunes,Santa Ana,1000,2500,2000,5000,10500,10620
2023-05-30,2023,Mayo,Martes,Córdoba,1000,2500,3000,3000,9500,9523
2023-05-30,2023,Mayo,Martes,La Floresta,1000,2500,3000,2000,8500,8570
2023-05-30,2023,Mayo,Martes,Los Cedros,1000,2500,3000,3000,9500,9366
2023-05-30,2023,Mayo,Martes,Palermo,1000,2500,3000,1000,7500,7501
2023-05-30,2023,Mayo,Martes,Santa Ana,1000,2500,3000,5000,11500,11579
2023-05-31,2023,Mayo,Miércoles,Córdoba,1000,2500,3500,3000,10000,9957
2023-05-31,2023,Mayo,Miércoles,La Floresta,1000,2500,3500,2000,9000,8927
2023-05-31,2023,Mayo,Miércoles,Los Cedros,1000,2500,3500,3000,10000,10052
2023-05-31,2023,Mayo,Miércoles,Palermo,1000,2500,3500,1000,8000,7911
2023-05-31,2023,Mayo,Miércoles,Santa Ana,1000,2500,3500,5000,12000,12098
2023-06-01,2023,Junio,Jueves,Córdoba,1000,2500,3000,3000,9500,9443
2023-06-01,2023,Junio,Jueves,La Floresta,1000,2500,3000,2000,8500,8355
2023-06-01,2023,Junio,Jueves,Los Cedros,1000,2500,3000,3000,9500,9630
2023-06-01,2023,Junio,Jueves,Palermo,1000,2500,3000,1000,7500,7578
2023-06-01,2023,Junio,Jueves,Santa Ana,1000,2500,3000,5000,11500,11492
2023-06-02,2023,Junio,Viernes,Córdoba,1000,2500,2000,3000,8500,8459
2023-06-02,2023,Junio,Viernes,La Floresta,1000,2500,2000,2000,7500,7540
2023-06-02,2023,Junio,Viernes,Los Cedros,1000,2500,2000,3000,8500,8558
2023-06-02,2023,Junio,Viernes,Palermo,1000,2500,2000,1000,6500,6499
2023-06-02,2023,Junio,Viernes,Santa Ana,1000,2500,2000,5000,10500,10451
2023-06-03,2023,Junio,Sábado,Córdoba,1000,2500,1000,3000,7500,7508
2023-06-03,2023,Junio,Sábado,La Floresta,1000,2500,1000,2000,6500,6561
2023-06-03,2023,Junio,Sábado,Los Cedros,1000,2500,1000,3000,7500,7610
2023-06-03,2023,Junio,Sábado,Palermo,1000,2500,1000,1000,5500,5604
2023-06-03,2023,Junio,Sábado,Santa Ana,1000,2500,1000,5000,9500,9709
2023-06-04,2023,Junio,Domingo,Córdoba,1000,2500,1000,3000,7500,7535
2023-06-04,2023,Junio,Domingo,La Floresta,1000,2500,1000,2000,6500,6550
2023-06-04,2023,Junio,Domingo,Los Cedros,1000,2500,1000,3000,7500,7564
2023-06-04,2023,Junio,Domingo,Palermo,1000,2500,1000,1000,5500,5495
2023-06-04,2023,Junio,Domingo,Santa Ana,1000,2500,1000,5000,9500,9424
2023-06-05,2023,Junio,Lunes,Córdoba,1000,2500,2000,3000,8500,8417
2023-06-05,2023,Junio,Lunes,La Floresta,1000,2500,2000,2000,7500,7462
2023-06-05,2023,Junio,Lunes,Los Cedros,1000,2500,2000,3000,8500,8642
2023-06-05,2023,Junio,Lunes,Palermo,1000,2500,2000,1000,6500,6460
2023-06-05,2023,Junio,Lunes,Santa Ana,1000,2500,2000,5000,10500,10645
2023-06-06,2023,Junio,Martes,Córdoba,1000,2500,3000,3000,9500,9539
2023-06-06,2023,Junio,Martes,La Floresta,1000,2500,3000,2000,8500,8382
2023-06-06,2023,Junio,Martes,Los Cedros,1000,2500,3000,3000,9500,9522
2023-06-06,2023,Junio,Martes,Palermo,1000,2500,3000,1000,7500,7533
2023-06-06,2023,Junio,Martes,Santa Ana,1000,2500,3000,5000,11500,11354
2023-06-07,2023,Junio,Miércoles,Córdoba,1000,2500,3500,3000,10000,9923
2023-06-07,2023,Junio,Miércoles,La Floresta,1000,2500,3500,2000,9000,8958
2023-06-07,2023,Junio,Miércoles,Los Cedros,1000,2500,3500,3000,10000,9892
2023-06-07,2023,Junio,Miércoles,Palermo,1000,2500,3500,1000,8000,7935
2023-06-07,2023,Junio,Miércoles,Santa Ana,1000,2500,3500,5000,12000,12069
2023-06-08,2023,Junio,Jueves,Córdoba,1000,2500,3000,3000,9500,9657
2023-06-08,2023,Junio,Jueves,La Floresta,1000,2500,3000,2000,8500,8612
2023-06-08,2023,Junio,Jueves,Los Cedros,1000,2500,3000,3000,9500,9579
2023-06-08,2023,Junio,Jueves,Palermo,1000,2500,3000,1000,7500,7423
2023-06-08,2023,Junio,Jueves,Santa Ana,1000,2500,3000,5000,11500,11447
2023-06-09,2023,Junio,Viernes,Córdoba,1000,2500,2000,3000,8500,8547
2023-06-09,2023,Junio,Viernes,La Floresta,1000,2500,2000,2000,7500,7513
2023-06-09,2023,Junio,Viernes,Los Cedros,1000,2500,2000,3000,8500,8529
2023-06-09,2023,Junio,Viernes,Palermo,1000,2500,2000,1000,6500,6398
2023-06-09,2023,Junio,Viernes,Santa Ana,1000,2500,2000,5000,10500,10520
2023-06-10,2023,Junio,Sábado,Córdoba,1000,2500,1000,3000,7500,7593
2023-06-10,2023,Junio,Sábado,La Floresta,1000,2500,1000,2000,6500,6479
2023-06-10,2023,Junio,Sábado,Los Cedros,1000,2500,1000,3000,7500,7425
2023-06-10,2023,Junio,Sábado,Palermo,1000,2500,1000,1000,5500,5554
2023-06-10,2023,Junio,Sábado,Santa Ana,1000,2500,1000,5000,9500,9324
2023-06-11,2023,Junio,Domingo,Córdoba,1000,2500,1000,3000,7500,7562
2023-06-11,2023,Junio,Domingo,La Floresta,1000,2500,1000,2000,6500,6500
2023-06-11,2023,Junio,Domingo,Los Cedros,1000,2500,1000,3000,7500,7658
2023-06-11,2023,Junio,Domingo,Palermo,1000,2500,1000,1000,5500,5506
2023-06-11,2023,Junio,Domingo,Santa Ana,1000,2500,1000,5000,9500,9578
2023-06-12,2023,Junio,Lunes,Córdoba,1000,2500,2000,3000,8500,8419
2023-06-12,2023,Junio,Lunes,La Floresta,1000,2500,2000,2000,7500,7651
2023-06-12,2023,Junio,Lunes,Los Cedros,1000,2500,2000,3000,8500,8492
2023-06-12,2023,Junio,Lunes,Palermo,1000,2500,2000,1000,6500,6489
2023-06-12,2023,Junio,Lunes,Santa Ana,1000,2500,2000,5000,10500,10504
2023-06-13,2023,Junio,Martes,Córdoba,1000,2500,3000,3000,9500,9419
2023-06-13,2023,Junio,Martes,La Floresta,1000,2500,3000,2000,8500,8399
2023-06-13,2023,Junio,Martes,Los Cedros,1000,2500,3000,3000,9500,9450
2023-06-13,2023,Junio,Martes,Palermo,1000,2500,3000,1000,7500,7478
2023-06-13,2023,Junio,Martes,Santa Ana,1000,2500,3000,5000,11500,11589
2023-06-14,2023,Junio,Miércoles,Córdoba,1000,2500,3500,3000,10000,10040
2023-06-14,2023,Junio,Miércoles,La Floresta,1000,2500,3500,2000,9000,8919
2023-06-14,2023,Junio,Miércoles,Los Cedros,1000,2500,3500,3000,10000,9924
2023-06-14,2023,Junio,Miércoles,Palermo,1000,2500,3500,1000,8000,8021
2023-06-14,2023,Junio,Miércoles,Santa Ana,1000,2500,3500,5000,12000,12000
2023-06-15,2023,Junio,Jueves,Córdoba,1000,2500,3000,3000,9500,9432
2023-06-15,2023,Junio,Jueves,La Floresta,1000,2500,3000,2000,8500,8507
2023-06-15,2023,Junio,Jueves,Los Cedros,1000,2500,3000,3000,9500,9443
2023-06-15,2023,Junio,Jueves,Palermo,1000,2500,3000,1000,7500,7636
2023-06-15,2023,Junio,Jueves,Santa Ana,1000,2500,3000,5000,11500,11704
2023-06-16,2023,Junio,Viernes,Córdoba,1000,2500,2000,3000,8500,8379
2023-06-16,2023,Junio,Viernes,La Floresta,1000,2500,2000,2000,7500,7501
2023-06-16,2023,Junio,Viernes,Los Cedros,1000,2500,2000,3000,8500,8476
2023-06-16,2023,Junio,Viernes,Palermo,1000,2500,2000,1000,6500,6461
2023-06-16,2023,Junio,Viernes,Santa Ana,1000,2500,2000,5000,10500,10514
2023-06-17,2023,Junio,Sábado,Córdoba,1000,2500,1000,3000,7500,7539
2023-06-17,2023,Junio,Sábado,La Floresta,1000,2500,1000,2000,6500,6432
2023-06-17,2023,Junio,Sábado,Los Cedros,1000,2500,1000,3000,7500,7513
2023-06-17,2023,Junio,Sábado,Palermo,1000,2500,1000,1000,5500,5460
2023-06-17,2023,Junio,Sábado,Santa Ana,1000,2500,1000,5000,9500,9615
2023-06-18,2023,Junio,Domingo,Córdoba,1000,2500,1000,3000,7500,7486
2023-06-18,2023,Junio,Domingo,La Floresta,1000,2500,1000,2000,6500,6519
2023-06-18,2023,Junio,Domingo,Los Cedros,1000,2500,1000,3000,7500,7602
2023-06-18,2023,Junio,Domingo,Palermo,1000,2500,1000,1000,5500,5523
2023-06-18,2023,Junio,Domingo,Santa Ana,1000,2500,1000,5000,9500,9311
2023-06-19,2023,Junio,Lunes,Córdoba,1000,2500,2000,3000,8500,8526
2023-06-19,2023,Junio,Lunes,La Floresta,1000,2500,2000,2000,7500,7634
2023-06-19,2023,Junio,Lunes,Los Cedros,1000,2500,2000,3000,8500,8391
2023-06-19,2023,Junio,Lunes,Palermo,1000,2500,2000,1000,6500,6537
2023-06-19,2023,Junio,Lunes,Santa Ana,1000,2500,2000,5000,10500,10598
2023-06-20,2023,Junio,Martes,Córdoba,1000,2500,3000,3000,9500,9541
2023-06-20,2023,Junio,Martes,La Floresta,1000,2500,3000,2000,8500,8494
2023-06-20,2023,Junio,Martes,Los Cedros,1000,2500,3000,3000,9500,9417
2023-06-20,2023,Junio,Martes,Palermo,1000,2500,3000,1000,7500,7463
2023-06-20,2023,Junio,Martes,Santa Ana,1000,2500,3000,5000,11500,11498
2023-06-21,2023,Junio,Miércoles,Córdoba,1000,2500,3500,3000,10000,9914
2023-06-21,2023,Junio,Miércoles,La Floresta,1000,2500,3500,2000,9000,9060
2023-06-21,2023,Junio,Miércoles,Los Cedros,1000,2500,3500,3000,10000,9993
2023-06-21,2023,Junio,Miércoles,Palermo,1000,2500,3500,1000,8000,7931
2023-06-21,2023,Junio,Miércoles,Santa Ana,1000,2500,3500,5000,12000,12094
2023-06-22,2023,Junio,Jueves,Córdoba,1000,2500,3000,3000,9500,9615
2023-06-22,2023,Junio,Jueves,La Floresta,1000,2500,3000,2000,8500,8714
2023-06-22,2023,Junio,Jueves,Los Cedros,1000,2500,3000,3000,9500,9653
2023-06-22,2023,Junio,Jueves,Palermo,1000,2500,3000,1000,7500,7512
2023-06-22,2023,Junio,Jueves,Santa Ana,1000,2500,3000,5000,11500,11474
2023-06-23,2023,Junio,Viernes,Córdoba,1000,2500,2000,3000,8500,8493
2023-06-23,2023,Junio,Viernes,La Floresta,1000,2500,2000,2000,7500,7518
2023-06-23,2023,Junio,Viernes,Los Cedros,1000,2500,2000,3000,8500,8567
2023-06-23,2023,Junio,Viernes,Palermo,1000,2500,2000,1000,6500,6556
2023-06-23,2023,Junio,Viernes,Santa Ana,1000,2500,2000,5000,10500,10534
2023-06-24,2023,Junio,Sábado,Córdoba,1000,2500,1000,3000,7500,7607
2023-06-24,2023,Junio,Sábado,La Floresta,1000,2500,1000,2000,6500,6415
2023-06-24,2023,Junio,Sábado,Los Cedros,1000,2500,1000,3000,7500,7491
2023-06-24,2023,Junio,Sábado,Palermo,1000,2500,1000,1000,5500,5552
2023-06-24,2023,Junio,Sábado,Santa Ana,1000,2500,1000,5000,9500,9568
2023-06-25,2023,Junio,Domingo,Córdoba,1000,2500,1000,3000,7500,7460
2023-06-25,2023,Junio,Domingo,La Floresta,1000,2500,1000,2000,6500,6527
2023-06-25,2023,Junio,Domingo,Los Cedros,1000,2500,1000,3000,7500,7437
2023-06-25,2023,Junio,Domingo,Palermo,1000,2500,1000,1000,5500,5379
2023-06-25,2023,Junio,Domingo,Santa Ana,1000,2500,1000,5000,9500,9616
2023-06-26,2023,Junio,Lunes,Córdoba,1000,2500,2000,3000,8500,8717
2023-06-26,2023,Junio,Lunes,La Floresta,1000,2500,2000,2000,7500,7445
2023-06-26,2023,Junio,Lunes,Los Cedros,1000,2500,2000,3000,8500,8607
2023-06-26,2023,Junio,Lunes,Palermo,1000,2500,2000,1000,6500,6592
2023-06-26,2023,Junio,Lunes,Santa Ana,1000,2500,2000,5000,10500,10493
2023-06-27,2023,Junio,Martes,Córdoba,1000,2500,3000,3000,9500,9379
2023-06-27,2023,Junio,Martes,La Floresta,1000,2500,3000,2000,8500,8497
2023-06-27,2023,Junio,Martes,Los Cedros,1000,2500,3000,3000,9500,9386
2023-06-27,2023,Junio,Martes,Palermo,1000,2500,3000,1000,7500,7297
2023-06-27,2023,Junio,Martes,Santa Ana,1000,2500,3000,5000,11500,11351
2023-06-28,2023,Junio,Miércoles,Córdoba,1000,2500,3500,3000,10000,9988
2023-06-28,2023,Junio,Miércoles,La Floresta,1000,2500,3500,2000,9000,8937
2023-06-28,2023,Junio,Miércoles,Los Cedros,1000,2500,3500,3000,10000,10033
2023-06-28,2023,Junio,Miércoles,Palermo,1000,2500,3500,1000,8000,8039
2023-06-28,2023,Junio,Miércoles,Santa Ana,1000,2500,3500,5000,12000,11973
2023-06-29,2023,Junio,Jueves,Córdoba,1000,2500,3000,3000,9500,9703
2023-06-29,2023,Junio,Jueves,La Floresta,1000,2500,3000,2000,8500,8508
2023-06-29,2023,Junio,Jueves,Los Cedros,1000,2500,3000,3000,9500,9456
2023-06-29,2023,Junio,Jueves,Palermo,1000,2500,3000,1000,7500,7369
2023-06-29,2023,Junio,Jueves,Santa Ana,1000,2500,3000,5000,11500,11606
2023-06-30,2023,Junio,Viernes,Córdoba,1000,2500,2000,3000,8500,8389
2023-06-30,2023,Junio,Viernes,La Floresta,1000,2500,2000,2000,7500,7444
2023-06-30,2023,Junio,Viernes,Los Cedros,1000,2500,2000,3000,8500,8535
2023-06-30,2023,Junio,Viernes,Palermo,1000,2500,2000,1000,6500,6487
2023-06-30,2023,Junio,Viernes,Santa Ana,1000,2500,2000,5000,10500,10530
2023-07-01,2023,Julio,Sábado,Córdoba,1000,3000,1000,3000,8000,8001
2023-07-01,2023,Julio,Sábado,La Floresta,1000,3000,1000,2000,7000,6957
2023-07-01,2023,Julio,Sábado,Los Cedros,1000,3000,1000,3000,8000,7885
2023-07-01,2023,Julio,Sábado,Palermo,1000,3000,1000,1000,6000,6166
2023-07-01,2023,Julio,Sábado,Santa Ana,1000,3000,1000,5000,10000,9987
2023-07-02,2023,Julio,Domingo,Córdoba,1000,3000,1000,3000,8000,7941
2023-07-02,2023,Julio,Domingo,La Floresta,1000,3000,1000,2000,7000,7000
2023-07-02,2023,Julio,Domingo,Los Cedros,1000,3000,1000,3000,8000,7935
2023-07-02,2023,Julio,Domingo,Palermo,1000,3000,1000,1000,6000,6095
2023-07-02,2023,Julio,Domingo,Santa Ana,1000,3000,1000,5000,10000,9978
2023-07-03,2023,Julio,Lunes,Córdoba,1000,3000,2000,3000,9000,9048
2023-07-03,2023,Julio,Lunes,La Floresta,1000,3000,2000,2000,8000,7947
2023-07-03,2023,Julio,Lunes,Los Cedros,1000,3000,2000,3000,9000,8971
2023-07-03,2023,Julio,Lunes,Palermo,1000,3000,2000,1000,7000,7044
2023-07-03,2023,Julio,Lunes,Santa Ana,1000,3000,2000,5000,11000,10967
2023-07-04,2023,Julio,Martes,Córdoba,1000,3000,3000,3000,10000,10152
2023-07-04,2023,Julio,Martes,La Floresta,1000,3000,3000,2000,9000,9061
2023-07-04,2023,Julio,Martes,Los Cedros,1000,3000,3000,3000,10000,9960
2023-07-04,2023,Julio,Martes,Palermo,1000,3000,3000,1000,8000,8018
2023-07-04,2023,Julio,Martes,Santa Ana,1000,3000,3000,5000,12000,11954
2023-07-05,2023,Julio,Miércoles,Córdoba,1000,3000,3500,3000,10500,10505
2023-07-05,2023,Julio,Miércoles,La Floresta,1000,3000,3500,2000,9500,9573
2023-07-05,2023,Julio,Miércoles,Los Cedros,1000,3000,3500,3000,10500,10531
2023-07-05,2023,Julio,Miércoles,Palermo,1000,3000,3500,1000,8500,8457
2023-07-05,2023,Julio,Miércoles,Santa Ana,1000,3000,3500,5000,12500,12351
2023-07-06,2023,Julio,Jueves,Córdoba,1000,3000,3000,3000,10000,9934
2023-07-06,2023,Julio,Jueves,La Floresta,1000,3000,3000,2000,9000,8933
2023-07-06,2023,Julio,Jueves,Los Cedros,1000,3000,3000,3000,10000,9855
2023-07-06,2023,Julio,Jueves,Palermo,1000,3000,3000,1000,8000,7939
2023-07-06,2023,Julio,Jueves,Santa Ana,1000,3000,3000,5000,12000,11886
2023-07-07,2023,Julio,Viernes,Córdoba,1000,3000,2000,3000,9000,9001
2023-07-07,2023,Julio,Viernes,La Floresta,1000,3000,2000,2000,8000,7958
2023-07-07,2023,Julio,Viernes,Los Cedros,1000,3000,2000,3000,9000,8847
2023-07-07,2023,Julio,Viernes,Palermo,1000,3000,2000,1000,7000,6921
2023-07-07,2023,Julio,Viernes,Santa Ana,1000,3000,2000,5000,11000,10963
2023-07-08,2023,Julio,Sábado,Córdoba,1000,3000,1000,3000,8000,7949
2023-07-08,2023,Julio,Sábado,La Floresta,1000,3000,1000,2000,7000,7068
2023-07-08,2023,Julio,Sábado,Los Cedros,1000,3000,1000,3000,8000,8132
2023-07-08,2023,Julio,Sábado,Palermo,1000,3000,1000,1000,6000,6064
2023-07-08,2023,Julio,Sábado,Santa Ana,1000,3000,1000,5000,10000,9945
2023-07-09,2023,Julio,Domingo,Córdoba,1000,3000,1000,3000,8000,7863
2023-07-09,2023,Julio,Domingo,La Floresta,1000,3000,1000,2000,7000,7038
2023-07-09,2023,Julio,Domingo,Los Cedros,1000,3000,1000,3000,8000,8074
2023-07-09,2023,Julio,Domingo,Palermo,1000,3000,1000,1000,6000,6023
2023-07-09,2023,Julio,Domingo,Santa Ana,1000,3000,1000,5000,10000,10083
2023-07-10,2023,Julio,Lunes,Córdoba,1000,3000,2000,3000,9000,9139
2023-07-10,2023,Julio,Lunes,La Floresta,1000,3000,2000,2000,8000,7987
2023-07-10,2023,Julio,Lunes,Los Cedros,1000,3000,2000,3000,9000,8971
2023-07-10,2023,Julio,Lunes,Palermo,1000,3000,2000,1000,7000,7113
2023-07-10,2023,Julio,Lunes,Santa Ana,1000,3000,2000,5000,11000,10974
2023-07-11,2023,Julio,Martes,Córdoba,1000,3000,3000,3000,10000,9975
2023-07-11,2023,Julio,Martes,La Floresta,1000,3000,3000,2000,9000,8978
2023-07-11,2023,Julio,Martes,Los Cedros,1000,3000,3000,3000,10000,10001
2023-07-11,2023,Julio,Martes,Palermo,1000,3000,3000,1000,8000,7962
2023-07-11,2023,Julio,Martes,Santa Ana,1000,3000,3000,5000,12000,11945
2023-07-12,2023,Julio,Miércoles,Córdoba,1000,3000,3500,3000,10500,10357
2023-07-12,2023,Julio,Miércoles,La Floresta,1000,3000,3500,2000,9500,9507
2023-07-12,2023,Julio,Miércoles,Los Cedros,1000,3000,3500,3000,10500,10605
2023-07-12,2023,Julio,Miércoles,Palermo,1000,3000,3500,1000,8500,8434
2023-07-12,2023,Julio,Miércoles,Santa Ana,1000,3000,3500,5000,12500,12625
2023-07-13,2023,Julio,Jueves,Córdoba,1000,3000,3000,3000,10000,9863
2023-07-13,2023,Julio,Jueves,La Floresta,1000,3000,3000,2000,9000,9026
2023-07-13,2023,Julio,Jueves,Los Cedros,1000,3000,3000,3000,10000,9810
2023-07-13,2023,Julio,Jueves,Palermo,1000,3000,3000,1000,8000,7935
2023-07-13,2023,Julio,Jueves,Santa Ana,1000,3000,3000,5000,12000,12072
2023-07-14,2023,Julio,Viernes,Córdoba,1000,3000,2000,3000,9000,9124
2023-07-14,2023,Julio,Viernes,La Floresta,1000,3000,2000,2000,8000,7954
2023-07-14,2023,Julio,Viernes,Los Cedros,1000,3000,2000,3000,9000,9062
2023-07-14,2023,Julio,Viernes,Palermo,1000,3000,2000,1000,7000,6904
2023-07-14,2023,Julio,Viernes,Santa Ana,1000,3000,2000,5000,11000,11154
2023-07-15,2023,Julio,Sábado,Córdoba,1000,3000,1000,3000,8000,7979
2023-07-15,2023,Julio,Sábado,La Floresta,1000,3000,1000,2000,7000,6883
2023-07-15,2023,Julio,Sábado,Los Cedros,1000,3000,1000,3000,8000,8197
2023-07-15,2023,Julio,Sábado,Palermo,1000,3000,1000,1000,6000,5967
2023-07-15,2023,Julio,Sábado,Santa Ana,1000,3000,1000,5000,10000,10175
2023-07-16,2023,Julio,Domingo,Córdoba,1000,3000,1000,3000,8000,8067
2023-07-16,2023,Julio,Domingo,La Floresta,1000,3000,1000,2000,7000,7051
2023-07-16,2023,Julio,Domingo,Los Cedros,1000,3000,1000,3000,8000,7958
2023-07-16,2023,Julio,Domingo,Palermo,1000,3000,1000,1000,6000,5878
2023-07-16,2023,Julio,Domingo,Santa Ana,1000,3000,1000,5000,10000,10150
2023-07-17,2023,Julio,Lunes,Córdoba,1000,3000,2000,3000,9000,8969
2023-07-17,2023,Julio,Lunes,La Floresta,1000,3000,2000,2000,8000,7966
2023-07-17,2023,Julio,Lunes,Los Cedros,1000,3000,2000,3000,9000,8943
2023-07-17,2023,Julio,Lunes,Palermo,1000,3000,2000,1000,7000,6968
2023-07-17,2023,Julio,Lunes,Santa Ana,1000,3000,2000,5000,11000,10868
2023-07-18,2023,Julio,Martes,Córdoba,1000,3000,3000,3000,10000,10161
2023-07-18,2023,Julio,Martes,La Floresta,1000,3000,3000,2000,9000,8970
2023-07-18,2023,Julio,Martes,Los Cedros,1000,3000,3000,3000,10000,10009
2023-07-18,2023,Julio,Martes,Palermo,1000,3000,3000,1000,8000,7969
2023-07-18,2023,Julio,Martes,Santa Ana,1000,3000,3000,5000,12000,11921
2023-07-19,2023,Julio,Miércoles,Córdoba,1000,3000,3500,3000,10500,10568
2023-07-19,2023,Julio,Miércoles,La Floresta,1000,3000,3500,2000,9500,9489
2023-07-19,2023,Julio,Miércoles,Los Cedros,1000,3000,3500,3000,10500,10518
2023-07-19,2023,Julio,Miércoles,Palermo,1000,3000,3500,1000,8500,8570
2023-07-19,2023,Julio,Miércoles,Santa Ana,1000,3000,3500,5000,12500,12270
2023-07-20,2023,Julio,Jueves,Córdoba,1000,3000,3000,3000,10000,10124
2023-07-20,2023,Julio,Jueves,La Floresta,1000,3000,3000,2000,9000,9074
2023-07-20,2023,Julio,Jueves,Los Cedros,1000,3000,3000,3000,10000,10129
2023-07-20,2023,Julio,Jueves,Palermo,1000,3000,3000,1000,8000,8014
2023-07-20,2023,Julio,Jueves,Santa Ana,1000,3000,3000,5000,12000,12041
2023-07-21,2023,Julio,Viernes,Córdoba,1000,3000,2000,3000,9000,8910
2023-07-21,2023,Julio,Viernes,La Floresta,1000,3000,2000,2000,8000,7958
2023-07-21,2023,Julio,Viernes,Los Cedros,1000,3000,2000,3000,9000,8912
2023-07-21,2023,Julio,Viernes,Palermo,1000,3000,2000,1000,7000,7119
2023-07-21,2023,Julio,Viernes,Santa Ana,1000,3000,2000,5000,11000,10976
2023-07-22,2023,Julio,Sábado,Córdoba,1000,3000,1000,3000,8000,7993
2023-07-22,2023,Julio,Sábado,La Floresta,1000,3000,1000,2000,7000,6950
2023-07-22,2023,Julio,Sábado,Los Cedros,1000,3000,1000,3000,8000,8061
2023-07-22,2023,Julio,Sábado,Palermo,1000,3000,1000,1000,6000,6173
2023-07-22,2023,Julio,Sábado,Santa Ana,1000,3000,1000,5000,10000,10032
2023-07-23,2023,Julio,Domingo,Córdoba,1000,3000,1000,3000,8000,7962
2023-07-23,2023,Julio,Domingo,La Floresta,1000,3000,1000,2000,7000,7005
2023-07-23,2023,Julio,Domingo,Los Cedros,1000,3000,1000,3000,8000,8025
2023-07-23,2023,Julio,Domingo,Palermo,1000,3000,1000,1000,6000,5974
2023-07-23,2023,Julio,Domingo,Santa Ana,1000,3000,1000,5000,10000,9982
2023-07-24,2023,Julio,Lunes,Córdoba,1000,3000,2000,3000,9000,8913
2023-07-24,2023,Julio,Lunes,La Floresta,1000,3000,2000,2000,8000,7999
2023-07-24,2023,Julio,Lunes,Los Cedros,1000,3000,2000,3000,9000,8717
2023-07-24,2023,Julio,Lunes,Palermo,1000,3000,2000,1000,7000,6977
2023-07-24,2023,Julio,Lunes,Santa Ana,1000,3000,2000,5000,11000,10889
2023-07-25,2023,Julio,Martes,Córdoba,1000,3000,3000,3000,10000,10128
2023-07-25,2023,Julio,Martes,La Floresta,1000,3000,3000,2000,9000,9022
2023-07-25,2023,Julio,Martes,Los Cedros,1000,3000,3000,3000,10000,10106
2023-07-25,2023,Julio,Martes,Palermo,1000,3000,3000,1000,8000,7982
2023-07-25,2023,Julio,Martes,Santa Ana,1000,3000,3000,5000,12000,12023
2023-07-26,2023,Julio,Miércoles,Córdoba,1000,3000,3500,3000,10500,10628
2023-07-26,2023,Julio,Miércoles,La Floresta,1000,3000,3500,2000,9500,9395
2023-07-26,2023,Julio,Miércoles,Los Cedros,1000,3000,3500,3000,10500,10570
2023-07-26,2023,Julio,Miércoles,Palermo,1000,3000,3500,1000,8500,8562
2023-07-26,2023,Julio,Miércoles,Santa Ana,1000,3000,3500,5000,12500,12521
2023-07-27,2023,Julio,Jueves,Córdoba,1000,3000,3000,3000,10000,10108
2023-07-27,2023,Julio,Jueves,La Floresta,1000,3000,3000,2000,9000,8923
2023-07-27,2023,Julio,Jueves,Los Cedros,1000,3000,3000,3000,10000,9979
2023-07-27,2023,Julio,Jueves,Palermo,1000,3000,3000,1000,8000,7997
2023-07-27,2023,Julio,Jueves,Santa Ana,1000,3000,3000,5000,12000,11822
2023-07-28,2023,Julio,Viernes,Córdoba,1000,3000,2000,3000,9000,8990
2023-07-28,2023,Julio,Viernes,La Floresta,1000,3000,2000,2000,8000,8043
2023-07-28,2023,Julio,Viernes,Los Cedros,1000,3000,2000,3000,9000,8932
2023-07-28,2023,Julio,Viernes,Palermo,1000,3000,2000,1000,7000,6968
2023-07-28,2023,Julio,Viernes,Santa Ana,1000,3000,2000,5000,11000,10993
2023-07-29,2023,Julio,Sábado,Córdoba,1000,3000,1000,3000,8000,8104
2023-07-29,2023,Julio,Sábado,La Floresta,1000,3000,1000,2000,7000,6967
2023-07-29,2023,Julio,Sábado,Los Cedros,1000,3000,1000,3000,8000,8117
2023-07-29,2023,Julio,Sábado,Palermo,1000,3000,1000,1000,6000,5901
2023-07-29,2023,Julio,Sábado,Santa Ana,1000,3000,1000,5000,10000,9943
2023-07-30,2023,Julio,Domingo,Córdoba,1000,3000,1000,3000,8000,8024
2023-07-30,2023,Julio,Domingo,La Floresta,1000,3000,1000,2000,7000,7063
2023-07-30,2023,Julio,Domingo,Los Cedros,1000,3000,1000,3000,8000,8023
2023-07-30,2023,Julio,Domingo,Palermo,1000,3000,1000,1000,6000,5968
2023-07-30,2023,Julio,Domingo,Santa Ana,1000,3000,1000,5000,10000,9882
2023-07-31,2023,Julio,Lunes,Córdoba,1000,3000,2000,3000,9000,9092
2023-07-31,2023,Julio,Lunes,La Floresta,1000,3000,2000,2000,8000,7881
2023-07-31,2023,Julio,Lunes,Los Cedros,1000,3000,2000,3000,9000,9026
2023-07-31,2023,Julio,Lunes,Palermo,1000,3000,2000,1000,7000,7064
2023-07-31,2023,Julio,Lunes,Santa Ana,1000,3000,2000,5000,11000,10923
2023-08-01,2023,Agosto,Martes,Córdoba,1000,2500,3000,3000,9500,9421
2023-08-01,2023,Agosto,Martes,La Floresta,1000,2500,3000,2000,8500,8454
2023-08-01,2023,Agosto,Martes,Los Cedros,1000,2500,3000,3000,9500,9477
2023-08-01,2023,Agosto,Martes,Palermo,1000,2500,3000,1000,7500,7497
2023-08-01,2023,Agosto,Martes,Santa Ana,1000,2500,3000,5000,11500,11517
2023-08-02,2023,Agosto,Miércoles,Córdoba,1000,2500,3500,3000,10000,9812
2023-08-02,2023,Agosto,Miércoles,La Floresta,1000,2500,3500,2000,9000,8873
2023-08-02,2023,Agosto,Miércoles,Los Cedros,1000,2500,3500,3000,10000,10081
2023-08-02,2023,Agosto,Miércoles,Palermo,1000,2500,3500,1000,8000,8136
2023-08-02,2023,Agosto,Miércoles,Santa Ana,1000,2500,3500,5000,12000,11792
2023-08-03,2023,Agosto,Jueves,Córdoba,1000,2500,3000,3000,9500,9524
2023-08-03,2023,Agosto,Jueves,La Floresta,1000,2500,3000,2000,8500,8599
2023-08-03,2023,Agosto,Jueves,Los Cedros,1000,2500,3000,3000,9500,9524
2023-08-03,2023,Agosto,Jueves,Palermo,1000,2500,3000,1000,7500,7550
2023-08-03,2023,Agosto,Jueves,Santa Ana,1000,2500,3000,5000,11500,11541
2023-08-04,2023,Agosto,Viernes,Córdoba,1000,2500,2000,3000,8500,8522
2023-08-04,2023,Agosto,Viernes,La Floresta,1000,2500,2000,2000,7500,7419
2023-08-04,2023,Agosto,Viernes,Los Cedros,1000,2500,2000,3000,8500,8495
2023-08-04,2023,Agosto,Viernes,Palermo,1000,2500,2000,1000,6500,6315
2023-08-04,2023,Agosto,Viernes,Santa Ana,1000,2500,2000,5000,10500,10482
2023-08-05,2023,Agosto,Sábado,Córdoba,1000,2500,1000,3000,7500,7441
2023-08-05,2023,Agosto,Sábado,La Floresta,1000,2500,1000,2000,6500,6533
2023-08-05,2023,Agosto,Sábado,Los Cedros,1000,2500,1000,3000,7500,7531
2023-08-05,2023,Agosto,Sábado,Palermo,1000,2500,1000,1000,5500,5522
2023-08-05,2023,Agosto,Sábado,Santa Ana,1000,2500,1000,5000,9500,9544
2023-08-06,2023,Agosto,Domingo,Córdoba,1000,2500,1000,3000,7500,7522
2023-08-06,2023,Agosto,Domingo,La Floresta,1000,2500,1000,2000,6500,6370
2023-08-06,2023,Agosto,Domingo,Los Cedros,1000,2500,1000,3000,7500,7425
2023-08-06,2023,Agosto,Domingo,Palermo,1000,2500,1000,1000,5500,5579
2023-08-06,2023,Agosto,Domingo,Santa Ana,1000,2500,1000,5000,9500,9628
2023-08-07,2023,Agosto,Lunes,Córdoba,1000,2500,2000,3000,8500,8466
2023-08-07,2023,Agosto,Lunes,La Floresta,1000,2500,2000,2000,7500,7558
2023-08-07,2023,Agosto,Lunes,Los Cedros,1000,2500,2000,3000,8500,8465
2023-08-07,2023,Agosto,Lunes,Palermo,1000,2500,2000,1000,6500,6402
2023-08-07,2023,Agosto,Lunes,Santa Ana,1000,2500,2000,5000,10500,10484
2023-08-08,2023,Agosto,Martes,Córdoba,1000,2500,3000,3000,9500,9361
2023-08-08,2023,Agosto,Martes,La Floresta,1000,2500,3000,2000,8500,8365
2023-08-08,2023,Agosto,Martes,Los Cedros,1000,2500,3000,3000,9500,9599
2023-08-08,2023,Agosto,Martes,Palermo,1000,2500,3000,1000,7500,7573
2023-08-08,2023,Agosto,Martes,Santa Ana,1000,2500,3000,5000,11500,11501
2023-08-09,2023,Agosto,Miércoles,Córdoba,1000,2500,3500,3000,10000,9933
2023-08-09,2023,Agosto,Miércoles,La Floresta,1000,2500,3500,2000,9000,9131
2023-08-09,2023,Agosto,Miércoles,Los Cedros,1000,2500,3500,3000,10000,10015
2023-08-09,2023,Agosto,Miércoles,Palermo,1000,2500,3500,1000,8000,8092
2023-08-09,2023,Agosto,Miércoles,Santa Ana,1000,2500,3500,5000,12000,12281
2023-08-10,2023,Agosto,Jueves,Córdoba,1000,2500,3000,3000,9500,9383
2023-08-10,2023,Agosto,Jueves,La Floresta,1000,2500,3000,2000,8500,8490
2023-08-10,2023,Agosto,Jueves,Los Cedros,1000,2500,3000,3000,9500,9367
2023-08-10,2023,Agosto,Jueves,Palermo,1000,2500,3000,1000,7500,7429
2023-08-10,2023,Agosto,Jueves,Santa Ana,1000,2500,3000,5000,11500,11510
2023-08-11,2023,Agosto,Viernes,Córdoba,1000,2500,2000,3000,8500,8652
2023-08-11,2023,Agosto,Viernes,La Floresta,1000,2500,2000,2000,7500,7404
2023-08-11,2023,Agosto,Viernes,Los Cedros,1000,2500,2000,3000,8500,8465
2023-08-11,2023,Agosto,Viernes,Palermo,1000,2500,2000,1000,6500,6632
2023-08-11,2023,Agosto,Viernes,Santa Ana,1000,2500,2000,5000,10500,10514
2023-08-12,2023,Agosto,Sábado,Córdoba,1000,2500,1000,3000,7500,7502
2023-08-12,2023,Agosto,Sábado,La Floresta,1000,2500,1000,2000,6500,6528
2023-08-12,2023,Agosto,Sábado,Los Cedros,1000,2500,1000,3000,7500,7548
2023-08-12,2023,Agosto,Sábado,Palermo,1000,2500,1000,1000,5500,5565
2023-08-12,2023,Agosto,Sábado,Santa Ana,1000,2500,1000,5000,9500,9605
2023-08-13,2023,Agosto,Domingo,Córdoba,1000,2500,1000,3000,7500,7510
2023-08-13,2023,Agosto,Domingo,La Floresta,1000,2500,1000,2000,6500,6506
2023-08-13,2023,Agosto,Domingo,Los Cedros,1000,2500,1000,3000,7500,7772
2023-08-13,2023,Agosto,Domingo,Palermo,1000,2500,1000,1000,5500,5461
2023-08-13,2023,Agosto,Domingo,Santa Ana,1000,2500,1000,5000,9500,9455
2023-08-14,2023,Agosto,Lunes,Córdoba,1000,2500,2000,3000,8500,8569
2023-08-14,2023,Agosto,Lunes,La Floresta,1000,2500,2000,2000,7500,7445
2023-08-14,2023,Agosto,Lunes,Los Cedros,1000,2500,2000,3000,8500,8491
2023-08-14,2023,Agosto,Lunes,Palermo,1000,2500,2000,1000,6500,6527
2023-08-14,2023,Agosto,Lunes,Santa Ana,1000,2500,2000,5000,10500,10542
2023-08-15,2023,Agosto,Martes,Córdoba,1000,2500,3000,3000,9500,9557
2023-08-15,2023,Agosto,Martes,La Floresta,1000,2500,3000,2000,8500,8264
2023-08-15,2023,Agosto,Martes,Los Cedros,1000,2500,3000,3000,9500,9574
2023-08-15,2023,Agosto,Martes,Palermo,1000,2500,3000,1000,7500,7511
2023-08-15,2023,Agosto,Martes,Santa Ana,1000,2500,3000,5000,11500,11532
2023-08-16,2023,Agosto,Miércoles,Córdoba,1000,2500,3500,3000,10000,10082
2023-08-16,2023,Agosto,Miércoles,La Floresta,1000,2500,3500,2000,9000,8833
2023-08-16,2023,Agosto,Miércoles,Los Cedros,1000,2500,3500,3000,10000,9952
2023-08-16,2023,Agosto,Miércoles,Palermo,1000,2500,3500,1000,8000,7988
2023-08-16,2023,Agosto,Miércoles,Santa Ana,1000,2500,3500,5000,12000,11853
2023-08-17,2023,Agosto,Jueves,Córdoba,1000,2500,3000,3000,9500,9488
2023-08-17,2023,Agosto,Jueves,La Floresta,1000,2500,3000,2000,8500,8444
2023-08-17,2023,Agosto,Jueves,Los Cedros,1000,2500,3000,3000,9500,9342
2023-08-17,2023,Agosto,Jueves,Palermo,1000,2500,3000,1000,7500,7478
2023-08-17,2023,Agosto,Jueves,Santa Ana,1000,2500,3000,5000,11500,11547
2023-08-18,2023,Agosto,Viernes,Córdoba,1000,2500,2000,3000,8500,8498
2023-08-18,2023,Agosto,Viernes,La Floresta,1000,2500,2000,2000,7500,7528
2023-08-18,2023,Agosto,Viernes,Los Cedros,1000,2500,2000,3000,8500,8545
2023-08-18,2023,Agosto,Viernes,Palermo,1000,2500,2000,1000,6500,6613
2023-08-18,2023,Agosto,Viernes,Santa Ana,1000,2500,2000,5000,10500,10188
2023-08-19,2023,Agosto,Sábado,Córdoba,1000,2500,1000,3000,7500,7517
2023-08-19,2023,Agosto,Sábado,La Floresta,1000,2500,1000,2000,6500,6423
2023-08-19,2023,Agosto,Sábado,Los Cedros,1000,2500,1000,3000,7500,7591
2023-08-19,2023,Agosto,Sábado,Palermo,1000,2500,1000,1000,5500,5438
2023-08-19,2023,Agosto,Sábado,Santa Ana,1000,2500,1000,5000,9500,9433
2023-08-20,2023,Agosto,Domingo,Córdoba,1000,2500,1000,3000,7500,7505
2023-08-20,2023,Agosto,Domingo,La Floresta,1000,2500,1000,2000,6500,6449
2023-08-20,2023,Agosto,Domingo,Los Cedros,1000,2500,1000,3000,7500,7353
2023-08-20,2023,Agosto,Domingo,Palermo,1000,2500,1000,1000,5500,5605
2023-08-20,2023,Agosto,Domingo,Santa Ana,1000,2500,1000,5000,9500,9517
2023-08-21,2023,Agosto,Lunes,Córdoba,1000,2500,2000,3000,8500,8443
2023-08-21,2023,Agosto,Lunes,La Floresta,1000,2500,2000,2000,7500,7591
2023-08-21,2023,Agosto,Lunes,Los Cedros,1000,2500,2000,3000,8500,8559
2023-08-21,2023,Agosto,Lunes,Palermo,1000,2500,2000,1000,6500,6517
2023-08-21,2023,Agosto,Lunes,Santa Ana,1000,2500,2000,5000,10500,10490
2023-08-22,2023,Agosto,Martes,Córdoba,1000,2500,3000,3000,9500,9471
2023-08-22,2023,Agosto,Martes,La Floresta,1000,2500,3000,2000,8500,8544
2023-08-22,2023,Agosto,Martes,Los Cedros,1000,2500,3000,3000,9500,9598
2023-08-22,2023,Agosto,Martes,Palermo,1000,2500,3000,1000,7500,7488
2023-08-22,2023,Agosto,Martes,Santa Ana,1000,2500,3000,5000,11500,11574
2023-08-23,2023,Agosto,Miércoles,Córdoba,1000,2500,3500,3000,10000,10147
2023-08-23,2023,Agosto,Miércoles,La Floresta,1000,2500,3500,2000,9000,9107
2023-08-23,2023,Agosto,Miércoles,Los Cedros,1000,2500,3500,3000,10000,9970
2023-08-23,2023,Agosto,Miércoles,Palermo,1000,2500,3500,1000,8000,7998
2023-08-23,2023,Agosto,Miércoles,Santa Ana,1000,2500,3500,5000,12000,11839
2023-08-24,2023,Agosto,Jueves,Córdoba,1000,2500,3000,3000,9500,9492
2023-08-24,2023,Agosto,Jueves,La Floresta,1000,2500,3000,2000,8500,8530
2023-08-24,2023,Agosto,Jueves,Los Cedros,1000,2500,3000,3000,9500,9472
2023-08-24,2023,Agosto,Jueves,Palermo,1000,2500,3000,1000,7500,7520
2023-08-24,2023,Agosto,Jueves,Santa Ana,1000,2500,3000,5000,11500,11523
2023-08-25,2023,Agosto,Viernes,Córdoba,1000,2500,2000,3000,8500,8426
2023-08-25,2023,Agosto,Viernes,La Floresta,1000,2500,2000,2000,7500,7582
2023-08-25,2023,Agosto,Viernes,Los Cedros,1000,2500,2000,3000,8500,8393
2023-08-25,2023,Agosto,Viernes,Palermo,1000,2500,2000,1000,6500,6448
2023-08-25,2023,Agosto,Viernes,Santa Ana,1000,2500,2000,5000,10500,10576
2023-08-26,2023,Agosto,Sábado,Córdoba,1000,2500,1000,3000,7500,7474
2023-08-26,2023,Agosto,Sábado,La Floresta,1000,2500,1000,2000,6500,6680
2023-08-26,2023,Agosto,Sábado,Los Cedros,1000,2500,1000,3000,7500,7615
2023-08-26,2023,Agosto,Sábado,Palermo,1000,2500,1000,1000,5500,5577
2023-08-26,2023,Agosto,Sábado,Santa Ana,1000,2500,1000,5000,9500,9428
2023-08-27,2023,Agosto,Domingo,Córdoba,1000,2500,1000,3000,7500,7406
2023-08-27,2023,Agosto,Domingo,La Floresta,1000,2500,1000,2000,6500,6474
2023-08-27,2023,Agosto,Domingo,Los Cedros,1000,2500,1000,3000,7500,7554
2023-08-27,2023,Agosto,Domingo,Palermo,1000,2500,1000,1000,5500,5608
2023-08-27,2023,Agosto,Domingo,Santa Ana,1000,2500,1000,5000,9500,9554
2023-08-28,2023,Agosto,Lunes,Córdoba,1000,2500,2000,3000,8500,8399
2023-08-28,2023,Agosto,Lunes,La Floresta,1000,2500,2000,2000,7500,7607
2023-08-28,2023,Agosto,Lunes,Los Cedros,1000,2500,2000,3000,8500,8503
2023-08-28,2023,Agosto,Lunes,Palermo,1000,2500,2000,1000,6500,6466
2023-08-28,2023,Agosto,Lunes,Santa Ana,1000,2500,2000,5000,10500,10422
2023-08-29,2023,Agosto,Martes,Córdoba,1000,2500,3000,3000,9500,9400
2023-08-29,2023,Agosto,Martes,La Floresta,1000,2500,3000,2000,8500,8472
2023-08-29,2023,Agosto,Martes,Los Cedros,1000,2500,3000,3000,9500,9515
2023-08-29,2023,Agosto,Martes,Palermo,1000,2500,3000,1000,7500,7441
2023-08-29,2023,Agosto,Martes,Santa Ana,1000,2500,3000,5000,11500,11595
2023-08-30,2023,Agosto,Miércoles,Córdoba,1000,2500,3500,3000,10000,9908
2023-08-30,2023,Agosto,Miércoles,La Floresta,1000,2500,3500,2000,9000,8850
2023-08-30,2023,Agosto,Miércoles,Los Cedros,1000,2500,3500,3000,10000,9894
2023-08-30,2023,Agosto,Miércoles,Palermo,1000,2500,3500,1000,8000,7964
2023-08-30,2023,Agosto,Miércoles,Santa Ana,1000,2500,3500,5000,12000,12067
2023-08-31,2023,Agosto,Jueves,Córdoba,1000,2500,3000,3000,9500,9626
2023-08-31,2023,Agosto,Jueves,La Floresta,1000,2500,3000,2000,8500,8422
2023-08-31,2023,Agosto,Jueves,Los Cedros,1000,2500,3000,3000,9500,9609
2023-08-31,2023,Agosto,Jueves,Palermo,1000,2500,3000,1000,7500,7619
2023-08-31,2023,Agosto,Jueves,Santa Ana,1000,2500,3000,5000,11500,11499
2023-09-01,2023,Septiembre,Viernes,Córdoba,1000,2500,2000,3000,8500,8486
2023-09-01,2023,Septiembre,Viernes,La Floresta,1000,2500,2000,2000,7500,7538
2023-09-01,2023,Septiembre,Viernes,Los Cedros,1000,2500,2000,3000,8500,8361
2023-09-01,2023,Septiembre,Viernes,Palermo,1000,2500,2000,1000,6500,6353
2023-09-01,2023,Septiembre,Viernes,Santa Ana,1000,2500,2000,5000,10500,10552
2023-09-02,2023,Septiembre,Sábado,Córdoba,1000,2500,1000,3000,7500,7437
2023-09-02,2023,Septiembre,Sábado,La Floresta,1000,2500,1000,2000,6500,6614
2023-09-02,2023,Septiembre,Sábado,Los Cedros,1000,2500,1000,3000,7500,7567
2023-09-02,2023,Septiembre,Sábado,Palermo,1000,2500,1000,1000,5500,5532
2023-09-02,2023,Septiembre,Sábado,Santa Ana,1000,2500,1000,5000,9500,9391
2023-09-03,2023,Septiembre,Domingo,Córdoba,1000,2500,1000,3000,7500,7668
2023-09-03,2023,Septiembre,Domingo,La Floresta,1000,2500,1000,2000,6500,6532
2023-09-03,2023,Septiembre,Domingo,Los Cedros,1000,2500,1000,3000,7500,7423
2023-09-03,2023,Septiembre,Domingo,Palermo,1000,2500,1000,1000,5500,5541
2023-09-03,2023,Septiembre,Domingo,Santa Ana,1000,2500,1000,5000,9500,9365
2023-09-04,2023,Septiembre,Lunes,Córdoba,1000,2500,2000,3000,8500,8315
2023-09-04,2023,Septiembre,Lunes,La Floresta,1000,2500,2000,2000,7500,7601
2023-09-04,2023,Septiembre,Lunes,Los Cedros,1000,2500,2000,3000,8500,8534
2023-09-04,2023,Septiembre,Lunes,Palermo,1000,2500,2000,1000,6500,6542
2023-09-04,2023,Septiembre,Lunes,Santa Ana,1000,2500,2000,5000,10500,10614
2023-09-05,2023,Septiembre,Martes,Córdoba,1000,2500,3000,3000,9500,9437
2023-09-05,2023,Septiembre,Martes,La Floresta,1000,2500,3000,2000,8500,8454
2023-09-05,2023,Septiembre,Martes,Los Cedros,1000,2500,3000,3000,9500,9401
2023-09-05,2023,Septiembre,Martes,Palermo,1000,2500,3000,1000,7500,7549
2023-09-05,2023,Septiembre,Martes,Santa Ana,1000,2500,3000,5000,11500,11353
2023-09-06,2023,Septiembre,Miércoles,Córdoba,1000,2500,3500,3000,10000,9914
2023-09-06,2023,Septiembre,Miércoles,La Floresta,1000,2500,3500,2000,9000,8940
2023-09-06,2023,Septiembre,Miércoles,Los Cedros,1000,2500,3500,3000,10000,9990
2023-09-06,2023,Septiembre,Miércoles,Palermo,1000,2500,3500,1000,8000,8090
2023-09-06,2023,Septiembre,Miércoles,Santa Ana,1000,2500,3500,5000,12000,11980
2023-09-07,2023,Septiembre,Jueves,Córdoba,1000,2500,3000,3000,9500,9587
2023-09-07,2023,Septiembre,Jueves,La Floresta,1000,2500,3000,2000,8500,8550
2023-09-07,2023,Septiembre,Jueves,Los Cedros,1000,2500,3000,3000,9500,9542
2023-09-07,2023,Septiembre,Jueves,Palermo,1000,2500,3000,1000,7500,7468
2023-09-07,2023,Septiembre,Jueves,Santa Ana,1000,2500,3000,5000,11500,11489
2023-09-08,2023,Septiembre,Viernes,Córdoba,1000,2500,2000,3000,8500,8468
2023-09-08,2023,Septiembre,Viernes,La Floresta,1000,2500,2000,2000,7500,7421
2023-09-08,2023,Septiembre,Viernes,Los Cedros,1000,2500,2000,3000,8500,8424
2023-09-08,2023,Septiembre,Viernes,Palermo,1000,2500,2000,1000,6500,6566
2023-09-08,2023,Septiembre,Viernes,Santa Ana,1000,2500,2000,5000,10500,10482
2023-09-09,2023,Septiembre,Sábado,Córdoba,1000,2500,1000,3000,7500,7454
2023-09-09,2023,Septiembre,Sábado,La Floresta,1000,2500,1000,2000,6500,6538
2023-09-09,2023,Septiembre,Sábado,Los Cedros,1000,2500,1000,3000,7500,7565
2023-09-09,2023,Septiembre,Sábado,Palermo,1000,2500,1000,1000,5500,5482
2023-09-09,2023,Septiembre,Sábado,Santa Ana,1000,2500,1000,5000,9500,9599
2023-09-10,2023,Septiembre,Domingo,Córdoba,1000,2500,1000,3000,7500,7381
2023-09-10,2023,Septiembre,Domingo,La Floresta,1000,2500,1000,2000,6500,6479
2023-09-10,2023,Septiembre,Domingo,Los Cedros,1000,2500,1000,3000,7500,7662
2023-09-10,2023,Septiembre,Domingo,Palermo,1000,2500,1000,1000,5500,5526
2023-09-10,2023,Septiembre,Domingo,Santa Ana,1000,2500,1000,5000,9500,9476
2023-09-11,2023,Septiembre,Lunes,Córdoba,1000,2500,2000,3000,8500,8512
2023-09-11,2023,Septiembre,Lunes,La Floresta,1000,2500,2000,2000,7500,7507
2023-09-11,2023,Septiembre,Lunes,Los Cedros,1000,2500,2000,3000,8500,8397
2023-09-11,2023,Septiembre,Lunes,Palermo,1000,2500,2000,1000,6500,6511
2023-09-11,2023,Septiembre,Lunes,Santa Ana,1000,2500,2000,5000,10500,10431
2023-09-12,2023,Septiembre,Martes,Córdoba,1000,2500,3000,3000,9500,9466
2023-09-12,2023,Septiembre,Martes,La Floresta,1000,2500,3000,2000,8500,8531
2023-09-12,2023,Septiembre,Martes,Los Cedros,1000,2500,3000,3000,9500,9534
2023-09-12,2023,Septiembre,Martes,Palermo,1000,2500,3000,1000,7500,7471
2023-09-12,2023,Septiembre,Martes,Santa Ana,1000,2500,3000,5000,11500,11345
2023-09-13,2023,Septiembre,Miércoles,Córdoba,1000,2500,3500,3000,10000,9988
2023-09-13,2023,Septiembre,Miércoles,La Floresta,1000,2500,3500,2000,9000,9167
2023-09-13,2023,Septiembre,Miércoles,Los Cedros,1000,2500,3500,3000,10000,10060
2023-09-13,2023,Septiembre,Miércoles,Palermo,1000,2500,3500,1000,8000,8008
2023-09-13,2023,Septiembre,Miércoles,Santa Ana,1000,2500,3500,5000,12000,12330
2023-09-14,2023,Septiembre,Jueves,Córdoba,1000,2500,3000,3000,9500,9462
2023-09-14,2023,Septiembre,Jueves,La Floresta,1000,2500,3000,2000,8500,8396
2023-09-14,2023,Septiembre,Jueves,Los Cedros,1000,2500,3000,3000,9500,9302
2023-09-14,2023,Septiembre,Jueves,Palermo,1000,2500,3000,1000,7500,7547
2023-09-14,2023,Septiembre,Jueves,Santa Ana,1000,2500,3000,5000,11500,11416
2023-09-15,2023,Septiembre,Viernes,Córdoba,1000,2500,2000,3000,8500,8428
2023-09-15,2023,Septiembre,Viernes,La Floresta,1000,2500,2000,2000,7500,7515
2023-09-15,2023,Septiembre,Viernes,Los Cedros,1000,2500,2000,3000,8500,8545
2023-09-15,2023,Septiembre,Viernes,Palermo,1000,2500,2000,1000,6500,6458
2023-09-15,2023,Septiembre,Viernes,Santa Ana,1000,2500,2000,5000,10500,10527
2023-09-16,2023,Septiembre,Sábado,Córdoba,1000,2500,1000,3000,7500,7397
2023-09-16,2023,Septiembre,Sábado,La Floresta,1000,2500,1000,2000,6500,6448
2023-09-16,2023,Septiembre,Sábado,Los Cedros,1000,2500,1000,3000,7500,7455
2023-09-16,2023,Septiembre,Sábado,Palermo,1000,2500,1000,1000,5500,5414
2023-09-16,2023,Septiembre,Sábado,Santa Ana,1000,2500,1000,5000,9500,9599
2023-09-17,2023,Septiembre,Domingo,Córdoba,1000,2500,1000,3000,7500,7436
2023-09-17,2023,Septiembre,Domingo,La Floresta,1000,2500,1000,2000,6500,6408
2023-09-17,2023,Septiembre,Domingo,Los Cedros,1000,2500,1000,3000,7500,7433
2023-09-17,2023,Septiembre,Domingo,Palermo,1000,2500,1000,1000,5500,5388
2023-09-17,2023,Septiembre,Domingo,Santa Ana,1000,2500,1000,5000,9500,9505
2023-09-18,2023,Septiembre,Lunes,Córdoba,1000,2500,2000,3000,8500,8501
2023-09-18,2023,Septiembre,Lunes,La Floresta,1000,2500,2000,2000,7500,7518
2023-09-18,2023,Septiembre,Lunes,Los Cedros,1000,2500,2000,3000,8500,8492
2023-09-18,2023,Septiembre,Lunes,Palermo,1000,2500,2000,1000,6500,6395
2023-09-18,2023,Septiembre,Lunes,Santa Ana,1000,2500,2000,5000,10500,10446
2023-09-19,2023,Septiembre,Martes,Córdoba,1000,2500,3000,3000,9500,9313
2023-09-19,2023,Septiembre,Martes,La Floresta,1000,2500,3000,2000,8500,8559
2023-09-19,2023,Septiembre,Martes,Los Cedros,1000,2500,3000,3000,9500,9532
2023-09-19,2023,Septiembre,Martes,Palermo,1000,2500,3000,1000,7500,7368
2023-09-19,2023,Septiembre,Martes,Santa Ana,1000,2500,3000,5000,11500,11548
2023-09-20,2023,Septiembre,Miércoles,Córdoba,1000,2500,3500,3000,10000,10018
2023-09-20,2023,Septiembre,Miércoles,La Floresta,1000,2500,3500,2000,9000,8893
2023-09-20,2023,Septiembre,Miércoles,Los Cedros,1000,2500,3500,3000,10000,10091
2023-09-20,2023,Septiembre,Miércoles,Palermo,1000,2500,3500,1000,8000,7950
2023-09-20,2023,Septiembre,Miércoles,Santa Ana,1000,2500,3500,5000,12000,11779
2023-09-21,2023,Septiembre,Jueves,Córdoba,1000,2500,3000,3000,9500,9525
2023-09-21,2023,Septiembre,Jueves,La Floresta,1000,2500,3000,2000,8500,8599
2023-09-21,2023,Septiembre,Jueves,Los Cedros,1000,2500,3000,3000,9500,9424
2023-09-21,2023,Septiembre,Jueves,Palermo,1000,2500,3000,1000,7500,7355
2023-09-21,2023,Septiembre,Jueves,Santa Ana,1000,2500,3000,5000,11500,11548
2023-09-22,2023,Septiembre,Viernes,Córdoba,1000,2500,2000,3000,8500,8704
2023-09-22,2023,Septiembre,Viernes,La Floresta,1000,2500,2000,2000,7500,7447
2023-09-22,2023,Septiembre,Viernes,Los Cedros,1000,2500,2000,3000,8500,8574
2023-09-22,2023,Septiembre,Viernes,Palermo,1000,2500,2000,1000,6500,6447
2023-09-22,2023,Septiembre,Viernes,Santa Ana,1000,2500,2000,5000,10500,10323
2023-09-23,2023,Septiembre,Sábado,Córdoba,1000,2500,1000,3000,7500,7439
2023-09-23,2023,Septiembre,Sábado,La Floresta,1000,2500,1000,2000,6500,6475
2023-09-23,2023,Septiembre,Sábado,Los Cedros,1000,2500,1000,3000,7500,7494
2023-09-23,2023,Septiembre,Sábado,Palermo,1000,2500,1000,1000,5500,5459
2023-09-23,2023,Septiembre,Sábado,Santa Ana,1000,2500,1000,5000,9500,9450
2023-09-24,2023,Septiembre,Domingo,Córdoba,1000,2500,1000,3000,7500,7412
2023-09-24,2023,Septiembre,Domingo,La Floresta,1000,2500,1000,2000,6500,6573
2023-09-24,2023,Septiembre,Domingo,Los Cedros,1000,2500,1000,3000,7500,7435
2023-09-24,2023,Septiembre,Domingo,Palermo,1000,2500,1000,1000,5500,5525
2023-09-24,2023,Septiembre,Domingo,Santa Ana,1000,2500,1000,5000,9500,9528
2023-09-25,2023,Septiembre,Lunes,Córdoba,1000,2500,2000,3000,8500,8630
2023-09-25,2023,Septiembre,Lunes,La Floresta,1000,2500,2000,2000,7500,7570
2023-09-25,2023,Septiembre,Lunes,Los Cedros,1000,2500,2000,3000,8500,8490
2023-09-25,2023,Septiembre,Lunes,Palermo,1000,2500,2000,1000,6500,6637
2023-09-25,2023,Septiembre,Lunes,Santa Ana,1000,2500,2000,5000,10500,10465
2023-09-26,2023,Septiembre,Martes,Córdoba,1000,2500,3000,3000,9500,9527
2023-09-26,2023,Septiembre,Martes,La Floresta,1000,2500,3000,2000,8500,8530
2023-09-26,2023,Septiembre,Martes,Los Cedros,1000,2500,3000,3000,9500,9533
2023-09-26,2023,Septiembre,Martes,Palermo,1000,2500,3000,1000,7500,7423
2023-09-26,2023,Septiembre,Martes,Santa Ana,1000,2500,3000,5000,11500,11546
2023-09-27,2023,Septiembre,Miércoles,Córdoba,1000,2500,3500,3000,10000,10102
2023-09-27,2023,Septiembre,Miércoles,La Floresta,1000,2500,3500,2000,9000,8966
2023-09-27,2023,Septiembre,Miércoles,Los Cedros,1000,2500,3500,3000,10000,9974
2023-09-27,2023,Septiembre,Miércoles,Palermo,1000,2500,3500,1000,8000,8062
2023-09-27,2023,Septiembre,Miércoles,Santa Ana,1000,2500,3500,5000,12000,11915
2023-09-28,2023,Septiembre,Jueves,Córdoba,1000,2500,3000,3000,9500,9545
2023-09-28,2023,Septiembre,Jueves,La Floresta,1000,2500,3000,2000,8500,8456
2023-09-28,2023,Septiembre,Jueves,Los Cedros,1000,2500,3000,3000,9500,9530
2023-09-28,2023,Septiembre,Jueves,Palermo,1000,2500,3000,1000,7500,7425
2023-09-28,2023,Septiembre,Jueves,Santa Ana,1000,2500,3000,5000,11500,11638
2023-09-29,2023,Septiembre,Viernes,Córdoba,1000,2500,2000,3000,8500,8491
2023-09-29,2023,Septiembre,Viernes,La Floresta,1000,2500,2000,2000,7500,7420
2023-09-29,2023,Septiembre,Viernes,Los Cedros,1000,2500,2000,3000,8500,8512
2023-09-29,2023,Septiembre,Viernes,Palermo,1000,2500,2000,1000,6500,6607
2023-09-29,2023,Septiembre,Viernes,Santa Ana,1000,2500,2000,5000,10500,10582
2023-09-30,2023,Septiembre,Sábado,Córdoba,1000,2500,1000,3000,7500,7457
2023-09-30,2023,Septiembre,Sábado,La Floresta,1000,2500,1000,2000,6500,6441
2023-09-30,2023,Septiembre,Sábado,Los Cedros,1000,2500,1000,3000,7500,7704
2023-09-30,2023,Septiembre,Sábado,Palermo,1000,2500,1000,1000,5500,5530
2023-09-30,2023,Septiembre,Sábado,Santa Ana,1000,2500,1000,5000,9500,9336
2023-10-01,2023,Octubre,Domingo,Córdoba,1000,2000,1000,3000,7000,6942
2023-10-01,2023,Octubre,Domingo,La Floresta,1000,2000,1000,2000,6000,6049
2023-10-01,2023,Octubre,Domingo,Los Cedros,1000,2000,1000,3000,7000,6988
2023-10-01,2023,Octubre,Domingo,Palermo,1000,2000,1000,1000,5000,4920
2023-10-01,2023,Octubre,Domingo,Santa Ana,1000,2000,1000,5000,9000,8944
2023-10-02,2023,Octubre,Lunes,Córdoba,1000,2000,2000,3000,8000,8050
2023-10-02,2023,Octubre,Lunes,La Floresta,1000,2000,2000,2000,7000,6959
2023-10-02,2023,Octubre,Lunes,Los Cedros,1000,2000,2000,3000,8000,7911
2023-10-02,2023,Octubre,Lunes,Palermo,1000,2000,2000,1000,6000,6009
2023-10-02,2023,Octubre,Lunes,Santa Ana,1000,2000,2000,5000,10000,9888
2023-10-03,2023,Octubre,Martes,Córdoba,1000,2000,3000,3000,9000,9081
2023-10-03,2023,Octubre,Martes,La Floresta,1000,2000,3000,2000,8000,7863
2023-10-03,2023,Octubre,Martes,Los Cedros,1000,2000,3000,3000,9000,9063
2023-10-03,2023,Octubre,Martes,Palermo,1000,2000,3000,1000,7000,7096
2023-10-03,2023,Octubre,Martes,Santa Ana,1000,2000,3000,5000,11000,10978
2023-10-04,2023,Octubre,Miércoles,Córdoba,1000,2000,3500,3000,9500,9459
2023-10-04,2023,Octubre,Miércoles,La Floresta,1000,2000,3500,2000,8500,8598
2023-10-04,2023,Octubre,Miércoles,Los Cedros,1000,2000,3500,3000,9500,9569
2023-10-04,2023,Octubre,Miércoles,Palermo,1000,2000,3500,1000,7500,7606
2023-10-04,2023,Octubre,Miércoles,Santa Ana,1000,2000,3500,5000,11500,11438
2023-10-05,2023,Octubre,Jueves,Córdoba,1000,2000,3000,3000,9000,9027
2023-10-05,2023,Octubre,Jueves,La Floresta,1000,2000,3000,2000,8000,7834
2023-10-05,2023,Octubre,Jueves,Los Cedros,1000,2000,3000,3000,9000,9159
2023-10-05,2023,Octubre,Jueves,Palermo,1000,2000,3000,1000,7000,6898
2023-10-05,2023,Octubre,Jueves,Santa Ana,1000,2000,3000,5000,11000,10894
2023-10-06,2023,Octubre,Viernes,Córdoba,1000,2000,2000,3000,8000,8177
2023-10-06,2023,Octubre,Viernes,La Floresta,1000,2000,2000,2000,7000,6852
2023-10-06,2023,Octubre,Viernes,Los Cedros,1000,2000,2000,3000,8000,8047
2023-10-06,2023,Octubre,Viernes,Palermo,1000,2000,2000,1000,6000,6099
2023-10-06,2023,Octubre,Viernes,Santa Ana,1000,2000,2000,5000,10000,9845
2023-10-07,2023,Octubre,Sábado,Córdoba,1000,2000,1000,3000,7000,6919
2023-10-07,2023,Octubre,Sábado,La Floresta,1000,2000,1000,2000,6000,5839
2023-10-07,2023,Octubre,Sábado,Los Cedros,1000,2000,1000,3000,7000,7057
2023-10-07,2023,Octubre,Sábado,Palermo,1000,2000,1000,1000,5000,4914
2023-10-07,2023,Octubre,Sábado,Santa Ana,1000,2000,1000,5000,9000,8998
2023-10-08,2023,Octubre,Domingo,Córdoba,1000,2000,1000,3000,7000,7067
2023-10-08,2023,Octubre,Domingo,La Floresta,1000,2000,1000,2000,6000,6033
2023-10-08,2023,Octubre,Domingo,Los Cedros,1000,2000,1000,3000,7000,7013
2023-10-08,2023,Octubre,Domingo,Palermo,1000,2000,1000,1000,5000,4918
2023-10-08,2023,Octubre,Domingo,Santa Ana,1000,2000,1000,5000,9000,9014
2023-10-09,2023,Octubre,Lunes,Córdoba,1000,2000,2000,3000,8000,8081
2023-10-09,2023,Octubre,Lunes,La Floresta,1000,2000,2000,2000,7000,7153
2023-10-09,2023,Octubre,Lunes,Los Cedros,1000,2000,2000,3000,8000,7871
2023-10-09,2023,Octubre,Lunes,Palermo,1000,2000,2000,1000,6000,5967
2023-10-09,2023,Octubre,Lunes,Santa Ana,1000,2000,2000,5000,10000,10168
2023-10-10,2023,Octubre,Martes,Córdoba,1000,2000,3000,3000,9000,9075
2023-10-10,2023,Octubre,Martes,La Floresta,1000,2000,3000,2000,8000,7962
2023-10-10,2023,Octubre,Martes,Los Cedros,1000,2000,3000,3000,9000,8938
2023-10-10,2023,Octubre,Martes,Palermo,1000,2000,3000,1000,7000,6943
2023-10-10,2023,Octubre,Martes,Santa Ana,1000,2000,3000,5000,11000,10874
2023-10-11,2023,Octubre,Miércoles,Córdoba,1000,2000,3500,3000,9500,9505
2023-10-11,2023,Octubre,Miércoles,La Floresta,1000,2000,3500,2000,8500,8548
2023-10-11,2023,Octubre,Miércoles,Los Cedros,1000,2000,3500,3000,9500,9542
2023-10-11,2023,Octubre,Miércoles,Palermo,1000,2000,3500,1000,7500,7485
2023-10-11,2023,Octubre,Miércoles,Santa Ana,1000,2000,3500,5000,11500,11367
2023-10-12,2023,Octubre,Jueves,Córdoba,1000,2000,3000,3000,9000,9162
2023-10-12,2023,Octubre,Jueves,La Floresta,1000,2000,3000,2000,8000,8214
2023-10-12,2023,Octubre,Jueves,Los Cedros,1000,2000,3000,3000,9000,8960
2023-10-12,2023,Octubre,Jueves,Palermo,1000,2000,3000,1000,7000,7125
2023-10-12,2023,Octubre,Jueves,Santa Ana,1000,2000,3000,5000,11000,10884
2023-10-13,2023,Octubre,Viernes,Córdoba,1000,2000,2000,3000,8000,7865
2023-10-13,2023,Octubre,Viernes,La Floresta,1000,2000,2000,2000,7000,6962
2023-10-13,2023,Octubre,Viernes,Los Cedros,1000,2000,2000,3000,8000,8121
2023-10-13,2023,Octubre,Viernes,Palermo,1000,2000,2000,1000,6000,5947
2023-10-13,2023,Octubre,Viernes,Santa Ana,1000,2000,2000,5000,10000,9860
2023-10-14,2023,Octubre,Sábado,Córdoba,1000,2000,1000,3000,7000,6917
2023-10-14,2023,Octubre,Sábado,La Floresta,1000,2000,1000,2000,6000,5866
2023-10-14,2023,Octubre,Sábado,Los Cedros,1000,2000,1000,3000,7000,6847
2023-10-14,2023,Octubre,Sábado,Palermo,1000,2000,1000,1000,5000,4967
2023-10-14,2023,Octubre,Sábado,Santa Ana,1000,2000,1000,5000,9000,9017
2023-10-15,2023,Octubre,Domingo,Córdoba,1000,2000,1000,3000,7000,6957
2023-10-15,2023,Octubre,Domingo,La Floresta,1000,2000,1000,2000,6000,6032
2023-10-15,2023,Octubre,Domingo,Los Cedros,1000,2000,1000,3000,7000,7051
2023-10-15,2023,Octubre,Domingo,Palermo,1000,2000,1000,1000,5000,4997
2023-10-15,2023,Octubre,Domingo,Santa Ana,1000,2000,1000,5000,9000,9219
2023-10-16,2023,Octubre,Lunes,Córdoba,1000,2000,2000,3000,8000,7856
2023-10-16,2023,Octubre,Lunes,La Floresta,1000,2000,2000,2000,7000,6944
2023-10-16,2023,Octubre,Lunes,Los Cedros,1000,2000,2000,3000,8000,7912
2023-10-16,2023,Octubre,Lunes,Palermo,1000,2000,2000,1000,6000,6029
2023-10-16,2023,Octubre,Lunes,Santa Ana,1000,2000,2000,5000,10000,10048
2023-10-17,2023,Octubre,Martes,Córdoba,1000,2000,3000,3000,9000,8994
2023-10-17,2023,Octubre,Martes,La Floresta,1000,2000,3000,2000,8000,8020
2023-10-17,2023,Octubre,Martes,Los Cedros,1000,2000,3000,3000,9000,8996
2023-10-17,2023,Octubre,Martes,Palermo,1000,2000,3000,1000,7000,7065
2023-10-17,2023,Octubre,Martes,Santa Ana,1000,2000,3000,5000,11000,10955
2023-10-18,2023,Octubre,Miércoles,Córdoba,1000,2000,3500,3000,9500,9686
2023-10-18,2023,Octubre,Miércoles,La Floresta,1000,2000,3500,2000,8500,8560
2023-10-18,2023,Octubre,Miércoles,Los Cedros,1000,2000,3500,3000,9500,9305
2023-10-18,2023,Octubre,Miércoles,Palermo,1000,2000,3500,1000,7500,7525
2023-10-18,2023,Octubre,Miércoles,Santa Ana,1000,2000,3500,5000,11500,11724
2023-10-19,2023,Octubre,Jueves,Córdoba,1000,2000,3000,3000,9000,9058
2023-10-19,2023,Octubre,Jueves,La Floresta,1000,2000,3000,2000,8000,7945
2023-10-19,2023,Octubre,Jueves,Los Cedros,1000,2000,3000,3000,9000,9068
2023-10-19,2023,Octubre,Jueves,Palermo,1000,2000,3000,1000,7000,6861
2023-10-19,2023,Octubre,Jueves,Santa Ana,1000,2000,3000,5000,11000,11014
2023-10-20,2023,Octubre,Viernes,Córdoba,1000,2000,2000,3000,8000,7966
2023-10-20,2023,Octubre,Viernes,La Floresta,1000,2000,2000,2000,7000,6978
2023-10-20,2023,Octubre,Viernes,Los Cedros,1000,2000,2000,3000,8000,8002
2023-10-20,2023,Octubre,Viernes,Palermo,1000,2000,2000,1000,6000,6164
2023-10-20,2023,Octubre,Viernes,Santa Ana,1000,2000,2000,5000,10000,10030
2023-10-21,2023,Octubre,Sábado,Córdoba,1000,2000,1000,3000,7000,7001
2023-10-21,2023,Octubre,Sábado,La Floresta,1000,2000,1000,2000,6000,5952
2023-10-21,2023,Octubre,Sábado,Los Cedros,1000,2000,1000,3000,7000,6961
2023-10-21,2023,Octubre,Sábado,Palermo,1000,2000,1000,1000,5000,4919
2023-10-21,2023,Octubre,Sábado,Santa Ana,1000,2000,1000,5000,9000,9006
2023-10-22,2023,Octubre,Domingo,Córdoba,1000,2000,1000,3000,7000,6999
2023-10-22,2023,Octubre,Domingo,La Floresta,1000,2000,1000,2000,6000,6066
2023-10-22,2023,Octubre,Domingo,Los Cedros,1000,2000,1000,3000,7000,6752
2023-10-22,2023,Octubre,Domingo,Palermo,1000,2000,1000,1000,5000,4812
2023-10-22,2023,Octubre,Domingo,Santa Ana,1000,2000,1000,5000,9000,9088
2023-10-23,2023,Octubre,Lunes,Córdoba,1000,2000,2000,3000,8000,7951
2023-10-23,2023,Octubre,Lunes,La Floresta,1000,2000,2000,2000,7000,7044
2023-10-23,2023,Octubre,Lunes,Los Cedros,1000,2000,2000,3000,8000,7952
2023-10-23,2023,Octubre,Lunes,Palermo,1000,2000,2000,1000,6000,6019
2023-10-23,2023,Octubre,Lunes,Santa Ana,1000,2000,2000,5000,10000,10017
2023-10-24,2023,Octubre,Martes,Córdoba,1000,2000,3000,3000,9000,9002
2023-10-24,2023,Octubre,Martes,La Floresta,1000,2000,3000,2000,8000,7887
2023-10-24,2023,Octubre,Martes,Los Cedros,1000,2000,3000,3000,9000,9138
2023-10-24,2023,Octubre,Martes,Palermo,1000,2000,3000,1000,7000,7101
2023-10-24,2023,Octubre,Martes,Santa Ana,1000,2000,3000,5000,11000,11060
2023-10-25,2023,Octubre,Miércoles,Córdoba,1000,2000,3500,3000,9500,9513
2023-10-25,2023,Octubre,Miércoles,La Floresta,1000,2000,3500,2000,8500,8441
2023-10-25,2023,Octubre,Miércoles,Los Cedros,1000,2000,3500,3000,9500,9671
2023-10-25,2023,Octubre,Miércoles,Palermo,1000,2000,3500,1000,7500,7419
2023-10-25,2023,Octubre,Miércoles,Santa Ana,1000,2000,3500,5000,11500,11486
2023-10-26,2023,Octubre,Jueves,Córdoba,1000,2000,3000,3000,9000,8830
2023-10-26,2023,Octubre,Jueves,La Floresta,1000,2000,3000,2000,8000,7889
2023-10-26,2023,Octubre,Jueves,Los Cedros,1000,2000,3000,3000,9000,9331
2023-10-26,2023,Octubre,Jueves,Palermo,1000,2000,3000,1000,7000,7061
2023-10-26,2023,Octubre,Jueves,Santa Ana,1000,2000,3000,5000,11000,10982
2023-10-27,2023,Octubre,Viernes,Córdoba,1000,2000,2000,3000,8000,8004
2023-10-27,2023,Octubre,Viernes,La Floresta,1000,2000,2000,2000,7000,6843
2023-10-27,2023,Octubre,Viernes,Los Cedros,1000,2000,2000,3000,8000,8006
2023-10-27,2023,Octubre,Viernes,Palermo,1000,2000,2000,1000,6000,6104
2023-10-27,2023,Octubre,Viernes,Santa Ana,1000,2000,2000,5000,10000,10056
2023-10-28,2023,Octubre,Sábado,Córdoba,1000,2000,1000,3000,7000,7029
2023-10-28,2023,Octubre,Sábado,La Floresta,1000,2000,1000,2000,6000,6036
2023-10-28,2023,Octubre,Sábado,Los Cedros,1000,2000,1000,3000,7000,7003
2023-10-28,2023,Octubre,Sábado,Palermo,1000,2000,1000,1000,5000,4958
2023-10-28,2023,Octubre,Sábado,Santa Ana,1000,2000,1000,5000,9000,9002
2023-10-29,2023,Octubre,Domingo,Córdoba,1000,2000,1000,3000,7000,6862
2023-10-29,2023,Octubre,Domingo,La Floresta,1000,2000,1000,2000,6000,6096
2023-10-29,2023,Octubre,Domingo,Los Cedros,1000,2000,1000,3000,7000,7039
2023-10-29,2023,Octubre,Domingo,Palermo,1000,2000,1000,1000,5000,4918
2023-10-29,2023,Octubre,Domingo,Santa Ana,1000,2000,1000,5000,9000,8802
2023-10-30,2023,Octubre,Lunes,Córdoba,1000,2000,2000,3000,8000,7936
2023-10-30,2023,Octubre,Lunes,La Floresta,1000,2000,2000,2000,7000,7015
2023-10-30,2023,Octubre,Lunes,Los Cedros,1000,2000,2000,3000,8000,7841
2023-10-30,2023,Octubre,Lunes,Palermo,1000,2000,2000,1000,6000,5961
2023-10-30,2023,Octubre,Lunes,Santa Ana,1000,2000,2000,5000,10000,10178
2023-10-31,2023,Octubre,Martes,Córdoba,1000,2000,3000,3000,9000,9054
2023-10-31,2023,Octubre,Martes,La Floresta,1000,2000,3000,2000,8000,8121
2023-10-31,2023,Octubre,Martes,Los Cedros,1000,2000,3000,3000,9000,9050
2023-10-31,2023,Octubre,Martes,Palermo,1000,2000,3000,1000,7000,6958
2023-10-31,2023,Octubre,Martes,Santa Ana,1000,2000,3000,5000,11000,10729
2023-11-01,2023,Noviembre,Miércoles,Córdoba,1000,1500,3500,3000,9000,8984
2023-11-01,2023,Noviembre,Miércoles,La Floresta,1000,1500,3500,2000,8000,7988
2023-11-01,2023,Noviembre,Miércoles,Los Cedros,1000,1500,3500,3000,9000,9072
2023-11-01,2023,Noviembre,Miércoles,Palermo,1000,1500,3500,1000,7000,7029
2023-11-01,2023,Noviembre,Miércoles,Santa Ana,1000,1500,3500,5000,11000,11208
2023-11-02,2023,Noviembre,Jueves,Córdoba,1000,1500,3000,3000,8500,8485
2023-11-02,2023,Noviembre,Jueves,La Floresta,1000,1500,3000,2000,7500,7513
2023-11-02,2023,Noviembre,Jueves,Los Cedros,1000,1500,3000,3000,8500,8598
2023-11-02,2023,Noviembre,Jueves,Palermo,1000,1500,3000,1000,6500,6652
2023-11-02,2023,Noviembre,Jueves,Santa Ana,1000,1500,3000,5000,10500,10515
2023-11-03,2023,Noviembre,Viernes,Córdoba,1000,1500,2000,3000,7500,7522
2023-11-03,2023,Noviembre,Viernes,La Floresta,1000,1500,2000,2000,6500,6548
2023-11-03,2023,Noviembre,Viernes,Los Cedros,1000,1500,2000,3000,7500,7545
2023-11-03,2023,Noviembre,Viernes,Palermo,1000,1500,2000,1000,5500,5432
2023-11-03,2023,Noviembre,Viernes,Santa Ana,1000,1500,2000,5000,9500,9609
2023-11-04,2023,Noviembre,Sábado,Córdoba,1000,1500,1000,3000,6500,6480
2023-11-04,2023,Noviembre,Sábado,La Floresta,1000,1500,1000,2000,5500,5403
2023-11-04,2023,Noviembre,Sábado,Los Cedros,1000,1500,1000,3000,6500,6552
2023-11-04,2023,Noviembre,Sábado,Palermo,1000,1500,1000,1000,4500,4479
2023-11-04,2023,Noviembre,Sábado,Santa Ana,1000,1500,1000,5000,8500,8612
2023-11-05,2023,Noviembre,Domingo,Córdoba,1000,1500,1000,3000,6500,6525
2023-11-05,2023,Noviembre,Domingo,La Floresta,1000,1500,1000,2000,5500,5499
2023-11-05,2023,Noviembre,Domingo,Los Cedros,1000,1500,1000,3000,6500,6543
2023-11-05,2023,Noviembre,Domingo,Palermo,1000,1500,1000,1000,4500,4615
2023-11-05,2023,Noviembre,Domingo,Santa Ana,1000,1500,1000,5000,8500,8560
2023-11-06,2023,Noviembre,Lunes,Córdoba,1000,1500,2000,3000,7500,7375
2023-11-06,2023,Noviembre,Lunes,La Floresta,1000,1500,2000,2000,6500,6505
2023-11-06,2023,Noviembre,Lunes,Los Cedros,1000,1500,2000,3000,7500,7376
2023-11-06,2023,Noviembre,Lunes,Palermo,1000,1500,2000,1000,5500,5501
2023-11-06,2023,Noviembre,Lunes,Santa Ana,1000,1500,2000,5000,9500,9512
2023-11-07,2023,Noviembre,Martes,Córdoba,1000,1500,3000,3000,8500,8423
2023-11-07,2023,Noviembre,Martes,La Floresta,1000,1500,3000,2000,7500,7301
2023-11-07,2023,Noviembre,Martes,Los Cedros,1000,1500,3000,3000,8500,8493
2023-11-07,2023,Noviembre,Martes,Palermo,1000,1500,3000,1000,6500,6549
2023-11-07,2023,Noviembre,Martes,Santa Ana,1000,1500,3000,5000,10500,10614
2023-11-08,2023,Noviembre,Miércoles,Córdoba,1000,1500,3500,3000,9000,8867
2023-11-08,2023,Noviembre,Miércoles,La Floresta,1000,1500,3500,2000,8000,8127
2023-11-08,2023,Noviembre,Miércoles,Los Cedros,1000,1500,3500,3000,9000,9133
2023-11-08,2023,Noviembre,Miércoles,Palermo,1000,1500,3500,1000,7000,6958
2023-11-08,2023,Noviembre,Miércoles,Santa Ana,1000,1500,3500,5000,11000,10879
2023-11-09,2023,Noviembre,Jueves,Córdoba,1000,1500,3000,3000,8500,8532
2023-11-09,2023,Noviembre,Jueves,La Floresta,1000,1500,3000,2000,7500,7461
2023-11-09,2023,Noviembre,Jueves,Los Cedros,1000,1500,3000,3000,8500,8443
2023-11-09,2023,Noviembre,Jueves,Palermo,1000,1500,3000,1000,6500,6500
2023-11-09,2023,Noviembre,Jueves,Santa Ana,1000,1500,3000,5000,10500,10629
2023-11-10,2023,Noviembre,Viernes,Córdoba,1000,1500,2000,3000,7500,7569
2023-11-10,2023,Noviembre,Viernes,La Floresta,1000,1500,2000,2000,6500,6625
2023-11-10,2023,Noviembre,Viernes,Los Cedros,1000,1500,2000,3000,7500,7607
2023-11-10,2023,Noviembre,Viernes,Palermo,1000,1500,2000,1000,5500,5583
2023-11-10,2023,Noviembre,Viernes,Santa Ana,1000,1500,2000,5000,9500,9561
2023-11-11,2023,Noviembre,Sábado,Córdoba,1000,1500,1000,3000,6500,6566
2023-11-11,2023,Noviembre,Sábado,La Floresta,1000,1500,1000,2000,5500,5461
2023-11-11,2023,Noviembre,Sábado,Los Cedros,1000,1500,1000,3000,6500,6583
2023-11-11,2023,Noviembre,Sábado,Palermo,1000,1500,1000,1000,4500,4550
2023-11-11,2023,Noviembre,Sábado,Santa Ana,1000,1500,1000,5000,8500,8448
2023-11-12,2023,Noviembre,Domingo,Córdoba,1000,1500,1000,3000,6500,6578
2023-11-12,2023,Noviembre,Domingo,La Floresta,1000,1500,1000,2000,5500,5623
2023-11-12,2023,Noviembre,Domingo,Los Cedros,1000,1500,1000,3000,6500,6475
2023-11-12,2023,Noviembre,Domingo,Palermo,1000,1500,1000,1000,4500,4558
2023-11-12,2023,Noviembre,Domingo,Santa Ana,1000,1500,1000,5000,8500,8474
2023-11-13,2023,Noviembre,Lunes,Córdoba,1000,1500,2000,3000,7500,7500
2023-11-13,2023,Noviembre,Lunes,La Floresta,1000,1500,2000,2000,6500,6604
2023-11-13,2023,Noviembre,Lunes,Los Cedros,1000,1500,2000,3000,7500,7699
2023-11-13,2023,Noviembre,Lunes,Palermo,1000,1500,2000,1000,5500,5453
2023-11-13,2023,Noviembre,Lunes,Santa Ana,1000,1500,2000,5000,9500,9595
2023-11-14,2023,Noviembre,Martes,Córdoba,1000,1500,3000,3000,8500,8530
2023-11-14,2023,Noviembre,Martes,La Floresta,1000,1500,3000,2000,7500,7394
2023-11-14,2023,Noviembre,Martes,Los Cedros,1000,1500,3000,3000,8500,8412
2023-11-14,2023,Noviembre,Martes,Palermo,1000,1500,3000,1000,6500,6536
2023-11-14,2023,Noviembre,Martes,Santa Ana,1000,1500,3000,5000,10500,10700
2023-11-15,2023,Noviembre,Miércoles,Córdoba,1000,1500,3500,3000,9000,8987
2023-11-15,2023,Noviembre,Miércoles,La Floresta,1000,1500,3500,2000,8000,7965
2023-11-15,2023,Noviembre,Miércoles,Los Cedros,1000,1500,3500,3000,9000,8950
2023-11-15,2023,Noviembre,Miércoles,Palermo,1000,1500,3500,1000,7000,7029
2023-11-15,2023,Noviembre,Miércoles,Santa Ana,1000,1500,3500,5000,11000,11031
2023-11-16,2023,Noviembre,Jueves,Córdoba,1000,1500,3000,3000,8500,8526
2023-11-16,2023,Noviembre,Jueves,La Floresta,1000,1500,3000,2000,7500,7621
2023-11-16,2023,Noviembre,Jueves,Los Cedros,1000,1500,3000,3000,8500,8538
2023-11-16,2023,Noviembre,Jueves,Palermo,1000,1500,3000,1000,6500,6382
2023-11-16,2023,Noviembre,Jueves,Santa Ana,1000,1500,3000,5000,10500,10550
2023-11-17,2023,Noviembre,Viernes,Córdoba,1000,1500,2000,3000,7500,7588
2023-11-17,2023,Noviembre,Viernes,La Floresta,1000,1500,2000,2000,6500,6584
2023-11-17,2023,Noviembre,Viernes,Los Cedros,1000,1500,2000,3000,7500,7584
2023-11-17,2023,Noviembre,Viernes,Palermo,1000,1500,2000,1000,5500,5450
2023-11-17,2023,Noviembre,Viernes,Santa Ana,1000,1500,2000,5000,9500,9525
2023-11-18,2023,Noviembre,Sábado,Córdoba,1000,1500,1000,3000,6500,6455
2023-11-18,2023,Noviembre,Sábado,La Floresta,1000,1500,1000,2000,5500,5468
2023-11-18,2023,Noviembre,Sábado,Los Cedros,1000,1500,1000,3000,6500,6438
2023-11-18,2023,Noviembre,Sábado,Palermo,1000,1500,1000,1000,4500,4460
2023-11-18,2023,Noviembre,Sábado,Santa Ana,1000,1500,1000,5000,8500,8295
2023-11-19,2023,Noviembre,Domingo,Córdoba,1000,1500,1000,3000,6500,6616
2023-11-19,2023,Noviembre,Domingo,La Floresta,1000,1500,1000,2000,5500,5416
2023-11-19,2023,Noviembre,Domingo,Los Cedros,1000,1500,1000,3000,6500,6609
2023-11-19,2023,Noviembre,Domingo,Palermo,1000,1500,1000,1000,4500,4440
2023-11-19,2023,Noviembre,Domingo,Santa Ana,1000,1500,1000,5000,8500,8451
2023-11-20,2023,Noviembre,Lunes,Córdoba,1000,1500,2000,3000,7500,7448
2023-11-20,2023,Noviembre,Lunes,La Floresta,1000,1500,2000,2000,6500,6427
2023-11-20,2023,Noviembre,Lunes,Los Cedros,1000,1500,2000,3000,7500,7470
2023-11-20,2023,Noviembre,Lunes,Palermo,1000,1500,2000,1000,5500,5470
2023-11-20,2023,Noviembre,Lunes,Santa Ana,1000,1500,2000,5000,9500,9423
2023-11-21,2023,Noviembre,Martes,Córdoba,1000,1500,3000,3000,8500,8481
2023-11-21,2023,Noviembre,Martes,La Floresta,1000,1500,3000,2000,7500,7455
2023-11-21,2023,Noviembre,Martes,Los Cedros,1000,1500,3000,3000,8500,8439
2023-11-21,2023,Noviembre,Martes,Palermo,1000,1500,3000,1000,6500,6558
2023-11-21,2023,Noviembre,Martes,Santa Ana,1000,1500,3000,5000,10500,10593
2023-11-22,2023,Noviembre,Miércoles,Córdoba,1000,1500,3500,3000,9000,9073
2023-11-22,2023,Noviembre,Miércoles,La Floresta,1000,1500,3500,2000,8000,7961
2023-11-22,2023,Noviembre,Miércoles,Los Cedros,1000,1500,3500,3000,9000,9031
2023-11-22,2023,Noviembre,Miércoles,Palermo,1000,1500,3500,1000,7000,6867
2023-11-22,2023,Noviembre,Miércoles,Santa Ana,1000,1500,3500,5000,11000,10893
2023-11-23,2023,Noviembre,Jueves,Córdoba,1000,1500,3000,3000,8500,8455
2023-11-23,2023,Noviembre,Jueves,La Floresta,1000,1500,3000,2000,7500,7620
2023-11-23,2023,Noviembre,Jueves,Los Cedros,1000,1500,3000,3000,8500,8519
2023-11-23,2023,Noviembre,Jueves,Palermo,1000,1500,3000,1000,6500,6337
2023-11-23,2023,Noviembre,Jueves,Santa Ana,1000,1500,3000,5000,10500,10439
2023-11-24,2023,Noviembre,Viernes,Córdoba,1000,1500,2000,3000,7500,7668
2023-11-24,2023,Noviembre,Viernes,La Floresta,1000,1500,2000,2000,6500,6603
2023-11-24,2023,Noviembre,Viernes,Los Cedros,1000,1500,2000,3000,7500,7603
2023-11-24,2023,Noviembre,Viernes,Palermo,1000,1500,2000,1000,5500,5551
2023-11-24,2023,Noviembre,Viernes,Santa Ana,1000,1500,2000,5000,9500,9483
2023-11-25,2023,Noviembre,Sábado,Córdoba,1000,1500,1000,3000,6500,6550
2023-11-25,2023,Noviembre,Sábado,La Floresta,1000,1500,1000,2000,5500,5588
2023-11-25,2023,Noviembre,Sábado,Los Cedros,1000,1500,1000,3000,6500,6583
2023-11-25,2023,Noviembre,Sábado,Palermo,1000,1500,1000,1000,4500,4680
2023-11-25,2023,Noviembre,Sábado,Santa Ana,1000,1500,1000,5000,8500,8537
2023-11-26,2023,Noviembre,Domingo,Córdoba,1000,1500,1000,3000,6500,6427
2023-11-26,2023,Noviembre,Domingo,La Floresta,1000,1500,1000,2000,5500,5515
2023-11-26,2023,Noviembre,Domingo,Los Cedros,1000,1500,1000,3000,6500,6440
2023-11-26,2023,Noviembre,Domingo,Palermo,1000,1500,1000,1000,4500,4563
2023-11-26,2023,Noviembre,Domingo,Santa Ana,1000,1500,1000,5000,8500,8681
2023-11-27,2023,Noviembre,Lunes,Córdoba,1000,1500,2000,3000,7500,7356
2023-11-27,2023,Noviembre,Lunes,La Floresta,1000,1500,2000,2000,6500,6370
2023-11-27,2023,Noviembre,Lunes,Los Cedros,1000,1500,2000,3000,7500,7434
2023-11-27,2023,Noviembre,Lunes,Palermo,1000,1500,2000,1000,5500,5458
2023-11-27,2023,Noviembre,Lunes,Santa Ana,1000,1500,2000,5000,9500,9618
2023-11-28,2023,Noviembre,Martes,Córdoba,1000,1500,3000,3000,8500,8350
2023-11-28,2023,Noviembre,Martes,La Floresta,1000,1500,3000,2000,7500,7491
2023-11-28,2023,Noviembre,Martes,Los Cedros,1000,1500,3000,3000,8500,8434
2023-11-28,2023,Noviembre,Martes,Palermo,1000,1500,3000,1000,6500,6647
2023-11-28,2023,Noviembre,Martes,Santa Ana,1000,1500,3000,5000,10500,10486
2023-11-29,2023,Noviembre,Miércoles,Córdoba,1000,1500,3500,3000,9000,9087
2023-11-29,2023,Noviembre,Miércoles,La Floresta,1000,1500,3500,2000,8000,8003
2023-11-29,2023,Noviembre,Miércoles,Los Cedros,1000,1500,3500,3000,9000,9045
2023-11-29,2023,Noviembre,Miércoles,Palermo,1000,1500,3500,1000,7000,7044
2023-11-29,2023,Noviembre,Miércoles,Santa Ana,1000,1500,3500,5000,11000,10783
2023-11-30,2023,Noviembre,Jueves,Córdoba,1000,1500,3000,3000,8500,8741
2023-11-30,2023,Noviembre,Jueves,La Floresta,1000,1500,3000,2000,7500,7356
2023-11-30,2023,Noviembre,Jueves,Los Cedros,1000,1500,3000,3000,8500,8676
2023-11-30,2023,Noviembre,Jueves,Palermo,1000,1500,3000,1000,6500,6506
2023-11-30,2023,Noviembre,Jueves,Santa Ana,1000,1500,3000,5000,10500,10562
2023-12-01,2023,Diciembre,Viernes,Córdoba,1000,1000,2000,3000,7000,6980
2023-12-01,2023,Diciembre,Viernes,La Floresta,1000,1000,2000,2000,6000,5933
2023-12-01,2023,Diciembre,Viernes,Los Cedros,1000,1000,2000,3000,7000,7015
2023-12-01,2023,Diciembre,Viernes,Palermo,1000,1000,2000,1000,5000,5030
2023-12-01,2023,Diciembre,Viernes,Santa Ana,1000,1000,2000,5000,9000,8958
2023-12-02,2023,Diciembre,Sábado,Córdoba,1000,1000,1000,3000,6000,6014
2023-12-02,2023,Diciembre,Sábado,La Floresta,1000,1000,1000,2000,5000,5034
2023-12-02,2023,Diciembre,Sábado,Los Cedros,1000,1000,1000,3000,6000,6151
2023-12-02,2023,Diciembre,Sábado,Palermo,1000,1000,1000,1000,4000,4012
2023-12-02,2023,Diciembre,Sábado,Santa Ana,1000,1000,1000,5000,8000,7951
2023-12-03,2023,Diciembre,Domingo,Córdoba,1000,1000,1000,3000,6000,6008
2023-12-03,2023,Diciembre,Domingo,La Floresta,1000,1000,1000,2000,5000,4985
2023-12-03,2023,Diciembre,Domingo,Los Cedros,1000,1000,1000,3000,6000,6042
2023-12-03,2023,Diciembre,Domingo,Palermo,1000,1000,1000,1000,4000,4052
2023-12-03,2023,Diciembre,Domingo,Santa Ana,1000,1000,1000,5000,8000,7982
2023-12-04,2023,Diciembre,Lunes,Córdoba,1000,1000,2000,3000,7000,6979
2023-12-04,2023,Diciembre,Lunes,La Floresta,1000,1000,2000,2000,6000,5947
2023-12-04,2023,Diciembre,Lunes,Los Cedros,1000,1000,2000,3000,7000,7163
2023-12-04,2023,Diciembre,Lunes,Palermo,1000,1000,2000,1000,5000,4995
2023-12-04,2023,Diciembre,Lunes,Santa Ana,1000,1000,2000,5000,9000,9063
2023-12-05,2023,Diciembre,Martes,Córdoba,1000,1000,3000,3000,8000,8040
2023-12-05,2023,Diciembre,Martes,La Floresta,1000,1000,3000,2000,7000,7046
2023-12-05,2023,Diciembre,Martes,Los Cedros,1000,1000,3000,3000,8000,8083
2023-12-05,2023,Diciembre,Martes,Palermo,1000,1000,3000,1000,6000,6041
2023-12-05,2023,Diciembre,Martes,Santa Ana,1000,1000,3000,5000,10000,9938
2023-12-06,2023,Diciembre,Miércoles,Córdoba,1000,1000,3500,3000,8500,8465
2023-12-06,2023,Diciembre,Miércoles,La Floresta,1000,1000,3500,2000,7500,7560
2023-12-06,2023,Diciembre,Miércoles,Los Cedros,1000,1000,3500,3000,8500,8425
2023-12-06,2023,Diciembre,Miércoles,Palermo,1000,1000,3500,1000,6500,6483
2023-12-06,2023,Diciembre,Miércoles,Santa Ana,1000,1000,3500,5000,10500,10763
2023-12-07,2023,Diciembre,Jueves,Córdoba,1000,1000,3000,3000,8000,8046
2023-12-07,2023,Diciembre,Jueves,La Floresta,1000,1000,3000,2000,7000,7081
2023-12-07,2023,Diciembre,Jueves,Los Cedros,1000,1000,3000,3000,8000,8055
2023-12-07,2023,Diciembre,Jueves,Palermo,1000,1000,3000,1000,6000,5993
2023-12-07,2023,Diciembre,Jueves,Santa Ana,1000,1000,3000,5000,10000,10030
2023-12-08,2023,Diciembre,Viernes,Córdoba,1000,1000,2000,3000,7000,6881
2023-12-08,2023,Diciembre,Viernes,La Floresta,1000,1000,2000,2000,6000,6014
2023-12-08,2023,Diciembre,Viernes,Los Cedros,1000,1000,2000,3000,7000,7029
2023-12-08,2023,Diciembre,Viernes,Palermo,1000,1000,2000,1000,5000,4974
2023-12-08,2023,Diciembre,Viernes,Santa Ana,1000,1000,2000,5000,9000,9213
2023-12-09,2023,Diciembre,Sábado,Córdoba,1000,1000,1000,3000,6000,5905
2023-12-09,2023,Diciembre,Sábado,La Floresta,1000,1000,1000,2000,5000,5045
2023-12-09,2023,Diciembre,Sábado,Los Cedros,1000,1000,1000,3000,6000,6273
2023-12-09,2023,Diciembre,Sábado,Palermo,1000,1000,1000,1000,4000,4116
2023-12-09,2023,Diciembre,Sábado,Santa Ana,1000,1000,1000,5000,8000,8058
2023-12-10,2023,Diciembre,Domingo,Córdoba,1000,1000,1000,3000,6000,5906
2023-12-10,2023,Diciembre,Domingo,La Floresta,1000,1000,1000,2000,5000,5126
2023-12-10,2023,Diciembre,Domingo,Los Cedros,1000,1000,1000,3000,6000,5957
2023-12-10,2023,Diciembre,Domingo,Palermo,1000,1000,1000,1000,4000,3919
2023-12-10,2023,Diciembre,Domingo,Santa Ana,1000,1000,1000,5000,8000,8004
2023-12-11,2023,Diciembre,Lunes,Córdoba,1000,1000,2000,3000,7000,7003
2023-12-11,2023,Diciembre,Lunes,La Floresta,1000,1000,2000,2000,6000,5972
2023-12-11,2023,Diciembre,Lunes,Los Cedros,1000,1000,2000,3000,7000,7084
2023-12-11,2023,Diciembre,Lunes,Palermo,1000,1000,2000,1000,5000,5009
2023-12-11,2023,Diciembre,Lunes,Santa Ana,1000,1000,2000,5000,9000,9058
2023-12-12,2023,Diciembre,Martes,Córdoba,1000,1000,3000,3000,8000,7921
2023-12-12,2023,Diciembre,Martes,La Floresta,1000,1000,3000,2000,7000,6975
2023-12-12,2023,Diciembre,Martes,Los Cedros,1000,1000,3000,3000,8000,8005
2023-12-12,2023,Diciembre,Martes,Palermo,1000,1000,3000,1000,6000,6036
2023-12-12,2023,Diciembre,Martes,Santa Ana,1000,1000,3000,5000,10000,10127
2023-12-13,2023,Diciembre,Miércoles,Córdoba,1000,1000,3500,3000,8500,8508
2023-12-13,2023,Diciembre,Miércoles,La Floresta,1000,1000,3500,2000,7500,7420
2023-12-13,2023,Diciembre,Miércoles,Los Cedros,1000,1000,3500,3000,8500,8509
2023-12-13,2023,Diciembre,Miércoles,Palermo,1000,1000,3500,1000,6500,6400
2023-12-13,2023,Diciembre,Miércoles,Santa Ana,1000,1000,3500,5000,10500,10454
2023-12-14,2023,Diciembre,Jueves,Córdoba,1000,1000,3000,3000,8000,7838
2023-12-14,2023,Diciembre,Jueves,La Floresta,1000,1000,3000,2000,7000,6999
2023-12-14,2023,Diciembre,Jueves,Los Cedros,1000,1000,3000,3000,8000,7959
2023-12-14,2023,Diciembre,Jueves,Palermo,1000,1000,3000,1000,6000,5999
2023-12-14,2023,Diciembre,Jueves,Santa Ana,1000,1000,3000,5000,10000,10003
2023-12-15,2023,Diciembre,Viernes,Córdoba,1000,1000,2000,3000,7000,6982
2023-12-15,2023,Diciembre,Viernes,La Floresta,1000,1000,2000,2000,6000,5919
2023-12-15,2023,Diciembre,Viernes,Los Cedros,1000,1000,2000,3000,7000,6924
2023-12-15,2023,Diciembre,Viernes,Palermo,1000,1000,2000,1000,5000,5094
2023-12-15,2023,Diciembre,Viernes,Santa Ana,1000,1000,2000,5000,9000,8906
2023-12-16,2023,Diciembre,Sábado,Córdoba,1000,1000,1000,3000,6000,6044
2023-12-16,2023,Diciembre,Sábado,La Floresta,1000,1000,1000,2000,5000,4867
2023-12-16,2023,Diciembre,Sábado,Los Cedros,1000,1000,1000,3000,6000,5886
2023-12-16,2023,Diciembre,Sábado,Palermo,1000,1000,1000,1000,4000,3966
2023-12-16,2023,Diciembre,Sábado,Santa Ana,1000,1000,1000,5000,8000,8190
2023-12-17,2023,Diciembre,Domingo,Córdoba,1000,1000,1000,3000,6000,6005
2023-12-17,2023,Diciembre,Domingo,La Floresta,1000,1000,1000,2000,5000,5000
2023-12-17,2023,Diciembre,Domingo,Los Cedros,1000,1000,1000,3000,6000,5985
2023-12-17,2023,Diciembre,Domingo,Palermo,1000,1000,1000,1000,4000,4150
2023-12-17,2023,Diciembre,Domingo,Santa Ana,1000,1000,1000,5000,8000,7960
2023-12-18,2023,Diciembre,Lunes,Córdoba,1000,1000,2000,3000,7000,7019
2023-12-18,2023,Diciembre,Lunes,La Floresta,1000,1000,2000,2000,6000,5834
2023-12-18,2023,Diciembre,Lunes,Los Cedros,1000,1000,2000,3000,7000,6998
2023-12-18,2023,Diciembre,Lunes,Palermo,1000,1000,2000,1000,5000,4884
2023-12-18,2023,Diciembre,Lunes,Santa Ana,1000,1000,2000,5000,9000,8832
2023-12-19,2023,Diciembre,Martes,Córdoba,1000,1000,3000,3000,8000,7861
2023-12-19,2023,Diciembre,Martes,La Floresta,1000,1000,3000,2000,7000,6927
2023-12-19,2023,Diciembre,Martes,Los Cedros,1000,1000,3000,3000,8000,7847
2023-12-19,2023,Diciembre,Martes,Palermo,1000,1000,3000,1000,6000,5938
2023-12-19,2023,Diciembre,Martes,Santa Ana,1000,1000,3000,5000,10000,9963
2023-12-20,2023,Diciembre,Miércoles,Córdoba,1000,1000,3500,3000,8500,8499
2023-12-20,2023,Diciembre,Miércoles,La Floresta,1000,1000,3500,2000,7500,7556
2023-12-20,2023,Diciembre,Miércoles,Los Cedros,1000,1000,3500,3000,8500,8610
2023-12-20,2023,Diciembre,Miércoles,Palermo,1000,1000,3500,1000,6500,6509
2023-12-20,2023,Diciembre,Miércoles,Santa Ana,1000,1000,3500,5000,10500,10452
2023-12-21,2023,Diciembre,Jueves,Córdoba,1000,1000,3000,3000,8000,7932
2023-12-21,2023,Diciembre,Jueves,La Floresta,1000,1000,3000,2000,7000,6940
2023-12-21,2023,Diciembre,Jueves,Los Cedros,1000,1000,3000,3000,8000,8166
2023-12-21,2023,Diciembre,Jueves,Palermo,1000,1000,3000,1000,6000,6014
2023-12-21,2023,Diciembre,Jueves,Santa Ana,1000,1000,3000,5000,10000,9888
2023-12-22,2023,Diciembre,Viernes,Córdoba,1000,1000,2000,3000,7000,6995
2023-12-22,2023,Diciembre,Viernes,La Floresta,1000,1000,2000,2000,6000,5933
2023-12-22,2023,Diciembre,Viernes,Los Cedros,1000,1000,2000,3000,7000,6954
2023-12-22,2023,Diciembre,Viernes,Palermo,1000,1000,2000,1000,5000,5031
2023-12-22,2023,Diciembre,Viernes,Santa Ana,1000,1000,2000,5000,9000,8845
2023-12-23,2023,Diciembre,Sábado,Córdoba,1000,1000,1000,3000,6000,5973
2023-12-23,2023,Diciembre,Sábado,La Floresta,1000,1000,1000,2000,5000,5029
2023-12-23,2023,Diciembre,Sábado,Los Cedros,1000,1000,1000,3000,6000,5897
2023-12-23,2023,Diciembre,Sábado,Palermo,1000,1000,1000,1000,4000,3965
2023-12-23,2023,Diciembre,Sábado,Santa Ana,1000,1000,1000,5000,8000,8003
2023-12-24,2023,Diciembre,Domingo,Córdoba,1000,1000,1000,3000,6000,5970
2023-12-24,2023,Diciembre,Domingo,La Floresta,1000,1000,1000,2000,5000,4911
2023-12-24,2023,Diciembre,Domingo,Los Cedros,1000,1000,1000,3000,6000,5996
2023-12-24,2023,Diciembre,Domingo,Palermo,1000,1000,1000,1000,4000,3950
2023-12-24,2023,Diciembre,Domingo,Santa Ana,1000,1000,1000,5000,8000,7985
2023-12-25,2023,Diciembre,Lunes,Córdoba,1000,1000,2000,3000,7000,6975
2023-12-25,2023,Diciembre,Lunes,La Floresta,1000,1000,2000,2000,6000,6010
2023-12-25,2023,Diciembre,Lunes,Los Cedros,1000,1000,2000,3000,7000,7090
2023-12-25,2023,Diciembre,Lunes,Palermo,1000,1000,2000,1000,5000,4956
2023-12-25,2023,Diciembre,Lunes,Santa Ana,1000,1000,2000,5000,9000,9214
2023-12-26,2023,Diciembre,Martes,Córdoba,1000,1000,3000,3000,8000,7973
2023-12-26,2023,Diciembre,Martes,La Floresta,1000,1000,3000,2000,7000,6885
2023-12-26,2023,Diciembre,Martes,Los Cedros,1000,1000,3000,3000,8000,7942
2023-12-26,2023,Diciembre,Martes,Palermo,1000,1000,3000,1000,6000,6125
2023-12-26,2023,Diciembre,Martes,Santa Ana,1000,1000,3000,5000,10000,9888
2023-12-27,2023,Diciembre,Miércoles,Córdoba,1000,1000,3500,3000,8500,8563
2023-12-27,2023,Diciembre,Miércoles,La Floresta,1000,1000,3500,2000,7500,7537
2023-12-27,2023,Diciembre,Miércoles,Los Cedros,1000,1000,3500,3000,8500,8394
2023-12-27,2023,Diciembre,Miércoles,Palermo,1000,1000,3500,1000,6500,6470
2023-12-27,2023,Diciembre,Miércoles,Santa Ana,1000,1000,3500,5000,10500,10477
2023-12-28,2023,Diciembre,Jueves,Córdoba,1000,1000,3000,3000,8000,8099
2023-12-28,2023,Diciembre,Jueves,La Floresta,1000,1000,3000,2000,7000,7009
2023-12-28,2023,Diciembre,Jueves,Los Cedros,1000,1000,3000,3000,8000,7838
2023-12-28,2023,Diciembre,Jueves,Palermo,1000,1000,3000,1000,6000,5883
2023-12-28,2023,Diciembre,Jueves,Santa Ana,1000,1000,3000,5000,10000,10011
2023-12-29,2023,Diciembre,Viernes,Córdoba,1000,1000,2000,3000,7000,7014
2023-12-29,2023,Diciembre,Viernes,La Floresta,1000,1000,2000,2000,6000,6020
2023-12-29,2023,Diciembre,Viernes,Los Cedros,1000,1000,2000,3000,7000,7046
2023-12-29,2023,Diciembre,Viernes,Palermo,1000,1000,2000,1000,5000,4957
2023-12-29,2023,Diciembre,Viernes,Santa Ana,1000,1000,2000,5000,9000,8917
2023-12-30,2023,Diciembre,Sábado,Córdoba,1000,1000,1000,3000,6000,6065
2023-12-30,2023,Diciembre,Sábado,La Floresta,1000,1000,1000,2000,5000,5045
2023-12-30,2023,Diciembre,Sábado,Los Cedros,1000,1000,1000,3000,6000,6129
2023-12-30,2023,Diciembre,Sábado,Palermo,1000,1000,1000,1000,4000,3967
2023-12-30,2023,Diciembre,Sábado,Santa Ana,1000,1000,1000,5000,8000,8142
2023-12-31,2023,Diciembre,Domingo,Córdoba,1000,1000,1000,3000,6000,6004
2023-12-31,2023,Diciembre,Domingo,La Floresta,1000,1000,1000,2000,5000,5018
2023-12-31,2023,Diciembre,Domingo,Los Cedros,1000,1000,1000,3000,6000,5959
2023-12-31,2023,Diciembre,Domingo,Palermo,1000,1000,1000,1000,4000,4089
2023-12-31,2023,Diciembre,Domingo,Santa Ana,1000,1000,1000,5000,8000,8074
2024-01-01,2024,Enero,Lunes,Córdoba,1500,1000,2000,3000,7500,7501
2024-01-01,2024,Enero,Lunes,La Floresta,1500,1000,2000,2000,6500,6556
2024-01-01,2024,Enero,Lunes,Los Cedros,1500,1000,2000,3000,7500,7482
2024-01-01,2024,Enero,Lunes,Palermo,1500,1000,2000,1000,5500,5502
2024-01-01,2024,Enero,Lunes,Santa Ana,1500,1000,2000,5000,9500,9592
2024-01-02,2024,Enero,Martes,Córdoba,1500,1000,3000,3000,8500,8430
2024-01-02,2024,Enero,Martes,La Floresta,1500,1000,3000,2000,7500,7473
2024-01-02,2024,Enero,Martes,Los Cedros,1500,1000,3000,3000,8500,8493
2024-01-02,2024,Enero,Martes,Palermo,1500,1000,3000,1000,6500,6485
2024-01-02,2024,Enero,Martes,Santa Ana,1500,1000,3000,5000,10500,10564
2024-01-03,2024,Enero,Miércoles,Córdoba,1500,1000,3500,3000,9000,9006
2024-01-03,2024,Enero,Miércoles,La Floresta,1500,1000,3500,2000,8000,8020
2024-01-03,2024,Enero,Miércoles,Los Cedros,1500,1000,3500,3000,9000,9150
2024-01-03,2024,Enero,Miércoles,Palermo,1500,1000,3500,1000,7000,6988
2024-01-03,2024,Enero,Miércoles,Santa Ana,1500,1000,3500,5000,11000,10982
2024-01-04,2024,Enero,Jueves,Córdoba,1500,1000,3000,3000,8500,8529
2024-01-04,2024,Enero,Jueves,La Floresta,1500,1000,3000,2000,7500,7535
2024-01-04,2024,Enero,Jueves,Los Cedros,1500,1000,3000,3000,8500,8509
2024-01-04,2024,Enero,Jueves,Palermo,1500,1000,3000,1000,6500,6573
2024-01-04,2024,Enero,Jueves,Santa Ana,1500,1000,3000,5000,10500,10627
2024-01-05,2024,Enero,Viernes,Córdoba,1500,1000,2000,3000,7500,7372
2024-01-05,2024,Enero,Viernes,La Floresta,1500,1000,2000,2000,6500,6554
2024-01-05,2024,Enero,Viernes,Los Cedros,1500,1000,2000,3000,7500,7551
2024-01-05,2024,Enero,Viernes,Palermo,1500,1000,2000,1000,5500,5627
2024-01-05,2024,Enero,Viernes,Santa Ana,1500,1000,2000,5000,9500,9543
2024-01-06,2024,Enero,Sábado,Córdoba,1500,1000,1000,3000,6500,6389
2024-01-06,2024,Enero,Sábado,La Floresta,1500,1000,1000,2000,5500,5373
2024-01-06,2024,Enero,Sábado,Los Cedros,1500,1000,1000,3000,6500,6512
2024-01-06,2024,Enero,Sábado,Palermo,1500,1000,1000,1000,4500,4456
2024-01-06,2024,Enero,Sábado,Santa Ana,1500,1000,1000,5000,8500,8328
2024-01-07,2024,Enero,Domingo,Córdoba,1500,1000,1000,3000,6500,6420
2024-01-07,2024,Enero,Domingo,La Floresta,1500,1000,1000,2000,5500,5431
2024-01-07,2024,Enero,Domingo,Los Cedros,1500,1000,1000,3000,6500,6382
2024-01-07,2024,Enero,Domingo,Palermo,1500,1000,1000,1000,4500,4550
2024-01-07,2024,Enero,Domingo,Santa Ana,1500,1000,1000,5000,8500,8402
2024-01-08,2024,Enero,Lunes,Córdoba,1500,1000,2000,3000,7500,7545
2024-01-08,2024,Enero,Lunes,La Floresta,1500,1000,2000,2000,6500,6547
2024-01-08,2024,Enero,Lunes,Los Cedros,1500,1000,2000,3000,7500,7488
2024-01-08,2024,Enero,Lunes,Palermo,1500,1000,2000,1000,5500,5514
2024-01-08,2024,Enero,Lunes,Santa Ana,1500,1000,2000,5000,9500,9486
2024-01-09,2024,Enero,Martes,Córdoba,1500,1000,3000,3000,8500,8515
2024-01-09,2024,Enero,Martes,La Floresta,1500,1000,3000,2000,7500,7458
2024-01-09,2024,Enero,Martes,Los Cedros,1500,1000,3000,3000,8500,8419
2024-01-09,2024,Enero,Martes,Palermo,1500,1000,3000,1000,6500,6524
2024-01-09,2024,Enero,Martes,Santa Ana,1500,1000,3000,5000,10500,10395
2024-01-10,2024,Enero,Miércoles,Córdoba,1500,1000,3500,3000,9000,9010
2024-01-10,2024,Enero,Miércoles,La Floresta,1500,1000,3500,2000,8000,8062
2024-01-10,2024,Enero,Miércoles,Los Cedros,1500,1000,3500,3000,9000,8819
2024-01-10,2024,Enero,Miércoles,Palermo,1500,1000,3500,1000,7000,6972
2024-01-10,2024,Enero,Miércoles,Santa Ana,1500,1000,3500,5000,11000,11389
2024-01-11,2024,Enero,Jueves,Córdoba,1500,1000,3000,3000,8500,8411
2024-01-11,2024,Enero,Jueves,La Floresta,1500,1000,3000,2000,7500,7494
2024-01-11,2024,Enero,Jueves,Los Cedros,1500,1000,3000,3000,8500,8560
2024-01-11,2024,Enero,Jueves,Palermo,1500,1000,3000,1000,6500,6597
2024-01-11,2024,Enero,Jueves,Santa Ana,1500,1000,3000,5000,10500,10590
2024-01-12,2024,Enero,Viernes,Córdoba,1500,1000,2000,3000,7500,7444
2024-01-12,2024,Enero,Viernes,La Floresta,1500,1000,2000,2000,6500,6419
2024-01-12,2024,Enero,Viernes,Los Cedros,1500,1000,2000,3000,7500,7600
2024-01-12,2024,Enero,Viernes,Palermo,1500,1000,2000,1000,5500,5682
2024-01-12,2024,Enero,Viernes,Santa Ana,1500,1000,2000,5000,9500,9455
2024-01-13,2024,Enero,Sábado,Córdoba,1500,1000,1000,3000,6500,6427
2024-01-13,2024,Enero,Sábado,La Floresta,1500,1000,1000,2000,5500,5484
2024-01-13,2024,Enero,Sábado,Los Cedros,1500,1000,1000,3000,6500,6574
2024-01-13,2024,Enero,Sábado,Palermo,1500,1000,1000,1000,4500,4566
2024-01-13,2024,Enero,Sábado,Santa Ana,1500,1000,1000,5000,8500,8550
2024-01-14,2024,Enero,Domingo,Córdoba,1500,1000,1000,3000,6500,6630
2024-01-14,2024,Enero,Domingo,La Floresta,1500,1000,1000,2000,5500,5453
2024-01-14,2024,Enero,Domingo,Los Cedros,1500,1000,1000,3000,6500,6527
2024-01-14,2024,Enero,Domingo,Palermo,1500,1000,1000,1000,4500,4600
2024-01-14,2024,Enero,Domingo,Santa Ana,1500,1000,1000,5000,8500,8475
2024-01-15,2024,Enero,Lunes,Córdoba,1500,1000,2000,3000,7500,7508
2024-01-15,2024,Enero,Lunes,La Floresta,1500,1000,2000,2000,6500,6356
2024-01-15,2024,Enero,Lunes,Los Cedros,1500,1000,2000,3000,7500,7586
2024-01-15,2024,Enero,Lunes,Palermo,1500,1000,2000,1000,5500,5488
2024-01-15,2024,Enero,Lunes,Santa Ana,1500,1000,2000,5000,9500,9337
2024-01-16,2024,Enero,Martes,Córdoba,1500,1000,3000,3000,8500,8433
2024-01-16,2024,Enero,Martes,La Floresta,1500,1000,3000,2000,7500,7513
2024-01-16,2024,Enero,Martes,Los Cedros,1500,1000,3000,3000,8500,8687
2024-01-16,2024,Enero,Martes,Palermo,1500,1000,3000,1000,6500,6505
2024-01-16,2024,Enero,Martes,Santa Ana,1500,1000,3000,5000,10500,10492
2024-01-17,2024,Enero,Miércoles,Córdoba,1500,1000,3500,3000,9000,8910
2024-01-17,2024,Enero,Miércoles,La Floresta,1500,1000,3500,2000,8000,8107
2024-01-17,2024,Enero,Miércoles,Los Cedros,1500,1000,3500,3000,9000,9100
2024-01-17,2024,Enero,Miércoles,Palermo,1500,1000,3500,1000,7000,7028
2024-01-17,2024,Enero,Miércoles,Santa Ana,1500,1000,3500,5000,11000,11203
2024-01-18,2024,Enero,Jueves,Córdoba,1500,1000,3000,3000,8500,8604
2024-01-18,2024,Enero,Jueves,La Floresta,1500,1000,3000,2000,7500,7598
2024-01-18,2024,Enero,Jueves,Los Cedros,1500,1000,3000,3000,8500,8362
2024-01-18,2024,Enero,Jueves,Palermo,1500,1000,3000,1000,6500,6347
2024-01-18,2024,Enero,Jueves,Santa Ana,1500,1000,3000,5000,10500,10289
2024-01-19,2024,Enero,Viernes,Córdoba,1500,1000,2000,3000,7500,7505
2024-01-19,2024,Enero,Viernes,La Floresta,1500,1000,2000,2000,6500,6394
2024-01-19,2024,Enero,Viernes,Los Cedros,1500,1000,2000,3000,7500,7517
2024-01-19,2024,Enero,Viernes,Palermo,1500,1000,2000,1000,5500,5561
2024-01-19,2024,Enero,Viernes,Santa Ana,1500,1000,2000,5000,9500,9503
2024-01-20,2024,Enero,Sábado,Córdoba,1500,1000,1000,3000,6500,6497
2024-01-20,2024,Enero,Sábado,La Floresta,1500,1000,1000,2000,5500,5534
2024-01-20,2024,Enero,Sábado,Los Cedros,1500,1000,1000,3000,6500,6617
2024-01-20,2024,Enero,Sábado,Palermo,1500,1000,1000,1000,4500,4656
2024-01-20,2024,Enero,Sábado,Santa Ana,1500,1000,1000,5000,8500,8406
2024-01-21,2024,Enero,Domingo,Córdoba,1500,1000,1000,3000,6500,6448
2024-01-21,2024,Enero,Domingo,La Floresta,1500,1000,1000,2000,5500,5555
2024-01-21,2024,Enero,Domingo,Los Cedros,1500,1000,1000,3000,6500,6494
2024-01-21,2024,Enero,Domingo,Palermo,1500,1000,1000,1000,4500,4419
2024-01-21,2024,Enero,Domingo,Santa Ana,1500,1000,1000,5000,8500,8427
2024-01-22,2024,Enero,Lunes,Córdoba,1500,1000,2000,3000,7500,7505
2024-01-22,2024,Enero,Lunes,La Floresta,1500,1000,2000,2000,6500,6521
2024-01-22,2024,Enero,Lunes,Los Cedros,1500,1000,2000,3000,7500,7558
2024-01-22,2024,Enero,Lunes,Palermo,1500,1000,2000,1000,5500,5610
2024-01-22,2024,Enero,Lunes,Santa Ana,1500,1000,2000,5000,9500,9503
2024-01-23,2024,Enero,Martes,Córdoba,1500,1000,3000,3000,8500,8413
2024-01-23,2024,Enero,Martes,La Floresta,1500,1000,3000,2000,7500,7599
2024-01-23,2024,Enero,Martes,Los Cedros,1500,1000,3000,3000,8500,8446
2024-01-23,2024,Enero,Martes,Palermo,1500,1000,3000,1000,6500,6553
2024-01-23,2024,Enero,Martes,Santa Ana,1500,1000,3000,5000,10500,10413
2024-01-24,2024,Enero,Miércoles,Córdoba,1500,1000,3500,3000,9000,9089
2024-01-24,2024,Enero,Miércoles,La Floresta,1500,1000,3500,2000,8000,7964
2024-01-24,2024,Enero,Miércoles,Los Cedros,1500,1000,3500,3000,9000,8902
2024-01-24,2024,Enero,Miércoles,Palermo,1500,1000,3500,1000,7000,6904
2024-01-24,2024,Enero,Miércoles,Santa Ana,1500,1000,3500,5000,11000,11005
2024-01-25,2024,Enero,Jueves,Córdoba,1500,1000,3000,3000,8500,8568
2024-01-25,2024,Enero,Jueves,La Floresta,1500,1000,3000,2000,7500,7648
2024-01-25,2024,Enero,Jueves,Los Cedros,1500,1000,3000,3000,8500,8622
2024-01-25,2024,Enero,Jueves,Palermo,1500,1000,3000,1000,6500,6470
2024-01-25,2024,Enero,Jueves,Santa Ana,1500,1000,3000,5000,10500,10491
2024-01-26,2024,Enero,Viernes,Córdoba,1500,1000,2000,3000,7500,7523
2024-01-26,2024,Enero,Viernes,La Floresta,1500,1000,2000,2000,6500,6508
2024-01-26,2024,Enero,Viernes,Los Cedros,1500,1000,2000,3000,7500,7450
2024-01-26,2024,Enero,Viernes,Palermo,1500,1000,2000,1000,5500,5524
2024-01-26,2024,Enero,Viernes,Santa Ana,1500,1000,2000,5000,9500,9428
2024-01-27,2024,Enero,Sábado,Córdoba,1500,1000,1000,3000,6500,6517
2024-01-27,2024,Enero,Sábado,La Floresta,1500,1000,1000,2000,5500,5440
2024-01-27,2024,Enero,Sábado,Los Cedros,1500,1000,1000,3000,6500,6454
2024-01-27,2024,Enero,Sábado,Palermo,1500,1000,1000,1000,4500,4573
2024-01-27,2024,Enero,Sábado,Santa Ana,1500,1000,1000,5000,8500,8407
2024-01-28,2024,Enero,Domingo,Córdoba,1500,1000,1000,3000,6500,6384
2024-01-28,2024,Enero,Domingo,La Floresta,1500,1000,1000,2000,5500,5455
2024-01-28,2024,Enero,Domingo,Los Cedros,1500,1000,1000,3000,6500,6293
2024-01-28,2024,Enero,Domingo,Palermo,1500,1000,1000,1000,4500,4590
2024-01-28,2024,Enero,Domingo,Santa Ana,1500,1000,1000,5000,8500,8599
2024-01-29,2024,Enero,Lunes,Córdoba,1500,1000,2000,3000,7500,7397
2024-01-29,2024,Enero,Lunes,La Floresta,1500,1000,2000,2000,6500,6512
2024-01-29,2024,Enero,Lunes,Los Cedros,1500,1000,2000,3000,7500,7538
2024-01-29,2024,Enero,Lunes,Palermo,1500,1000,2000,1000,5500,5506
2024-01-29,2024,Enero,Lunes,Santa Ana,1500,1000,2000,5000,9500,9467
2024-01-30,2024,Enero,Martes,Córdoba,1500,1000,3000,3000,8500,8644
2024-01-30,2024,Enero,Martes,La Floresta,1500,1000,3000,2000,7500,7456
2024-01-30,2024,Enero,Martes,Los Cedros,1500,1000,3000,3000,8500,8402
2024-01-30,2024,Enero,Martes,Palermo,1500,1000,3000,1000,6500,6411
2024-01-30,2024,Enero,Martes,Santa Ana,1500,1000,3000,5000,10500,10477
2024-01-31,2024,Enero,Miércoles,Córdoba,1500,1000,3500,3000,9000,9086
2024-01-31,2024,Enero,Miércoles,La Floresta,1500,1000,3500,2000,8000,7999
2024-01-31,2024,Enero,Miércoles,Los Cedros,1500,1000,3500,3000,9000,9010
2024-01-31,2024,Enero,Miércoles,Palermo,1500,1000,3500,1000,7000,6990
2024-01-31,2024,Enero,Miércoles,Santa Ana,1500,1000,3500,5000,11000,11045
2024-02-01,2024,Febrero,Jueves,Córdoba,1500,1500,3000,3000,9000,8935
2024-02-01,2024,Febrero,Jueves,La Floresta,1500,1500,3000,2000,8000,8076
2024-02-01,2024,Febrero,Jueves,Los Cedros,1500,1500,3000,3000,9000,8940
2024-02-01,2024,Febrero,Jueves,Palermo,1500,1500,3000,1000,7000,7006
2024-02-01,2024,Febrero,Jueves,Santa Ana,1500,1500,3000,5000,11000,11132
2024-02-02,2024,Febrero,Viernes,Córdoba,1500,1500,2000,3000,8000,7977
2024-02-02,2024,Febrero,Viernes,La Floresta,1500,1500,2000,2000,7000,7102
2024-02-02,2024,Febrero,Viernes,Los Cedros,1500,1500,2000,3000,8000,8030
2024-02-02,2024,Febrero,Viernes,Palermo,1500,1500,2000,1000,6000,5900
2024-02-02,2024,Febrero,Viernes,Santa Ana,1500,1500,2000,5000,10000,9994
2024-02-03,2024,Febrero,Sábado,Córdoba,1500,1500,1000,3000,7000,6984
2024-02-03,2024,Febrero,Sábado,La Floresta,1500,1500,1000,2000,6000,6020
2024-02-03,2024,Febrero,Sábado,Los Cedros,1500,1500,1000,3000,7000,7112
2024-02-03,2024,Febrero,Sábado,Palermo,1500,1500,1000,1000,5000,4901
2024-02-03,2024,Febrero,Sábado,Santa Ana,1500,1500,1000,5000,9000,9074
2024-02-04,2024,Febrero,Domingo,Córdoba,1500,1500,1000,3000,7000,7056
2024-02-04,2024,Febrero,Domingo,La Floresta,1500,1500,1000,2000,6000,5871
2024-02-04,2024,Febrero,Domingo,Los Cedros,1500,1500,1000,3000,7000,7071
2024-02-04,2024,Febrero,Domingo,Palermo,1500,1500,1000,1000,5000,5050
2024-02-04,2024,Febrero,Domingo,Santa Ana,1500,1500,1000,5000,9000,9077
2024-02-05,2024,Febrero,Lunes,Córdoba,1500,1500,2000,3000,8000,8043
2024-02-05,2024,Febrero,Lunes,La Floresta,1500,1500,2000,2000,7000,7070
2024-02-05,2024,Febrero,Lunes,Los Cedros,1500,1500,2000,3000,8000,8040
2024-02-05,2024,Febrero,Lunes,Palermo,1500,1500,2000,1000,6000,6001
2024-02-05,2024,Febrero,Lunes,Santa Ana,1500,1500,2000,5000,10000,9918
2024-02-06,2024,Febrero,Martes,Córdoba,1500,1500,3000,3000,9000,8824
2024-02-06,2024,Febrero,Martes,La Floresta,1500,1500,3000,2000,8000,7794
2024-02-06,2024,Febrero,Martes,Los Cedros,1500,1500,3000,3000,9000,8960
2024-02-06,2024,Febrero,Martes,Palermo,1500,1500,3000,1000,7000,7057
2024-02-06,2024,Febrero,Martes,Santa Ana,1500,1500,3000,5000,11000,10871
2024-02-07,2024,Febrero,Miércoles,Córdoba,1500,1500,3500,3000,9500,9576
2024-02-07,2024,Febrero,Miércoles,La Floresta,1500,1500,3500,2000,8500,8577
2024-02-07,2024,Febrero,Miércoles,Los Cedros,1500,1500,3500,3000,9500,9434
2024-02-07,2024,Febrero,Miércoles,Palermo,1500,1500,3500,1000,7500,7402
2024-02-07,2024,Febrero,Miércoles,Santa Ana,1500,1500,3500,5000,11500,11419
2024-02-08,2024,Febrero,Jueves,Córdoba,1500,1500,3000,3000,9000,9099
2024-02-08,2024,Febrero,Jueves,La Floresta,1500,1500,3000,2000,8000,7948
2024-02-08,2024,Febrero,Jueves,Los Cedros,1500,1500,3000,3000,9000,8894
2024-02-08,2024,Febrero,Jueves,Palermo,1500,1500,3000,1000,7000,7098
2024-02-08,2024,Febrero,Jueves,Santa Ana,1500,1500,3000,5000,11000,11016
2024-02-09,2024,Febrero,Viernes,Córdoba,1500,1500,2000,3000,8000,8037
2024-02-09,2024,Febrero,Viernes,La Floresta,1500,1500,2000,2000,7000,7044
2024-02-09,2024,Febrero,Viernes,Los Cedros,1500,1500,2000,3000,8000,8045
2024-02-09,2024,Febrero,Viernes,Palermo,1500,1500,2000,1000,6000,6001
2024-02-09,2024,Febrero,Viernes,Santa Ana,1500,1500,2000,5000,10000,9997
2024-02-10,2024,Febrero,Sábado,Córdoba,1500,1500,1000,3000,7000,7030
2024-02-10,2024,Febrero,Sábado,La Floresta,1500,1500,1000,2000,6000,6053
2024-02-10,2024,Febrero,Sábado,Los Cedros,1500,1500,1000,3000,7000,6984
2024-02-10,2024,Febrero,Sábado,Palermo,1500,1500,1000,1000,5000,4965
2024-02-10,2024,Febrero,Sábado,Santa Ana,1500,1500,1000,5000,9000,8923
2024-02-11,2024,Febrero,Domingo,Córdoba,1500,1500,1000,3000,7000,7043
2024-02-11,2024,Febrero,Domingo,La Floresta,1500,1500,1000,2000,6000,6094
2024-02-11,2024,Febrero,Domingo,Los Cedros,1500,1500,1000,3000,7000,6878
2024-02-11,2024,Febrero,Domingo,Palermo,1500,1500,1000,1000,5000,5089
2024-02-11,2024,Febrero,Domingo,Santa Ana,1500,1500,1000,5000,9000,9056
2024-02-12,2024,Febrero,Lunes,Córdoba,1500,1500,2000,3000,8000,7871
2024-02-12,2024,Febrero,Lunes,La Floresta,1500,1500,2000,2000,7000,6895
2024-02-12,2024,Febrero,Lunes,Los Cedros,1500,1500,2000,3000,8000,7986
2024-02-12,2024,Febrero,Lunes,Palermo,1500,1500,2000,1000,6000,6031
2024-02-12,2024,Febrero,Lunes,Santa Ana,1500,1500,2000,5000,10000,9948
2024-02-13,2024,Febrero,Martes,Córdoba,1500,1500,3000,3000,9000,9041
2024-02-13,2024,Febrero,Martes,La Floresta,1500,1500,3000,2000,8000,7913
2024-02-13,2024,Febrero,Martes,Los Cedros,1500,1500,3000,3000,9000,8935
2024-02-13,2024,Febrero,Martes,Palermo,1500,1500,3000,1000,7000,6957
2024-02-13,2024,Febrero,Martes,Santa Ana,1500,1500,3000,5000,11000,11123
2024-02-14,2024,Febrero,Miércoles,Córdoba,1500,1500,3500,3000,9500,9666
2024-02-14,2024,Febrero,Miércoles,La Floresta,1500,1500,3500,2000,8500,8403
2024-02-14,2024,Febrero,Miércoles,Los Cedros,1500,1500,3500,3000,9500,9408
2024-02-14,2024,Febrero,Miércoles,Palermo,1500,1500,3500,1000,7500,7494
2024-02-14,2024,Febrero,Miércoles,Santa Ana,1500,1500,3500,5000,11500,11450
2024-02-15,2024,Febrero,Jueves,Córdoba,1500,1500,3000,3000,9000,9130
2024-02-15,2024,Febrero,Jueves,La Floresta,1500,1500,3000,2000,8000,8103
2024-02-15,2024,Febrero,Jueves,Los Cedros,1500,1500,3000,3000,9000,8875
2024-02-15,2024,Febrero,Jueves,Palermo,1500,1500,3000,1000,7000,6980
2024-02-15,2024,Febrero,Jueves,Santa Ana,1500,1500,3000,5000,11000,10941
2024-02-16,2024,Febrero,Viernes,Córdoba,1500,1500,2000,3000,8000,8089
2024-02-16,2024,Febrero,Viernes,La Floresta,1500,1500,2000,2000,7000,7046
2024-02-16,2024,Febrero,Viernes,Los Cedros,1500,1500,2000,3000,8000,7989
2024-02-16,2024,Febrero,Viernes,Palermo,1500,1500,2000,1000,6000,6017
2024-02-16,2024,Febrero,Viernes,Santa Ana,1500,1500,2000,5000,10000,10021
2024-02-17,2024,Febrero,Sábado,Córdoba,1500,1500,1000,3000,7000,6881
2024-02-17,2024,Febrero,Sábado,La Floresta,1500,1500,1000,2000,6000,5911
2024-02-17,2024,Febrero,Sábado,Los Cedros,1500,1500,1000,3000,7000,6762
2024-02-17,2024,Febrero,Sábado,Palermo,1500,1500,1000,1000,5000,5033
2024-02-17,2024,Febrero,Sábado,Santa Ana,1500,1500,1000,5000,9000,9126
2024-02-18,2024,Febrero,Domingo,Córdoba,1500,1500,1000,3000,7000,7102
2024-02-18,2024,Febrero,Domingo,La Floresta,1500,1500,1000,2000,6000,6164
2024-02-18,2024,Febrero,Domingo,Los Cedros,1500,1500,1000,3000,7000,7067
2024-02-18,2024,Febrero,Domingo,Palermo,1500,1500,1000,1000,5000,4955
2024-02-18,2024,Febrero,Domingo,Santa Ana,1500,1500,1000,5000,9000,8834
2024-02-19,2024,Febrero,Lunes,Córdoba,1500,1500,2000,3000,8000,8006
2024-02-19,2024,Febrero,Lunes,La Floresta,1500,1500,2000,2000,7000,7057
2024-02-19,2024,Febrero,Lunes,Los Cedros,1500,1500,2000,3000,8000,7974
2024-02-19,2024,Febrero,Lunes,Palermo,1500,1500,2000,1000,6000,5978
2024-02-19,2024,Febrero,Lunes,Santa Ana,1500,1500,2000,5000,10000,9992
2024-02-20,2024,Febrero,Martes,Córdoba,1500,1500,3000,3000,9000,9088
2024-02-20,2024,Febrero,Martes,La Floresta,1500,1500,3000,2000,8000,7886
2024-02-20,2024,Febrero,Martes,Los Cedros,1500,1500,3000,3000,9000,8844
2024-02-20,2024,Febrero,Martes,Palermo,1500,1500,3000,1000,7000,6908
2024-02-20,2024,Febrero,Martes,Santa Ana,1500,1500,3000,5000,11000,10952
2024-02-21,2024,Febrero,Miércoles,Córdoba,1500,1500,3500,3000,9500,9485
2024-02-21,2024,Febrero,Miércoles,La Floresta,1500,1500,3500,2000,8500,8517
2024-02-21,2024,Febrero,Miércoles,Los Cedros,1500,1500,3500,3000,9500,9456
2024-02-21,2024,Febrero,Miércoles,Palermo,1500,1500,3500,1000,7500,7502
2024-02-21,2024,Febrero,Miércoles,Santa Ana,1500,1500,3500,5000,11500,11534
2024-02-22,2024,Febrero,Jueves,Córdoba,1500,1500,3000,3000,9000,8949
2024-02-22,2024,Febrero,Jueves,La Floresta,1500,1500,3000,2000,8000,7834
2024-02-22,2024,Febrero,Jueves,Los Cedros,1500,1500,3000,3000,9000,9092
2024-02-22,2024,Febrero,Jueves,Palermo,1500,1500,3000,1000,7000,7025
2024-02-22,2024,Febrero,Jueves,Santa Ana,1500,1500,3000,5000,11000,10927
2024-02-23,2024,Febrero,Viernes,Córdoba,1500,1500,2000,3000,8000,7918
2024-02-23,2024,Febrero,Viernes,La Floresta,1500,1500,2000,2000,7000,7134
2024-02-23,2024,Febrero,Viernes,Los Cedros,1500,1500,2000,3000,8000,8048
2024-02-23,2024,Febrero,Viernes,Palermo,1500,1500,2000,1000,6000,5900
2024-02-23,2024,Febrero,Viernes,Santa Ana,1500,1500,2000,5000,10000,9954
2024-02-24,2024,Febrero,Sábado,Córdoba,1500,1500,1000,3000,7000,6919
2024-02-24,2024,Febrero,Sábado,La Floresta,1500,1500,1000,2000,6000,5858
2024-02-24,2024,Febrero,Sábado,Los Cedros,1500,1500,1000,3000,7000,6987
2024-02-24,2024,Febrero,Sábado,Palermo,1500,1500,1000,1000,5000,5091
2024-02-24,2024,Febrero,Sábado,Santa Ana,1500,1500,1000,5000,9000,9082
2024-02-25,2024,Febrero,Domingo,Córdoba,1500,1500,1000,3000,7000,7146
2024-02-25,2024,Febrero,Domingo,La Floresta,1500,1500,1000,2000,6000,6137
2024-02-25,2024,Febrero,Domingo,Los Cedros,1500,1500,1000,3000,7000,6980
2024-02-25,2024,Febrero,Domingo,Palermo,1500,1500,1000,1000,5000,5000
2024-02-25,2024,Febrero,Domingo,Santa Ana,1500,1500,1000,5000,9000,8963
2024-02-26,2024,Febrero,Lunes,Córdoba,1500,1500,2000,3000,8000,7982
2024-02-26,2024,Febrero,Lunes,La Floresta,1500,1500,2000,2000,7000,7039
2024-02-26,2024,Febrero,Lunes,Los Cedros,1500,1500,2000,3000,8000,7920
2024-02-26,2024,Febrero,Lunes,Palermo,1500,1500,2000,1000,6000,6032
2024-02-26,2024,Febrero,Lunes,Santa Ana,1500,1500,2000,5000,10000,9983
2024-02-27,2024,Febrero,Martes,Córdoba,1500,1500,3000,3000,9000,8998
2024-02-27,2024,Febrero,Martes,La Floresta,1500,1500,3000,2000,8000,8150
2024-02-27,2024,Febrero,Martes,Los Cedros,1500,1500,3000,3000,9000,8950
2024-02-27,2024,Febrero,Martes,Palermo,1500,1500,3000,1000,7000,6895
2024-02-27,2024,Febrero,Martes,Santa Ana,1500,1500,3000,5000,11000,10930
2024-02-28,2024,Febrero,Miércoles,Córdoba,1500,1500,3500,3000,9500,9268
2024-02-28,2024,Febrero,Miércoles,La Floresta,1500,1500,3500,2000,8500,8408
2024-02-28,2024,Febrero,Miércoles,Los Cedros,1500,1500,3500,3000,9500,9611
2024-02-28,2024,Febrero,Miércoles,Palermo,1500,1500,3500,1000,7500,7484
2024-02-28,2024,Febrero,Miércoles,Santa Ana,1500,1500,3500,5000,11500,11442
2024-02-29,2024,Febrero,Jueves,Córdoba,1500,1500,3000,3000,9000,9002
2024-02-29,2024,Febrero,Jueves,La Floresta,1500,1500,3000,2000,8000,7977
2024-02-29,2024,Febrero,Jueves,Los Cedros,1500,1500,3000,3000,9000,8983
2024-02-29,2024,Febrero,Jueves,Palermo,1500,1500,3000,1000,7000,7004
2024-02-29,2024,Febrero,Jueves,Santa Ana,1500,1500,3000,5000,11000,11106
2024-03-01,2024,Marzo,Viernes,Córdoba,1500,2000,2000,3000,8500,8544
2024-03-01,2024,Marzo,Viernes,La Floresta,1500,2000,2000,2000,7500,7430
2024-03-01,2024,Marzo,Viernes,Los Cedros,1500,2000,2000,3000,8500,8510
2024-03-01,2024,Marzo,Viernes,Palermo,1500,2000,2000,1000,6500,6551
2024-03-01,2024,Marzo,Viernes,Santa Ana,1500,2000,2000,5000,10500,10479
2024-03-02,2024,Marzo,Sábado,Córdoba,1500,2000,1000,3000,7500,7546
2024-03-02,2024,Marzo,Sábado,La Floresta,1500,2000,1000,2000,6500,6416
2024-03-02,2024,Marzo,Sábado,Los Cedros,1500,2000,1000,3000,7500,7578
2024-03-02,2024,Marzo,Sábado,Palermo,1500,2000,1000,1000,5500,5520
2024-03-02,2024,Marzo,Sábado,Santa Ana,1500,2000,1000,5000,9500,9475
2024-03-03,2024,Marzo,Domingo,Córdoba,1500,2000,1000,3000,7500,7442
2024-03-03,2024,Marzo,Domingo,La Floresta,1500,2000,1000,2000,6500,6354
2024-03-03,2024,Marzo,Domingo,Los Cedros,1500,2000,1000,3000,7500,7384
2024-03-03,2024,Marzo,Domingo,Palermo,1500,2000,1000,1000,5500,5600
2024-03-03,2024,Marzo,Domingo,Santa Ana,1500,2000,1000,5000,9500,9452
2024-03-04,2024,Marzo,Lunes,Córdoba,1500,2000,2000,3000,8500,8590
2024-03-04,2024,Marzo,Lunes,La Floresta,1500,2000,2000,2000,7500,7392
2024-03-04,2024,Marzo,Lunes,Los Cedros,1500,2000,2000,3000,8500,8384
2024-03-04,2024,Marzo,Lunes,Palermo,1500,2000,2000,1000,6500,6424
2024-03-04,2024,Marzo,Lunes,Santa Ana,1500,2000,2000,5000,10500,10469
2024-03-05,2024,Marzo,Martes,Córdoba,1500,2000,3000,3000,9500,9546
2024-03-05,2024,Marzo,Martes,La Floresta,1500,2000,3000,2000,8500,8490
2024-03-05,2024,Marzo,Martes,Los Cedros,1500,2000,3000,3000,9500,9501
2024-03-05,2024,Marzo,Martes,Palermo,1500,2000,3000,1000,7500,7441
2024-03-05,2024,Marzo,Martes,Santa Ana,1500,2000,3000,5000,11500,11324
2024-03-06,2024,Marzo,Miércoles,Córdoba,1500,2000,3500,3000,10000,10005
2024-03-06,2024,Marzo,Miércoles,La Floresta,1500,2000,3500,2000,9000,8985
2024-03-06,2024,Marzo,Miércoles,Los Cedros,1500,2000,3500,3000,10000,9981
2024-03-06,2024,Marzo,Miércoles,Palermo,1500,2000,3500,1000,8000,8052
2024-03-06,2024,Marzo,Miércoles,Santa Ana,1500,2000,3500,5000,12000,11933
2024-03-07,2024,Marzo,Jueves,Córdoba,1500,2000,3000,3000,9500,9620
2024-03-07,2024,Marzo,Jueves,La Floresta,1500,2000,3000,2000,8500,8470
2024-03-07,2024,Marzo,Jueves,Los Cedros,1500,2000,3000,3000,9500,9385
2024-03-07,2024,Marzo,Jueves,Palermo,1500,2000,3000,1000,7500,7525
2024-03-07,2024,Marzo,Jueves,Santa Ana,1500,2000,3000,5000,11500,11407
2024-03-08,2024,Marzo,Viernes,Córdoba,1500,2000,2000,3000,8500,8420
2024-03-08,2024,Marzo,Viernes,La Floresta,1500,2000,2000,2000,7500,7426
2024-03-08,2024,Marzo,Viernes,Los Cedros,1500,2000,2000,3000,8500,8485
2024-03-08,2024,Marzo,Viernes,Palermo,1500,2000,2000,1000,6500,6546
2024-03-08,2024,Marzo,Viernes,Santa Ana,1500,2000,2000,5000,10500,10352
2024-03-09,2024,Marzo,Sábado,Córdoba,1500,2000,1000,3000,7500,7617
2024-03-09,2024,Marzo,Sábado,La Floresta,1500,2000,1000,2000,6500,6500
2024-03-09,2024,Marzo,Sábado,Los Cedros,1500,2000,1000,3000,7500,7410
2024-03-09,2024,Marzo,Sábado,Palermo,1500,2000,1000,1000,5500,5546
2024-03-09,2024,Marzo,Sábado,Santa Ana,1500,2000,1000,5000,9500,9639
2024-03-10,2024,Marzo,Domingo,Córdoba,1500,2000,1000,3000,7500,7565
2024-03-10,2024,Marzo,Domingo,La Floresta,1500,2000,1000,2000,6500,6391
2024-03-10,2024,Marzo,Domingo,Los Cedros,1500,2000,1000,3000,7500,7472
2024-03-10,2024,Marzo,Domingo,Palermo,1500,2000,1000,1000,5500,5462
2024-03-10,2024,Marzo,Domingo,Santa Ana,1500,2000,1000,5000,9500,9552
2024-03-11,2024,Marzo,Lunes,Córdoba,1500,2000,2000,3000,8500,8418
2024-03-11,2024,Marzo,Lunes,La Floresta,1500,2000,2000,2000,7500,7473
2024-03-11,2024,Marzo,Lunes,Los Cedros,1500,2000,2000,3000,8500,8438
2024-03-11,2024,Marzo,Lunes,Palermo,1500,2000,2000,1000,6500,6494
2024-03-11,2024,Marzo,Lunes,Santa Ana,1500,2000,2000,5000,10500,10677
2024-03-12,2024,Marzo,Martes,Córdoba,1500,2000,3000,3000,9500,9462
2024-03-12,2024,Marzo,Martes,La Floresta,1500,2000,3000,2000,8500,8573
2024-03-12,2024,Marzo,Martes,Los Cedros,1500,2000,3000,3000,9500,9588
2024-03-12,2024,Marzo,Martes,Palermo,1500,2000,3000,1000,7500,7533
2024-03-12,2024,Marzo,Martes,Santa Ana,1500,2000,3000,5000,11500,11569
2024-03-13,2024,Marzo,Miércoles,Córdoba,1500,2000,3500,3000,10000,10027
2024-03-13,2024,Marzo,Miércoles,La Floresta,1500,2000,3500,2000,9000,9116
2024-03-13,2024,Marzo,Miércoles,Los Cedros,1500,2000,3500,3000,10000,10027
2024-03-13,2024,Marzo,Miércoles,Palermo,1500,2000,3500,1000,8000,8008
2024-03-13,2024,Marzo,Miércoles,Santa Ana,1500,2000,3500,5000,12000,12041
2024-03-14,2024,Marzo,Jueves,Córdoba,1500,2000,3000,3000,9500,9461
2024-03-14,2024,Marzo,Jueves,La Floresta,1500,2000,3000,2000,8500,8422
2024-03-14,2024,Marzo,Jueves,Los Cedros,1500,2000,3000,3000,9500,9418
2024-03-14,2024,Marzo,Jueves,Palermo,1500,2000,3000,1000,7500,7606
2024-03-14,2024,Marzo,Jueves,Santa Ana,1500,2000,3000,5000,11500,11548
2024-03-15,2024,Marzo,Viernes,Córdoba,1500,2000,2000,3000,8500,8533
2024-03-15,2024,Marzo,Viernes,La Floresta,1500,2000,2000,2000,7500,7497
2024-03-15,2024,Marzo,Viernes,Los Cedros,1500,2000,2000,3000,8500,8425
2024-03-15,2024,Marzo,Viernes,Palermo,1500,2000,2000,1000,6500,6470
2024-03-15,2024,Marzo,Viernes,Santa Ana,1500,2000,2000,5000,10500,10384
2024-03-16,2024,Marzo,Sábado,Córdoba,1500,2000,1000,3000,7500,7640
2024-03-16,2024,Marzo,Sábado,La Floresta,1500,2000,1000,2000,6500,6519
2024-03-16,2024,Marzo,Sábado,Los Cedros,1500,2000,1000,3000,7500,7491
2024-03-16,2024,Marzo,Sábado,Palermo,1500,2000,1000,1000,5500,5574
2024-03-16,2024,Marzo,Sábado,Santa Ana,1500,2000,1000,5000,9500,9448
2024-03-17,2024,Marzo,Domingo,Córdoba,1500,2000,1000,3000,7500,7552
2024-03-17,2024,Marzo,Domingo,La Floresta,1500,2000,1000,2000,6500,6454
2024-03-17,2024,Marzo,Domingo,Los Cedros,1500,2000,1000,3000,7500,7533
2024-03-17,2024,Marzo,Domingo,Palermo,1500,2000,1000,1000,5500,5627
2024-03-17,2024,Marzo,Domingo,Santa Ana,1500,2000,1000,5000,9500,9446
2024-03-18,2024,Marzo,Lunes,Córdoba,1500,2000,2000,3000,8500,8576
2024-03-18,2024,Marzo,Lunes,La Floresta,1500,2000,2000,2000,7500,7406
2024-03-18,2024,Marzo,Lunes,Los Cedros,1500,2000,2000,3000,8500,8461
2024-03-18,2024,Marzo,Lunes,Palermo,1500,2000,2000,1000,6500,6429
2024-03-18,2024,Marzo,Lunes,Santa Ana,1500,2000,2000,5000,10500,10528
2024-03-19,2024,Marzo,Martes,Córdoba,1500,2000,3000,3000,9500,9409
2024-03-19,2024,Marzo,Martes,La Floresta,1500,2000,3000,2000,8500,8578
2024-03-19,2024,Marzo,Martes,Los Cedros,1500,2000,3000,3000,9500,9558
2024-03-19,2024,Marzo,Martes,Palermo,1500,2000,3000,1000,7500,7429
2024-03-19,2024,Marzo,Martes,Santa Ana,1500,2000,3000,5000,11500,11236
2024-03-20,2024,Marzo,Miércoles,Córdoba,1500,2000,3500,3000,10000,10135
2024-03-20,2024,Marzo,Miércoles,La Floresta,1500,2000,3500,2000,9000,9002
2024-03-20,2024,Marzo,Miércoles,Los Cedros,1500,2000,3500,3000,10000,10029
2024-03-20,2024,Marzo,Miércoles,Palermo,1500,2000,3500,1000,8000,8153
2024-03-20,2024,Marzo,Miércoles,Santa Ana,1500,2000,3500,5000,12000,11895
2024-03-21,2024,Marzo,Jueves,Córdoba,1500,2000,3000,3000,9500,9532
2024-03-21,2024,Marzo,Jueves,La Floresta,1500,2000,3000,2000,8500,8483
2024-03-21,2024,Marzo,Jueves,Los Cedros,1500,2000,3000,3000,9500,9525
2024-03-21,2024,Marzo,Jueves,Palermo,1500,2000,3000,1000,7500,7295
2024-03-21,2024,Marzo,Jueves,Santa Ana,1500,2000,3000,5000,11500,11542
2024-03-22,2024,Marzo,Viernes,Córdoba,1500,2000,2000,3000,8500,8423
2024-03-22,2024,Marzo,Viernes,La Floresta,1500,2000,2000,2000,7500,7621
2024-03-22,2024,Marzo,Viernes,Los Cedros,1500,2000,2000,3000,8500,8427
2024-03-22,2024,Marzo,Viernes,Palermo,1500,2000,2000,1000,6500,6456
2024-03-22,2024,Marzo,Viernes,Santa Ana,1500,2000,2000,5000,10500,10651
2024-03-23,2024,Marzo,Sábado,Córdoba,1500,2000,1000,3000,7500,7525
2024-03-23,2024,Marzo,Sábado,La Floresta,1500,2000,1000,2000,6500,6513
2024-03-23,2024,Marzo,Sábado,Los Cedros,1500,2000,1000,3000,7500,7588
2024-03-23,2024,Marzo,Sábado,Palermo,1500,2000,1000,1000,5500,5510
2024-03-23,2024,Marzo,Sábado,Santa Ana,1500,2000,1000,5000,9500,9417
2024-03-24,2024,Marzo,Domingo,Córdoba,1500,2000,1000,3000,7500,7442
2024-03-24,2024,Marzo,Domingo,La Floresta,1500,2000,1000,2000,6500,6453
2024-03-24,2024,Marzo,Domingo,Los Cedros,1500,2000,1000,3000,7500,7651
2024-03-24,2024,Marzo,Domingo,Palermo,1500,2000,1000,1000,5500,5526
2024-03-24,2024,Marzo,Domingo,Santa Ana,1500,2000,1000,5000,9500,9394
2024-03-25,2024,Marzo,Lunes,Córdoba,1500,2000,2000,3000,8500,8402
2024-03-25,2024,Marzo,Lunes,La Floresta,1500,2000,2000,2000,7500,7488
2024-03-25,2024,Marzo,Lunes,Los Cedros,1500,2000,2000,3000,8500,8497
2024-03-25,2024,Marzo,Lunes,Palermo,1500,2000,2000,1000,6500,6465
2024-03-25,2024,Marzo,Lunes,Santa Ana,1500,2000,2000,5000,10500,10437
2024-03-26,2024,Marzo,Martes,Córdoba,1500,2000,3000,3000,9500,9476
2024-03-26,2024,Marzo,Martes,La Floresta,1500,2000,3000,2000,8500,8676
2024-03-26,2024,Marzo,Martes,Los Cedros,1500,2000,3000,3000,9500,9586
2024-03-26,2024,Marzo,Martes,Palermo,1500,2000,3000,1000,7500,7672
2024-03-26,2024,Marzo,Martes,Santa Ana,1500,2000,3000,5000,11500,11475
2024-03-27,2024,Marzo,Miércoles,Córdoba,1500,2000,3500,3000,10000,10106
2024-03-27,2024,Marzo,Miércoles,La Floresta,1500,2000,3500,2000,9000,9053
2024-03-27,2024,Marzo,Miércoles,Los Cedros,1500,2000,3500,3000,10000,10107
2024-03-27,2024,Marzo,Miércoles,Palermo,1500,2000,3500,1000,8000,8016
2024-03-27,2024,Marzo,Miércoles,Santa Ana,1500,2000,3500,5000,12000,11950
2024-03-28,2024,Marzo,Jueves,Córdoba,1500,2000,3000,3000,9500,9528
2024-03-28,2024,Marzo,Jueves,La Floresta,1500,2000,3000,2000,8500,8503
2024-03-28,2024,Marzo,Jueves,Los Cedros,1500,2000,3000,3000,9500,9395
2024-03-28,2024,Marzo,Jueves,Palermo,1500,2000,3000,1000,7500,7380
2024-03-28,2024,Marzo,Jueves,Santa Ana,1500,2000,3000,5000,11500,11381
2024-03-29,2024,Marzo,Viernes,Córdoba,1500,2000,2000,3000,8500,8484
2024-03-29,2024,Marzo,Viernes,La Floresta,1500,2000,2000,2000,7500,7530
2024-03-29,2024,Marzo,Viernes,Los Cedros,1500,2000,2000,3000,8500,8482
2024-03-29,2024,Marzo,Viernes,Palermo,1500,2000,2000,1000,6500,6512
2024-03-29,2024,Marzo,Viernes,Santa Ana,1500,2000,2000,5000,10500,10278
2024-03-30,2024,Marzo,Sábado,Córdoba,1500,2000,1000,3000,7500,7315
2024-03-30,2024,Marzo,Sábado,La Floresta,1500,2000,1000,2000,6500,6452
2024-03-30,2024,Marzo,Sábado,Los Cedros,1500,2000,1000,3000,7500,7424
2024-03-30,2024,Marzo,Sábado,Palermo,1500,2000,1000,1000,5500,5598
2024-03-30,2024,Marzo,Sábado,Santa Ana,1500,2000,1000,5000,9500,9664
2024-03-31,2024,Marzo,Domingo,Córdoba,1500,2000,1000,3000,7500,7628
2024-03-31,2024,Marzo,Domingo,La Floresta,1500,2000,1000,2000,6500,6528
2024-03-31,2024,Marzo,Domingo,Los Cedros,1500,2000,1000,3000,7500,7454
2024-03-31,2024,Marzo,Domingo,Palermo,1500,2000,1000,1000,5500,5463
2024-03-31,2024,Marzo,Domingo,Santa Ana,1500,2000,1000,5000,9500,9418
2024-04-01,2024,Abril,Lunes,Córdoba,1500,2000,2000,3000,8500,8453
2024-04-01,2024,Abril,Lunes,La Floresta,1500,2000,2000,2000,7500,7540
2024-04-01,2024,Abril,Lunes,Los Cedros,1500,2000,2000,3000,8500,8493
2024-04-01,2024,Abril,Lunes,Palermo,1500,2000,2000,1000,6500,6340
2024-04-01,2024,Abril,Lunes,Santa Ana,1500,2000,2000,5000,10500,10650
2024-04-02,2024,Abril,Martes,Córdoba,1500,2000,3000,3000,9500,9370
2024-04-02,2024,Abril,Martes,La Floresta,1500,2000,3000,2000,8500,8378
2024-04-02,2024,Abril,Martes,Los Cedros,1500,2000,3000,3000,9500,9542
2024-04-02,2024,Abril,Martes,Palermo,1500,2000,3000,1000,7500,7467
2024-04-02,2024,Abril,Martes,Santa Ana,1500,2000,3000,5000,11500,11486
2024-04-03,2024,Abril,Miércoles,Córdoba,1500,2000,3500,3000,10000,10001
2024-04-03,2024,Abril,Miércoles,La Floresta,1500,2000,3500,2000,9000,9106
2024-04-03,2024,Abril,Miércoles,Los Cedros,1500,2000,3500,3000,10000,9894
2024-04-03,2024,Abril,Miércoles,Palermo,1500,2000,3500,1000,8000,7912
2024-04-03,2024,Abril,Miércoles,Santa Ana,1500,2000,3500,5000,12000,12071
2024-04-04,2024,Abril,Jueves,Córdoba,1500,2000,3000,3000,9500,9484
2024-04-04,2024,Abril,Jueves,La Floresta,1500,2000,3000,2000,8500,8636
2024-04-04,2024,Abril,Jueves,Los Cedros,1500,2000,3000,3000,9500,9530
2024-04-04,2024,Abril,Jueves,Palermo,1500,2000,3000,1000,7500,7384
2024-04-04,2024,Abril,Jueves,Santa Ana,1500,2000,3000,5000,11500,11549
2024-04-05,2024,Abril,Viernes,Córdoba,1500,2000,2000,3000,8500,8333
2024-04-05,2024,Abril,Viernes,La Floresta,1500,2000,2000,2000,7500,7436
2024-04-05,2024,Abril,Viernes,Los Cedros,1500,2000,2000,3000,8500,8400
2024-04-05,2024,Abril,Viernes,Palermo,1500,2000,2000,1000,6500,6413
2024-04-05,2024,Abril,Viernes,Santa Ana,1500,2000,2000,5000,10500,10579
2024-04-06,2024,Abril,Sábado,Córdoba,1500,2000,1000,3000,7500,7370
2024-04-06,2024,Abril,Sábado,La Floresta,1500,2000,1000,2000,6500,6478
2024-04-06,2024,Abril,Sábado,Los Cedros,1500,2000,1000,3000,7500,7469
2024-04-06,2024,Abril,Sábado,Palermo,1500,2000,1000,1000,5500,5454
2024-04-06,2024,Abril,Sábado,Santa Ana,1500,2000,1000,5000,9500,9487
2024-04-07,2024,Abril,Domingo,Córdoba,1500,2000,1000,3000,7500,7582
2024-04-07,2024,Abril,Domingo,La Floresta,1500,2000,1000,2000,6500,6496
2024-04-07,2024,Abril,Domingo,Los Cedros,1500,2000,1000,3000,7500,7392
2024-04-07,2024,Abril,Domingo,Palermo,1500,2000,1000,1000,5500,5427
2024-04-07,2024,Abril,Domingo,Santa Ana,1500,2000,1000,5000,9500,9351
2024-04-08,2024,Abril,Lunes,Córdoba,1500,2000,2000,3000,8500,8385
2024-04-08,2024,Abril,Lunes,La Floresta,1500,2000,2000,2000,7500,7555
2024-04-08,2024,Abril,Lunes,Los Cedros,1500,2000,2000,3000,8500,8406
2024-04-08,2024,Abril,Lunes,Palermo,1500,2000,2000,1000,6500,6486
2024-04-08,2024,Abril,Lunes,Santa Ana,1500,2000,2000,5000,10500,10472
2024-04-09,2024,Abril,Martes,Córdoba,1500,2000,3000,3000,9500,9494
2024-04-09,2024,Abril,Martes,La Floresta,1500,2000,3000,2000,8500,8490
2024-04-09,2024,Abril,Martes,Los Cedros,1500,2000,3000,3000,9500,9502
2024-04-09,2024,Abril,Martes,Palermo,1500,2000,3000,1000,7500,7371
2024-04-09,2024,Abril,Martes,Santa Ana,1500,2000,3000,5000,11500,11439
2024-04-10,2024,Abril,Miércoles,Córdoba,1500,2000,3500,3000,10000,10044
2024-04-10,2024,Abril,Miércoles,La Floresta,1500,2000,3500,2000,9000,9073
2024-04-10,2024,Abril,Miércoles,Los Cedros,1500,2000,3500,3000,10000,10029
2024-04-10,2024,Abril,Miércoles,Palermo,1500,2000,3500,1000,8000,7981
2024-04-10,2024,Abril,Miércoles,Santa Ana,1500,2000,3500,5000,12000,11920
2024-04-11,2024,Abril,Jueves,Córdoba,1500,2000,3000,3000,9500,9603
2024-04-11,2024,Abril,Jueves,La Floresta,1500,2000,3000,2000,8500,8465
2024-04-11,2024,Abril,Jueves,Los Cedros,1500,2000,3000,3000,9500,9451
2024-04-11,2024,Abril,Jueves,Palermo,1500,2000,3000,1000,7500,7646
2024-04-11,2024,Abril,Jueves,Santa Ana,1500,2000,3000,5000,11500,11376
2024-04-12,2024,Abril,Viernes,Córdoba,1500,2000,2000,3000,8500,8412
2024-04-12,2024,Abril,Viernes,La Floresta,1500,2000,2000,2000,7500,7519
2024-04-12,2024,Abril,Viernes,Los Cedros,1500,2000,2000,3000,8500,8404
2024-04-12,2024,Abril,Viernes,Palermo,1500,2000,2000,1000,6500,6702
2024-04-12,2024,Abril,Viernes,Santa Ana,1500,2000,2000,5000,10500,10465
2024-04-13,2024,Abril,Sábado,Córdoba,1500,2000,1000,3000,7500,7570
2024-04-13,2024,Abril,Sábado,La Floresta,1500,2000,1000,2000,6500,6454
2024-04-13,2024,Abril,Sábado,Los Cedros,1500,2000,1000,3000,7500,7458
2024-04-13,2024,Abril,Sábado,Palermo,1500,2000,1000,1000,5500,5593
2024-04-13,2024,Abril,Sábado,Santa Ana,1500,2000,1000,5000,9500,9587
2024-04-14,2024,Abril,Domingo,Córdoba,1500,2000,1000,3000,7500,7482
2024-04-14,2024,Abril,Domingo,La Floresta,1500,2000,1000,2000,6500,6512
2024-04-14,2024,Abril,Domingo,Los Cedros,1500,2000,1000,3000,7500,7559
2024-04-14,2024,Abril,Domingo,Palermo,1500,2000,1000,1000,5500,5424
2024-04-14,2024,Abril,Domingo,Santa Ana,1500,2000,1000,5000,9500,9430
2024-04-15,2024,Abril,Lunes,Córdoba,1500,2000,2000,3000,8500,8616
2024-04-15,2024,Abril,Lunes,La Floresta,1500,2000,2000,2000,7500,7461
2024-04-15,2024,Abril,Lunes,Los Cedros,1500,2000,2000,3000,8500,8475
2024-04-15,2024,Abril,Lunes,Palermo,1500,2000,2000,1000,6500,6367
2024-04-15,2024,Abril,Lunes,Santa Ana,1500,2000,2000,5000,10500,10454
2024-04-16,2024,Abril,Martes,Córdoba,1500,2000,3000,3000,9500,9425
2024-04-16,2024,Abril,Martes,La Floresta,1500,2000,3000,2000,8500,8527
2024-04-16,2024,Abril,Martes,Los Cedros,1500,2000,3000,3000,9500,9483
2024-04-16,2024,Abril,Martes,Palermo,1500,2000,3000,1000,7500,7571
2024-04-16,2024,Abril,Martes,Santa Ana,1500,2000,3000,5000,11500,11371
2024-04-17,2024,Abril,Miércoles,Córdoba,1500,2000,3500,3000,10000,10129
2024-04-17,2024,Abril,Miércoles,La Floresta,1500,2000,3500,2000,9000,9055
2024-04-17,2024,Abril,Miércoles,Los Cedros,1500,2000,3500,3000,10000,10108
2024-04-17,2024,Abril,Miércoles,Palermo,1500,2000,3500,1000,8000,7958
2024-04-17,2024,Abril,Miércoles,Santa Ana,1500,2000,3500,5000,12000,11955
2024-04-18,2024,Abril,Jueves,Córdoba,1500,2000,3000,3000,9500,9545
2024-04-18,2024,Abril,Jueves,La Floresta,1500,2000,3000,2000,8500,8562
2024-04-18,2024,Abril,Jueves,Los Cedros,1500,2000,3000,3000,9500,9547
2024-04-18,2024,Abril,Jueves,Palermo,1500,2000,3000,1000,7500,7642
2024-04-18,2024,Abril,Jueves,Santa Ana,1500,2000,3000,5000,11500,11436
2024-04-19,2024,Abril,Viernes,Córdoba,1500,2000,2000,3000,8500,8387
2024-04-19,2024,Abril,Viernes,La Floresta,1500,2000,2000,2000,7500,7524
2024-04-19,2024,Abril,Viernes,Los Cedros,1500,2000,2000,3000,8500,8464
2024-04-19,2024,Abril,Viernes,Palermo,1500,2000,2000,1000,6500,6534
2024-04-19,2024,Abril,Viernes,Santa Ana,1500,2000,2000,5000,10500,10659
2024-04-20,2024,Abril,Sábado,Córdoba,1500,2000,1000,3000,7500,7436
2024-04-20,2024,Abril,Sábado,La Floresta,1500,2000,1000,2000,6500,6483
2024-04-20,2024,Abril,Sábado,Los Cedros,1500,2000,1000,3000,7500,7593
2024-04-20,2024,Abril,Sábado,Palermo,1500,2000,1000,1000,5500,5532
2024-04-20,2024,Abril,Sábado,Santa Ana,1500,2000,1000,5000,9500,9636
2024-04-21,2024,Abril,Domingo,Córdoba,1500,2000,1000,3000,7500,7357
2024-04-21,2024,Abril,Domingo,La Floresta,1500,2000,1000,2000,6500,6429
2024-04-21,2024,Abril,Domingo,Los Cedros,1500,2000,1000,3000,7500,7576
2024-04-21,2024,Abril,Domingo,Palermo,1500,2000,1000,1000,5500,5440
2024-04-21,2024,Abril,Domingo,Santa Ana,1500,2000,1000,5000,9500,9414
2024-04-22,2024,Abril,Lunes,Córdoba,1500,2000,2000,3000,8500,8551
2024-04-22,2024,Abril,Lunes,La Floresta,1500,2000,2000,2000,7500,7515
2024-04-22,2024,Abril,Lunes,Los Cedros,1500,2000,2000,3000,8500,8483
2024-04-22,2024,Abril,Lunes,Palermo,1500,2000,2000,1000,6500,6455
2024-04-22,2024,Abril,Lunes,Santa Ana,1500,2000,2000,5000,10500,10487
2024-04-23,2024,Abril,Martes,Córdoba,1500,2000,3000,3000,9500,9418
2024-04-23,2024,Abril,Martes,La Floresta,1500,2000,3000,2000,8500,8469
2024-04-23,2024,Abril,Martes,Los Cedros,1500,2000,3000,3000,9500,9514
2024-04-23,2024,Abril,Martes,Palermo,1500,2000,3000,1000,7500,7464
2024-04-23,2024,Abril,Martes,Santa Ana,1500,2000,3000,5000,11500,11557
2024-04-24,2024,Abril,Miércoles,Córdoba,1500,2000,3500,3000,10000,9967
2024-04-24,2024,Abril,Miércoles,La Floresta,1500,2000,3500,2000,9000,8953
2024-04-24,2024,Abril,Miércoles,Los Cedros,1500,2000,3500,3000,10000,10068
2024-04-24,2024,Abril,Miércoles,Palermo,1500,2000,3500,1000,8000,7893
2024-04-24,2024,Abril,Miércoles,Santa Ana,1500,2000,3500,5000,12000,11923
2024-04-25,2024,Abril,Jueves,Córdoba,1500,2000,3000,3000,9500,9545
2024-04-25,2024,Abril,Jueves,La Floresta,1500,2000,3000,2000,8500,8675
2024-04-25,2024,Abril,Jueves,Los Cedros,1500,2000,3000,3000,9500,9678
2024-04-25,2024,Abril,Jueves,Palermo,1500,2000,3000,1000,7500,7464
2024-04-25,2024,Abril,Jueves,Santa Ana,1500,2000,3000,5000,11500,11595
2024-04-26,2024,Abril,Viernes,Córdoba,1500,2000,2000,3000,8500,8595
2024-04-26,2024,Abril,Viernes,La Floresta,1500,2000,2000,2000,7500,7594
2024-04-26,2024,Abril,Viernes,Los Cedros,1500,2000,2000,3000,8500,8695
2024-04-26,2024,Abril,Viernes,Palermo,1500,2000,2000,1000,6500,6395
2024-04-26,2024,Abril,Viernes,Santa Ana,1500,2000,2000,5000,10500,10571
2024-04-27,2024,Abril,Sábado,Córdoba,1500,2000,1000,3000,7500,7663
2024-04-27,2024,Abril,Sábado,La Floresta,1500,2000,1000,2000,6500,6586
2024-04-27,2024,Abril,Sábado,Los Cedros,1500,2000,1000,3000,7500,7509
2024-04-27,2024,Abril,Sábado,Palermo,1500,2000,1000,1000,5500,5556
2024-04-27,2024,Abril,Sábado,Santa Ana,1500,2000,1000,5000,9500,9756
2024-04-28,2024,Abril,Domingo,Córdoba,1500,2000,1000,3000,7500,7315
2024-04-28,2024,Abril,Domingo,La Floresta,1500,2000,1000,2000,6500,6421
2024-04-28,2024,Abril,Domingo,Los Cedros,1500,2000,1000,3000,7500,7547
2024-04-28,2024,Abril,Domingo,Palermo,1500,2000,1000,1000,5500,5391
2024-04-28,2024,Abril,Domingo,Santa Ana,1500,2000,1000,5000,9500,9398
2024-04-29,2024,Abril,Lunes,Córdoba,1500,2000,2000,3000,8500,8549
2024-04-29,2024,Abril,Lunes,La Floresta,1500,2000,2000,2000,7500,7504
2024-04-29,2024,Abril,Lunes,Los Cedros,1500,2000,2000,3000,8500,8535
2024-04-29,2024,Abril,Lunes,Palermo,1500,2000,2000,1000,6500,6672
2024-04-29,2024,Abril,Lunes,Santa Ana,1500,2000,2000,5000,10500,10596
2024-04-30,2024,Abril,Martes,Córdoba,1500,2000,3000,3000,9500,9633
2024-04-30,2024,Abril,Martes,La Floresta,1500,2000,3000,2000,8500,8178
2024-04-30,2024,Abril,Martes,Los Cedros,1500,2000,3000,3000,9500,9458
2024-04-30,2024,Abril,Martes,Palermo,1500,2000,3000,1000,7500,7620
2024-04-30,2024,Abril,Martes,Santa Ana,1500,2000,3000,5000,11500,11402
2024-05-01,2024,Mayo,Miércoles,Córdoba,1500,2500,3500,3000,10500,10787
2024-05-01,2024,Mayo,Miércoles,La Floresta,1500,2500,3500,2000,9500,9446
2024-05-01,2024,Mayo,Miércoles,Los Cedros,1500,2500,3500,3000,10500,10417
2024-05-01,2024,Mayo,Miércoles,Palermo,1500,2500,3500,1000,8500,8614
2024-05-01,2024,Mayo,Miércoles,Santa Ana,1500,2500,3500,5000,12500,12472
2024-05-02,2024,Mayo,Jueves,Córdoba,1500,2500,3000,3000,10000,10089
2024-05-02,2024,Mayo,Jueves,La Floresta,1500,2500,3000,2000,9000,8866
2024-05-02,2024,Mayo,Jueves,Los Cedros,1500,2500,3000,3000,10000,10133
2024-05-02,2024,Mayo,Jueves,Palermo,1500,2500,3000,1000,8000,7903
2024-05-02,2024,Mayo,Jueves,Santa Ana,1500,2500,3000,5000,12000,11882
2024-05-03,2024,Mayo,Viernes,Córdoba,1500,2500,2000,3000,9000,8985
2024-05-03,2024,Mayo,Viernes,La Floresta,1500,2500,2000,2000,8000,7992
2024-05-03,2024,Mayo,Viernes,Los Cedros,1500,2500,2000,3000,9000,8900
2024-05-03,2024,Mayo,Viernes,Palermo,1500,2500,2000,1000,7000,6899
2024-05-03,2024,Mayo,Viernes,Santa Ana,1500,2500,2000,5000,11000,10842
2024-05-04,2024,Mayo,Sábado,Córdoba,1500,2500,1000,3000,8000,8005
2024-05-04,2024,Mayo,Sábado,La Floresta,1500,2500,1000,2000,7000,6945
2024-05-04,2024,Mayo,Sábado,Los Cedros,1500,2500,1000,3000,8000,7949
2024-05-04,2024,Mayo,Sábado,Palermo,1500,2500,1000,1000,6000,5965
2024-05-04,2024,Mayo,Sábado,Santa Ana,1500,2500,1000,5000,10000,9980
2024-05-05,2024,Mayo,Domingo,Córdoba,1500,2500,1000,3000,8000,8013
2024-05-05,2024,Mayo,Domingo,La Floresta,1500,2500,1000,2000,7000,6950
2024-05-05,2024,Mayo,Domingo,Los Cedros,1500,2500,1000,3000,8000,7966
2024-05-05,2024,Mayo,Domingo,Palermo,1500,2500,1000,1000,6000,6022
2024-05-05,2024,Mayo,Domingo,Santa Ana,1500,2500,1000,5000,10000,10113
2024-05-06,2024,Mayo,Lunes,Córdoba,1500,2500,2000,3000,9000,8945
2024-05-06,2024,Mayo,Lunes,La Floresta,1500,2500,2000,2000,8000,7943
2024-05-06,2024,Mayo,Lunes,Los Cedros,1500,2500,2000,3000,9000,8959
2024-05-06,2024,Mayo,Lunes,Palermo,1500,2500,2000,1000,7000,7039
2024-05-06,2024,Mayo,Lunes,Santa Ana,1500,2500,2000,5000,11000,11052
2024-05-07,2024,Mayo,Martes,Córdoba,1500,2500,3000,3000,10000,10047
2024-05-07,2024,Mayo,Martes,La Floresta,1500,2500,3000,2000,9000,9176
2024-05-07,2024,Mayo,Martes,Los Cedros,1500,2500,3000,3000,10000,9849
2024-05-07,2024,Mayo,Martes,Palermo,1500,2500,3000,1000,8000,8170
2024-05-07,2024,Mayo,Martes,Santa Ana,1500,2500,3000,5000,12000,12054
2024-05-08,2024,Mayo,Miércoles,Córdoba,1500,2500,3500,3000,10500,10621
2024-05-08,2024,Mayo,Miércoles,La Floresta,1500,2500,3500,2000,9500,9384
2024-05-08,2024,Mayo,Miércoles,Los Cedros,1500,2500,3500,3000,10500,10500
2024-05-08,2024,Mayo,Miércoles,Palermo,1500,2500,3500,1000,8500,8453
2024-05-08,2024,Mayo,Miércoles,Santa Ana,1500,2500,3500,5000,12500,12391
2024-05-09,2024,Mayo,Jueves,Córdoba,1500,2500,3000,3000,10000,9979
2024-05-09,2024,Mayo,Jueves,La Floresta,1500,2500,3000,2000,9000,8951
2024-05-09,2024,Mayo,Jueves,Los Cedros,1500,2500,3000,3000,10000,10019
2024-05-09,2024,Mayo,Jueves,Palermo,1500,2500,3000,1000,8000,7997
2024-05-09,2024,Mayo,Jueves,Santa Ana,1500,2500,3000,5000,12000,12064
2024-05-10,2024,Mayo,Viernes,Córdoba,1500,2500,2000,3000,9000,9008
2024-05-10,2024,Mayo,Viernes,La Floresta,1500,2500,2000,2000,8000,8018
2024-05-10,2024,Mayo,Viernes,Los Cedros,1500,2500,2000,3000,9000,9158
2024-05-10,2024,Mayo,Viernes,Palermo,1500,2500,2000,1000,7000,7018
2024-05-10,2024,Mayo,Viernes,Santa Ana,1500,2500,2000,5000,11000,11025
2024-05-11,2024,Mayo,Sábado,Córdoba,1500,2500,1000,3000,8000,7943
2024-05-11,2024,Mayo,Sábado,La Floresta,1500,2500,1000,2000,7000,7011
2024-05-11,2024,Mayo,Sábado,Los Cedros,1500,2500,1000,3000,8000,7814
2024-05-11,2024,Mayo,Sábado,Palermo,1500,2500,1000,1000,6000,5984
2024-05-11,2024,Mayo,Sábado,Santa Ana,1500,2500,1000,5000,10000,10149
2024-05-12,2024,Mayo,Domingo,Córdoba,1500,2500,1000,3000,8000,8037
2024-05-12,2024,Mayo,Domingo,La Floresta,1500,2500,1000,2000,7000,6986
2024-05-12,2024,Mayo,Domingo,Los Cedros,1500,2500,1000,3000,8000,8027
2024-05-12,2024,Mayo,Domingo,Palermo,1500,2500,1000,1000,6000,5987
2024-05-12,2024,Mayo,Domingo,Santa Ana,1500,2500,1000,5000,10000,10036
2024-05-13,2024,Mayo,Lunes,Córdoba,1500,2500,2000,3000,9000,8866
2024-05-13,2024,Mayo,Lunes,La Floresta,1500,2500,2000,2000,8000,7816
2024-05-13,2024,Mayo,Lunes,Los Cedros,1500,2500,2000,3000,9000,8979
2024-05-13,2024,Mayo,Lunes,Palermo,1500,2500,2000,1000,7000,6981
2024-05-13,2024,Mayo,Lunes,Santa Ana,1500,2500,2000,5000,11000,11074
2024-05-14,2024,Mayo,Martes,Córdoba,1500,2500,3000,3000,10000,10035
2024-05-14,2024,Mayo,Martes,La Floresta,1500,2500,3000,2000,9000,8780
2024-05-14,2024,Mayo,Martes,Los Cedros,1500,2500,3000,3000,10000,9969
2024-05-14,2024,Mayo,Martes,Palermo,1500,2500,3000,1000,8000,8079
2024-05-14,2024,Mayo,Martes,Santa Ana,1500,2500,3000,5000,12000,11922
2024-05-15,2024,Mayo,Miércoles,Córdoba,1500,2500,3500,3000,10500,10436
2024-05-15,2024,Mayo,Miércoles,La Floresta,1500,2500,3500,2000,9500,9482
2024-05-15,2024,Mayo,Miércoles,Los Cedros,1500,2500,3500,3000,10500,10642
2024-05-15,2024,Mayo,Miércoles,Palermo,1500,2500,3500,1000,8500,8524
2024-05-15,2024,Mayo,Miércoles,Santa Ana,1500,2500,3500,5000,12500,12525
2024-05-16,2024,Mayo,Jueves,Córdoba,1500,2500,3000,3000,10000,9909
2024-05-16,2024,Mayo,Jueves,La Floresta,1500,2500,3000,2000,9000,8879
2024-05-16,2024,Mayo,Jueves,Los Cedros,1500,2500,3000,3000,10000,9977
2024-05-16,2024,Mayo,Jueves,Palermo,1500,2500,3000,1000,8000,8007
2024-05-16,2024,Mayo,Jueves,Santa Ana,1500,2500,3000,5000,12000,12178
2024-05-17,2024,Mayo,Viernes,Córdoba,1500,2500,2000,3000,9000,9004
2024-05-17,2024,Mayo,Viernes,La Floresta,1500,2500,2000,2000,8000,8041
2024-05-17,2024,Mayo,Viernes,Los Cedros,1500,2500,2000,3000,9000,9031
2024-05-17,2024,Mayo,Viernes,Palermo,1500,2500,2000,1000,7000,6967
2024-05-17,2024,Mayo,Viernes,Santa Ana,1500,2500,2000,5000,11000,10923
2024-05-18,2024,Mayo,Sábado,Córdoba,1500,2500,1000,3000,8000,7980
2024-05-18,2024,Mayo,Sábado,La Floresta,1500,2500,1000,2000,7000,7065
2024-05-18,2024,Mayo,Sábado,Los Cedros,1500,2500,1000,3000,8000,8114
2024-05-18,2024,Mayo,Sábado,Palermo,1500,2500,1000,1000,6000,5917
2024-05-18,2024,Mayo,Sábado,Santa Ana,1500,2500,1000,5000,10000,9889
2024-05-19,2024,Mayo,Domingo,Córdoba,1500,2500,1000,3000,8000,8068
2024-05-19,2024,Mayo,Domingo,La Floresta,1500,2500,1000,2000,7000,7069
2024-05-19,2024,Mayo,Domingo,Los Cedros,1500,2500,1000,3000,8000,8011
2024-05-19,2024,Mayo,Domingo,Palermo,1500,2500,1000,1000,6000,6007
2024-05-19,2024,Mayo,Domingo,Santa Ana,1500,2500,1000,5000,10000,9814
2024-05-20,2024,Mayo,Lunes,Córdoba,1500,2500,2000,3000,9000,9010
2024-05-20,2024,Mayo,Lunes,La Floresta,1500,2500,2000,2000,8000,8107
2024-05-20,2024,Mayo,Lunes,Los Cedros,1500,2500,2000,3000,9000,9100
2024-05-20,2024,Mayo,Lunes,Palermo,1500,2500,2000,1000,7000,6835
2024-05-20,2024,Mayo,Lunes,Santa Ana,1500,2500,2000,5000,11000,10860
2024-05-21,2024,Mayo,Martes,Córdoba,1500,2500,3000,3000,10000,9847
2024-05-21,2024,Mayo,Martes,La Floresta,1500,2500,3000,2000,9000,8802
2024-05-21,2024,Mayo,Martes,Los Cedros,1500,2500,3000,3000,10000,10084
2024-05-21,2024,Mayo,Martes,Palermo,1500,2500,3000,1000,8000,7868
2024-05-21,2024,Mayo,Martes,Santa Ana,1500,2500,3000,5000,12000,12170
2024-05-22,2024,Mayo,Miércoles,Córdoba,1500,2500,3500,3000,10500,10661
2024-05-22,2024,Mayo,Miércoles,La Floresta,1500,2500,3500,2000,9500,9317
2024-05-22,2024,Mayo,Miércoles,Los Cedros,1500,2500,3500,3000,10500,10597
2024-05-22,2024,Mayo,Miércoles,Palermo,1500,2500,3500,1000,8500,8540
2024-05-22,2024,Mayo,Miércoles,Santa Ana,1500,2500,3500,5000,12500,12590
2024-05-23,2024,Mayo,Jueves,Córdoba,1500,2500,3000,3000,10000,10065
2024-05-23,2024,Mayo,Jueves,La Floresta,1500,2500,3000,2000,9000,9050
2024-05-23,2024,Mayo,Jueves,Los Cedros,1500,2500,3000,3000,10000,10032
2024-05-23,2024,Mayo,Jueves,Palermo,1500,2500,3000,1000,8000,8148
2024-05-23,2024,Mayo,Jueves,Santa Ana,1500,2500,3000,5000,12000,11926
2024-05-24,2024,Mayo,Viernes,Córdoba,1500,2500,2000,3000,9000,8884
2024-05-24,2024,Mayo,Viernes,La Floresta,1500,2500,2000,2000,8000,8047
2024-05-24,2024,Mayo,Viernes,Los Cedros,1500,2500,2000,3000,9000,9075
2024-05-24,2024,Mayo,Viernes,Palermo,1500,2500,2000,1000,7000,6862
2024-05-24,2024,Mayo,Viernes,Santa Ana,1500,2500,2000,5000,11000,11094
2024-05-25,2024,Mayo,Sábado,Córdoba,1500,2500,1000,3000,8000,7963
2024-05-25,2024,Mayo,Sábado,La Floresta,1500,2500,1000,2000,7000,6856
2024-05-25,2024,Mayo,Sábado,Los Cedros,1500,2500,1000,3000,8000,8066
2024-05-25,2024,Mayo,Sábado,Palermo,1500,2500,1000,1000,6000,5993
2024-05-25,2024,Mayo,Sábado,Santa Ana,1500,2500,1000,5000,10000,9920
2024-05-26,2024,Mayo,Domingo,Córdoba,1500,2500,1000,3000,8000,8055
2024-05-26,2024,Mayo,Domingo,La Floresta,1500,2500,1000,2000,7000,7080
2024-05-26,2024,Mayo,Domingo,Los Cedros,1500,2500,1000,3000,8000,7930
2024-05-26,2024,Mayo,Domingo,Palermo,1500,2500,1000,1000,6000,5934
2024-05-26,2024,Mayo,Domingo,Santa Ana,1500,2500,1000,5000,10000,9957
2024-05-27,2024,Mayo,Lunes,Córdoba,1500,2500,2000,3000,9000,9095
2024-05-27,2024,Mayo,Lunes,La Floresta,1500,2500,2000,2000,8000,7991
2024-05-27,2024,Mayo,Lunes,Los Cedros,1500,2500,2000,3000,9000,8926
2024-05-27,2024,Mayo,Lunes,Palermo,1500,2500,2000,1000,7000,7113
2024-05-27,2024,Mayo,Lunes,Santa Ana,1500,2500,2000,5000,11000,11070
2024-05-28,2024,Mayo,Martes,Córdoba,1500,2500,3000,3000,10000,10046
2024-05-28,2024,Mayo,Martes,La Floresta,1500,2500,3000,2000,9000,8878
2024-05-28,2024,Mayo,Martes,Los Cedros,1500,2500,3000,3000,10000,10084
2024-05-28,2024,Mayo,Martes,Palermo,1500,2500,3000,1000,8000,8005
2024-05-28,2024,Mayo,Martes,Santa Ana,1500,2500,3000,5000,12000,12113
2024-05-29,2024,Mayo,Miércoles,Córdoba,1500,2500,3500,3000,10500,10297
2024-05-29,2024,Mayo,Miércoles,La Floresta,1500,2500,3500,2000,9500,9578
2024-05-29,2024,Mayo,Miércoles,Los Cedros,1500,2500,3500,3000,10500,10502
2024-05-29,2024,Mayo,Miércoles,Palermo,1500,2500,3500,1000,8500,8556
2024-05-29,2024,Mayo,Miércoles,Santa Ana,1500,2500,3500,5000,12500,12473
2024-05-30,2024,Mayo,Jueves,Córdoba,1500,2500,3000,3000,10000,9957
2024-05-30,2024,Mayo,Jueves,La Floresta,1500,2500,3000,2000,9000,9050
2024-05-30,2024,Mayo,Jueves,Los Cedros,1500,2500,3000,3000,10000,10007
2024-05-30,2024,Mayo,Jueves,Palermo,1500,2500,3000,1000,8000,7947
2024-05-30,2024,Mayo,Jueves,Santa Ana,1500,2500,3000,5000,12000,12004
2024-05-31,2024,Mayo,Viernes,Córdoba,1500,2500,2000,3000,9000,9007
2024-05-31,2024,Mayo,Viernes,La Floresta,1500,2500,2000,2000,8000,8059
2024-05-31,2024,Mayo,Viernes,Los Cedros,1500,2500,2000,3000,9000,8963
2024-05-31,2024,Mayo,Viernes,Palermo,1500,2500,2000,1000,7000,7046
2024-05-31,2024,Mayo,Viernes,Santa Ana,1500,2500,2000,5000,11000,11061
2024-06-01,2024,Junio,Sábado,Córdoba,1500,2500,1000,3000,8000,7993
2024-06-01,2024,Junio,Sábado,La Floresta,1500,2500,1000,2000,7000,6959
2024-06-01,2024,Junio,Sábado,Los Cedros,1500,2500,1000,3000,8000,8012
2024-06-01,2024,Junio,Sábado,Palermo,1500,2500,1000,1000,6000,6102
2024-06-01,2024,Junio,Sábado,Santa Ana,1500,2500,1000,5000,10000,10050
2024-06-02,2024,Junio,Domingo,Córdoba,1500,2500,1000,3000,8000,7864
2024-06-02,2024,Junio,Domingo,La Floresta,1500,2500,1000,2000,7000,6942
2024-06-02,2024,Junio,Domingo,Los Cedros,1500,2500,1000,3000,8000,7990
2024-06-02,2024,Junio,Domingo,Palermo,1500,2500,1000,1000,6000,6160
2024-06-02,2024,Junio,Domingo,Santa Ana,1500,2500,1000,5000,10000,9965
2024-06-03,2024,Junio,Lunes,Córdoba,1500,2500,2000,3000,9000,9048
2024-06-03,2024,Junio,Lunes,La Floresta,1500,2500,2000,2000,8000,8014
2024-06-03,2024,Junio,Lunes,Los Cedros,1500,2500,2000,3000,9000,9027
2024-06-03,2024,Junio,Lunes,Palermo,1500,2500,2000,1000,7000,7035
2024-06-03,2024,Junio,Lunes,Santa Ana,1500,2500,2000,5000,11000,11024
2024-06-04,2024,Junio,Martes,Córdoba,1500,2500,3000,3000,10000,9890
2024-06-04,2024,Junio,Martes,La Floresta,1500,2500,3000,2000,9000,8876
2024-06-04,2024,Junio,Martes,Los Cedros,1500,2500,3000,3000,10000,10039
2024-06-04,2024,Junio,Martes,Palermo,1500,2500,3000,1000,8000,7878
2024-06-04,2024,Junio,Martes,Santa Ana,1500,2500,3000,5000,12000,12116
2024-06-05,2024,Junio,Miércoles,Córdoba,1500,2500,3500,3000,10500,10426
2024-06-05,2024,Junio,Miércoles,La Floresta,1500,2500,3500,2000,9500,9562
2024-06-05,2024,Junio,Miércoles,Los Cedros,1500,2500,3500,3000,10500,10443
2024-06-05,2024,Junio,Miércoles,Palermo,1500,2500,3500,1000,8500,8498
2024-06-05,2024,Junio,Miércoles,Santa Ana,1500,2500,3500,5000,12500,12534
2024-06-06,2024,Junio,Jueves,Córdoba,1500,2500,3000,3000,10000,10110
2024-06-06,2024,Junio,Jueves,La Floresta,1500,2500,3000,2000,9000,9005
2024-06-06,2024,Junio,Jueves,Los Cedros,1500,2500,3000,3000,10000,9861
2024-06-06,2024,Junio,Jueves,Palermo,1500,2500,3000,1000,8000,8007
2024-06-06,2024,Junio,Jueves,Santa Ana,1500,2500,3000,5000,12000,12125
2024-06-07,2024,Junio,Viernes,Córdoba,1500,2500,2000,3000,9000,9252
2024-06-07,2024,Junio,Viernes,La Floresta,1500,2500,2000,2000,8000,7991
2024-06-07,2024,Junio,Viernes,Los Cedros,1500,2500,2000,3000,9000,9037
2024-06-07,2024,Junio,Viernes,Palermo,1500,2500,2000,1000,7000,6948
2024-06-07,2024,Junio,Viernes,Santa Ana,1500,2500,2000,5000,11000,10869
2024-06-08,2024,Junio,Sábado,Córdoba,1500,2500,1000,3000,8000,7991
2024-06-08,2024,Junio,Sábado,La Floresta,1500,2500,1000,2000,7000,6940
2024-06-08,2024,Junio,Sábado,Los Cedros,1500,2500,1000,3000,8000,8084
2024-06-08,2024,Junio,Sábado,Palermo,1500,2500,1000,1000,6000,6100
2024-06-08,2024,Junio,Sábado,Santa Ana,1500,2500,1000,5000,10000,10008
2024-06-09,2024,Junio,Domingo,Córdoba,1500,2500,1000,3000,8000,7950
2024-06-09,2024,Junio,Domingo,La Floresta,1500,2500,1000,2000,7000,7014
2024-06-09,2024,Junio,Domingo,Los Cedros,1500,2500,1000,3000,8000,8092
2024-06-09,2024,Junio,Domingo,Palermo,1500,2500,1000,1000,6000,6104
2024-06-09,2024,Junio,Domingo,Santa Ana,1500,2500,1000,5000,10000,10075
2024-06-10,2024,Junio,Lunes,Córdoba,1500,2500,2000,3000,9000,8887
2024-06-10,2024,Junio,Lunes,La Floresta,1500,2500,2000,2000,8000,7929
2024-06-10,2024,Junio,Lunes,Los Cedros,1500,2500,2000,3000,9000,9043
2024-06-10,2024,Junio,Lunes,Palermo,1500,2500,2000,1000,7000,7047
2024-06-10,2024,Junio,Lunes,Santa Ana,1500,2500,2000,5000,11000,10927
2024-06-11,2024,Junio,Martes,Córdoba,1500,2500,3000,3000,10000,9988
2024-06-11,2024,Junio,Martes,La Floresta,1500,2500,3000,2000,9000,8801
2024-06-11,2024,Junio,Martes,Los Cedros,1500,2500,3000,3000,10000,9962
2024-06-11,2024,Junio,Martes,Palermo,1500,2500,3000,1000,8000,7960
2024-06-11,2024,Junio,Martes,Santa Ana,1500,2500,3000,5000,12000,11701
2024-06-12,2024,Junio,Miércoles,Córdoba,1500,2500,3500,3000,10500,10559
2024-06-12,2024,Junio,Miércoles,La Floresta,1500,2500,3500,2000,9500,9513
2024-06-12,2024,Junio,Miércoles,Los Cedros,1500,2500,3500,3000,10500,10550
2024-06-12,2024,Junio,Miércoles,Palermo,1500,2500,3500,1000,8500,8499
2024-06-12,2024,Junio,Miércoles,Santa Ana,1500,2500,3500,5000,12500,12478
2024-06-13,2024,Junio,Jueves,Córdoba,1500,2500,3000,3000,10000,9887
2024-06-13,2024,Junio,Jueves,La Floresta,1500,2500,3000,2000,9000,9033
2024-06-13,2024,Junio,Jueves,Los Cedros,1500,2500,3000,3000,10000,9967
2024-06-13,2024,Junio,Jueves,Palermo,1500,2500,3000,1000,8000,8070
2024-06-13,2024,Junio,Jueves,Santa Ana,1500,2500,3000,5000,12000,12092
2024-06-14,2024,Junio,Viernes,Córdoba,1500,2500,2000,3000,9000,9215
2024-06-14,2024,Junio,Viernes,La Floresta,1500,2500,2000,2000,8000,8095
2024-06-14,2024,Junio,Viernes,Los Cedros,1500,2500,2000,3000,9000,9046
2024-06-14,2024,Junio,Viernes,Palermo,1500,2500,2000,1000,7000,6791
2024-06-14,2024,Junio,Viernes,Santa Ana,1500,2500,2000,5000,11000,11000
2024-06-15,2024,Junio,Sábado,Córdoba,1500,2500,1000,3000,8000,7989
2024-06-15,2024,Junio,Sábado,La Floresta,1500,2500,1000,2000,7000,7017
2024-06-15,2024,Junio,Sábado,Los Cedros,1500,2500,1000,3000,8000,8020
2024-06-15,2024,Junio,Sábado,Palermo,1500,2500,1000,1000,6000,6096
2024-06-15,2024,Junio,Sábado,Santa Ana,1500,2500,1000,5000,10000,9855
2024-06-16,2024,Junio,Domingo,Córdoba,1500,2500,1000,3000,8000,8071
2024-06-16,2024,Junio,Domingo,La Floresta,1500,2500,1000,2000,7000,6831
2024-06-16,2024,Junio,Domingo,Los Cedros,1500,2500,1000,3000,8000,8040
2024-06-16,2024,Junio,Domingo,Palermo,1500,2500,1000,1000,6000,6068
2024-06-16,2024,Junio,Domingo,Santa Ana,1500,2500,1000,5000,10000,10020
2024-06-17,2024,Junio,Lunes,Córdoba,1500,2500,2000,3000,9000,8889
2024-06-17,2024,Junio,Lunes,La Floresta,1500,2500,2000,2000,8000,7897
2024-06-17,2024,Junio,Lunes,Los Cedros,1500,2500,2000,3000,9000,8879
2024-06-17,2024,Junio,Lunes,Palermo,1500,2500,2000,1000,7000,7094
2024-06-17,2024,Junio,Lunes,Santa Ana,1500,2500,2000,5000,11000,10858
2024-06-18,2024,Junio,Martes,Córdoba,1500,2500,3000,3000,10000,9913
2024-06-18,2024,Junio,Martes,La Floresta,1500,2500,3000,2000,9000,8964
2024-06-18,2024,Junio,Martes,Los Cedros,1500,2500,3000,3000,10000,9867
2024-06-18,2024,Junio,Martes,Palermo,1500,2500,3000,1000,8000,8146
2024-06-18,2024,Junio,Martes,Santa Ana,1500,2500,3000,5000,12000,12194
2024-06-19,2024,Junio,Miércoles,Córdoba,1500,2500,3500,3000,10500,10480
2024-06-19,2024,Junio,Miércoles,La Floresta,1500,2500,3500,2000,9500,9508
2024-06-19,2024,Junio,Miércoles,Los Cedros,1500,2500,3500,3000,10500,10469
2024-06-19,2024,Junio,Miércoles,Palermo,1500,2500,3500,1000,8500,8435
2024-06-19,2024,Junio,Miércoles,Santa Ana,1500,2500,3500,5000,12500,12485
2024-06-20,2024,Junio,Jueves,Córdoba,1500,2500,3000,3000,10000,10039
2024-06-20,2024,Junio,Jueves,La Floresta,1500,2500,3000,2000,9000,8684
2024-06-20,2024,Junio,Jueves,Los Cedros,1500,2500,3000,3000,10000,9873
2024-06-20,2024,Junio,Jueves,Palermo,1500,2500,3000,1000,8000,8088
2024-06-20,2024,Junio,Jueves,Santa Ana,1500,2500,3000,5000,12000,12129
2024-06-21,2024,Junio,Viernes,Córdoba,1500,2500,2000,3000,9000,9162
2024-06-21,2024,Junio,Viernes,La Floresta,1500,2500,2000,2000,8000,7956
2024-06-21,2024,Junio,Viernes,Los Cedros,1500,2500,2000,3000,9000,8996
2024-06-21,2024,Junio,Viernes,Palermo,1500,2500,2000,1000,7000,6947
2024-06-21,2024,Junio,Viernes,Santa Ana,1500,2500,2000,5000,11000,10879
2024-06-22,2024,Junio,Sábado,Córdoba,1500,2500,1000,3000,8000,8018
2024-06-22,2024,Junio,Sábado,La Floresta,1500,2500,1000,2000,7000,7030
2024-06-22,2024,Junio,Sábado,Los Cedros,1500,2500,1000,3000,8000,7832
2024-06-22,2024,Junio,Sábado,Palermo,1500,2500,1000,1000,6000,5924
2024-06-22,2024,Junio,Sábado,Santa Ana,1500,2500,1000,5000,10000,10099
2024-06-23,2024,Junio,Domingo,Córdoba,1500,2500,1000,3000,8000,8030
2024-06-23,2024,Junio,Domingo,La Floresta,1500,2500,1000,2000,7000,6998
2024-06-23,2024,Junio,Domingo,Los Cedros,1500,2500,1000,3000,8000,7961
2024-06-23,2024,Junio,Domingo,Palermo,1500,2500,1000,1000,6000,5851
2024-06-23,2024,Junio,Domingo,Santa Ana,1500,2500,1000,5000,10000,9845
2024-06-24,2024,Junio,Lunes,Córdoba,1500,2500,2000,3000,9000,8981
2024-06-24,2024,Junio,Lunes,La Floresta,1500,2500,2000,2000,8000,8036
2024-06-24,2024,Junio,Lunes,Los Cedros,1500,2500,2000,3000,9000,9014
2024-06-24,2024,Junio,Lunes,Palermo,1500,2500,2000,1000,7000,7096
2024-06-24,2024,Junio,Lunes,Santa Ana,1500,2500,2000,5000,11000,10797
2024-06-25,2024,Junio,Martes,Córdoba,1500,2500,3000,3000,10000,10125
2024-06-25,2024,Junio,Martes,La Floresta,1500,2500,3000,2000,9000,8842
2024-06-25,2024,Junio,Martes,Los Cedros,1500,2500,3000,3000,10000,9975
2024-06-25,2024,Junio,Martes,Palermo,1500,2500,3000,1000,8000,7971
2024-06-25,2024,Junio,Martes,Santa Ana,1500,2500,3000,5000,12000,11958
2024-06-26,2024,Junio,Miércoles,Córdoba,1500,2500,3500,3000,10500,10510
2024-06-26,2024,Junio,Miércoles,La Floresta,1500,2500,3500,2000,9500,9553
2024-06-26,2024,Junio,Miércoles,Los Cedros,1500,2500,3500,3000,10500,10303
2024-06-26,2024,Junio,Miércoles,Palermo,1500,2500,3500,1000,8500,8428
2024-06-26,2024,Junio,Miércoles,Santa Ana,1500,2500,3500,5000,12500,12263
2024-06-27,2024,Junio,Jueves,Córdoba,1500,2500,3000,3000,10000,9898
2024-06-27,2024,Junio,Jueves,La Floresta,1500,2500,3000,2000,9000,9064
2024-06-27,2024,Junio,Jueves,Los Cedros,1500,2500,3000,3000,10000,9950
2024-06-27,2024,Junio,Jueves,Palermo,1500,2500,3000,1000,8000,8222
2024-06-27,2024,Junio,Jueves,Santa Ana,1500,2500,3000,5000,12000,11931
2024-06-28,2024,Junio,Viernes,Córdoba,1500,2500,2000,3000,9000,9162
2024-06-28,2024,Junio,Viernes,La Floresta,1500,2500,2000,2000,8000,7861
2024-06-28,2024,Junio,Viernes,Los Cedros,1500,2500,2000,3000,9000,9030
2024-06-28,2024,Junio,Viernes,Palermo,1500,2500,2000,1000,7000,7071
2024-06-28,2024,Junio,Viernes,Santa Ana,1500,2500,2000,5000,11000,10896
2024-06-29,2024,Junio,Sábado,Córdoba,1500,2500,1000,3000,8000,8050
2024-06-29,2024,Junio,Sábado,La Floresta,1500,2500,1000,2000,7000,6966
2024-06-29,2024,Junio,Sábado,Los Cedros,1500,2500,1000,3000,8000,7980
2024-06-29,2024,Junio,Sábado,Palermo,1500,2500,1000,1000,6000,5989
2024-06-29,2024,Junio,Sábado,Santa Ana,1500,2500,1000,5000,10000,10097
2024-06-30,2024,Junio,Domingo,Córdoba,1500,2500,1000,3000,8000,7972
2024-06-30,2024,Junio,Domingo,La Floresta,1500,2500,1000,2000,7000,7121
2024-06-30,2024,Junio,Domingo,Los Cedros,1500,2500,1000,3000,8000,8026
2024-06-30,2024,Junio,Domingo,Palermo,1500,2500,1000,1000,6000,5965
2024-06-30,2024,Junio,Domingo,Santa Ana,1500,2500,1000,5000,10000,9954
2024-07-01,2024,Julio,Lunes,Córdoba,1500,3000,2000,3000,9500,9407
2024-07-01,2024,Julio,Lunes,La Floresta,1500,3000,2000,2000,8500,8556
2024-07-01,2024,Julio,Lunes,Los Cedros,1500,3000,2000,3000,9500,9464
2024-07-01,2024,Julio,Lunes,Palermo,1500,3000,2000,1000,7500,7586
2024-07-01,2024,Julio,Lunes,Santa Ana,1500,3000,2000,5000,11500,11477
2024-07-02,2024,Julio,Martes,Córdoba,1500,3000,3000,3000,10500,10249
2024-07-02,2024,Julio,Martes,La Floresta,1500,3000,3000,2000,9500,9534
2024-07-02,2024,Julio,Martes,Los Cedros,1500,3000,3000,3000,10500,10615
2024-07-02,2024,Julio,Martes,Palermo,1500,3000,3000,1000,8500,8410
2024-07-02,2024,Julio,Martes,Santa Ana,1500,3000,3000,5000,12500,12573
2024-07-03,2024,Julio,Miércoles,Córdoba,1500,3000,3500,3000,11000,10875
2024-07-03,2024,Julio,Miércoles,La Floresta,1500,3000,3500,2000,10000,9989
2024-07-03,2024,Julio,Miércoles,Los Cedros,1500,3000,3500,3000,11000,11002
2024-07-03,2024,Julio,Miércoles,Palermo,1500,3000,3500,1000,9000,9016
2024-07-03,2024,Julio,Miércoles,Santa Ana,1500,3000,3500,5000,13000,13103
2024-07-04,2024,Julio,Jueves,Córdoba,1500,3000,3000,3000,10500,10401
2024-07-04,2024,Julio,Jueves,La Floresta,1500,3000,3000,2000,9500,9467
2024-07-04,2024,Julio,Jueves,Los Cedros,1500,3000,3000,3000,10500,10421
2024-07-04,2024,Julio,Jueves,Palermo,1500,3000,3000,1000,8500,8509
2024-07-04,2024,Julio,Jueves,Santa Ana,1500,3000,3000,5000,12500,12467
2024-07-05,2024,Julio,Viernes,Córdoba,1500,3000,2000,3000,9500,9487
2024-07-05,2024,Julio,Viernes,La Floresta,1500,3000,2000,2000,8500,8517
2024-07-05,2024,Julio,Viernes,Los Cedros,1500,3000,2000,3000,9500,9503
2024-07-05,2024,Julio,Viernes,Palermo,1500,3000,2000,1000,7500,7496
2024-07-05,2024,Julio,Viernes,Santa Ana,1500,3000,2000,5000,11500,11483
2024-07-06,2024,Julio,Sábado,Córdoba,1500,3000,1000,3000,8500,8603
2024-07-06,2024,Julio,Sábado,La Floresta,1500,3000,1000,2000,7500,7589
2024-07-06,2024,Julio,Sábado,Los Cedros,1500,3000,1000,3000,8500,8460
2024-07-06,2024,Julio,Sábado,Palermo,1500,3000,1000,1000,6500,6482
2024-07-06,2024,Julio,Sábado,Santa Ana,1500,3000,1000,5000,10500,10663
2024-07-07,2024,Julio,Domingo,Córdoba,1500,3000,1000,3000,8500,8482
2024-07-07,2024,Julio,Domingo,La Floresta,1500,3000,1000,2000,7500,7405
2024-07-07,2024,Julio,Domingo,Los Cedros,1500,3000,1000,3000,8500,8531
2024-07-07,2024,Julio,Domingo,Palermo,1500,3000,1000,1000,6500,6588
2024-07-07,2024,Julio,Domingo,Santa Ana,1500,3000,1000,5000,10500,10541
2024-07-08,2024,Julio,Lunes,Córdoba,1500,3000,2000,3000,9500,9290
2024-07-08,2024,Julio,Lunes,La Floresta,1500,3000,2000,2000,8500,8540
2024-07-08,2024,Julio,Lunes,Los Cedros,1500,3000,2000,3000,9500,9495
2024-07-08,2024,Julio,Lunes,Palermo,1500,3000,2000,1000,7500,7621
2024-07-08,2024,Julio,Lunes,Santa Ana,1500,3000,2000,5000,11500,11676
2024-07-09,2024,Julio,Martes,Córdoba,1500,3000,3000,3000,10500,10527
2024-07-09,2024,Julio,Martes,La Floresta,1500,3000,3000,2000,9500,9325
2024-07-09,2024,Julio,Martes,Los Cedros,1500,3000,3000,3000,10500,10221
2024-07-09,2024,Julio,Martes,Palermo,1500,3000,3000,1000,8500,8490
2024-07-09,2024,Julio,Martes,Santa Ana,1500,3000,3000,5000,12500,12485
2024-07-10,2024,Julio,Miércoles,Córdoba,1500,3000,3500,3000,11000,11118
2024-07-10,2024,Julio,Miércoles,La Floresta,1500,3000,3500,2000,10000,10076
2024-07-10,2024,Julio,Miércoles,Los Cedros,1500,3000,3500,3000,11000,11087
2024-07-10,2024,Julio,Miércoles,Palermo,1500,3000,3500,1000,9000,8970
2024-07-10,2024,Julio,Miércoles,Santa Ana,1500,3000,3500,5000,13000,12896
2024-07-11,2024,Julio,Jueves,Córdoba,1500,3000,3000,3000,10500,10368
2024-07-11,2024,Julio,Jueves,La Floresta,1500,3000,3000,2000,9500,9453
2024-07-11,2024,Julio,Jueves,Los Cedros,1500,3000,3000,3000,10500,10567
2024-07-11,2024,Julio,Jueves,Palermo,1500,3000,3000,1000,8500,8646
2024-07-11,2024,Julio,Jueves,Santa Ana,1500,3000,3000,5000,12500,12501
2024-07-12,2024,Julio,Viernes,Córdoba,1500,3000,2000,3000,9500,9555
2024-07-12,2024,Julio,Viernes,La Floresta,1500,3000,2000,2000,8500,8414
2024-07-12,2024,Julio,Viernes,Los Cedros,1500,3000,2000,3000,9500,9506
2024-07-12,2024,Julio,Viernes,Palermo,1500,3000,2000,1000,7500,7558
2024-07-12,2024,Julio,Viernes,Santa Ana,1500,3000,2000,5000,11500,11604
2024-07-13,2024,Julio,Sábado,Córdoba,1500,3000,1000,3000,8500,8508
2024-07-13,2024,Julio,Sábado,La Floresta,1500,3000,1000,2000,7500,7401
2024-07-13,2024,Julio,Sábado,Los Cedros,1500,3000,1000,3000,8500,8714
2024-07-13,2024,Julio,Sábado,Palermo,1500,3000,1000,1000,6500,6546
2024-07-13,2024,Julio,Sábado,Santa Ana,1500,3000,1000,5000,10500,10455
2024-07-14,2024,Julio,Domingo,Córdoba,1500,3000,1000,3000,8500,8607
2024-07-14,2024,Julio,Domingo,La Floresta,1500,3000,1000,2000,7500,7428
2024-07-14,2024,Julio,Domingo,Los Cedros,1500,3000,1000,3000,8500,8617
2024-07-14,2024,Julio,Domingo,Palermo,1500,3000,1000,1000,6500,6522
2024-07-14,2024,Julio,Domingo,Santa Ana,1500,3000,1000,5000,10500,10497
2024-07-15,2024,Julio,Lunes,Córdoba,1500,3000,2000,3000,9500,9480
2024-07-15,2024,Julio,Lunes,La Floresta,1500,3000,2000,2000,8500,8483
2024-07-15,2024,Julio,Lunes,Los Cedros,1500,3000,2000,3000,9500,9502
2024-07-15,2024,Julio,Lunes,Palermo,1500,3000,2000,1000,7500,7565
2024-07-15,2024,Julio,Lunes,Santa Ana,1500,3000,2000,5000,11500,11470
2024-07-16,2024,Julio,Martes,Córdoba,1500,3000,3000,3000,10500,10498
2024-07-16,2024,Julio,Martes,La Floresta,1500,3000,3000,2000,9500,9628
2024-07-16,2024,Julio,Martes,Los Cedros,1500,3000,3000,3000,10500,10640
2024-07-16,2024,Julio,Martes,Palermo,1500,3000,3000,1000,8500,8441
2024-07-16,2024,Julio,Martes,Santa Ana,1500,3000,3000,5000,12500,12369
2024-07-17,2024,Julio,Miércoles,Córdoba,1500,3000,3500,3000,11000,11002
2024-07-17,2024,Julio,Miércoles,La Floresta,1500,3000,3500,2000,10000,10081
2024-07-17,2024,Julio,Miércoles,Los Cedros,1500,3000,3500,3000,11000,10929
2024-07-17,2024,Julio,Miércoles,Palermo,1500,3000,3500,1000,9000,8952
2024-07-17,2024,Julio,Miércoles,Santa Ana,1500,3000,3500,5000,13000,13096
2024-07-18,2024,Julio,Jueves,Córdoba,1500,3000,3000,3000,10500,10515
2024-07-18,2024,Julio,Jueves,La Floresta,1500,3000,3000,2000,9500,9505
2024-07-18,2024,Julio,Jueves,Los Cedros,1500,3000,3000,3000,10500,10632
2024-07-18,2024,Julio,Jueves,Palermo,1500,3000,3000,1000,8500,8482
2024-07-18,2024,Julio,Jueves,Santa Ana,1500,3000,3000,5000,12500,12451
2024-07-19,2024,Julio,Viernes,Córdoba,1500,3000,2000,3000,9500,9559
2024-07-19,2024,Julio,Viernes,La Floresta,1500,3000,2000,2000,8500,8441
2024-07-19,2024,Julio,Viernes,Los Cedros,1500,3000,2000,3000,9500,9441
2024-07-19,2024,Julio,Viernes,Palermo,1500,3000,2000,1000,7500,7446
2024-07-19,2024,Julio,Viernes,Santa Ana,1500,3000,2000,5000,11500,11647
2024-07-20,2024,Julio,Sábado,Córdoba,1500,3000,1000,3000,8500,8451
2024-07-20,2024,Julio,Sábado,La Floresta,1500,3000,1000,2000,7500,7408
2024-07-20,2024,Julio,Sábado,Los Cedros,1500,3000,1000,3000,8500,8438
2024-07-20,2024,Julio,Sábado,Palermo,1500,3000,1000,1000,6500,6399
2024-07-20,2024,Julio,Sábado,Santa Ana,1500,3000,1000,5000,10500,10547
2024-07-21,2024,Julio,Domingo,Córdoba,1500,3000,1000,3000,8500,8410
2024-07-21,2024,Julio,Domingo,La Floresta,1500,3000,1000,2000,7500,7580
2024-07-21,2024,Julio,Domingo,Los Cedros,1500,3000,1000,3000,8500,8515
2024-07-21,2024,Julio,Domingo,Palermo,1500,3000,1000,1000,6500,6409
2024-07-21,2024,Julio,Domingo,Santa Ana,1500,3000,1000,5000,10500,10529
2024-07-22,2024,Julio,Lunes,Córdoba,1500,3000,2000,3000,9500,9486
2024-07-22,2024,Julio,Lunes,La Floresta,1500,3000,2000,2000,8500,8540
2024-07-22,2024,Julio,Lunes,Los Cedros,1500,3000,2000,3000,9500,9482
2024-07-22,2024,Julio,Lunes,Palermo,1500,3000,2000,1000,7500,7508
2024-07-22,2024,Julio,Lunes,Santa Ana,1500,3000,2000,5000,11500,11790
2024-07-23,2024,Julio,Martes,Córdoba,1500,3000,3000,3000,10500,10356
2024-07-23,2024,Julio,Martes,La Floresta,1500,3000,3000,2000,9500,9455
2024-07-23,2024,Julio,Martes,Los Cedros,1500,3000,3000,3000,10500,10551
2024-07-23,2024,Julio,Martes,Palermo,1500,3000,3000,1000,8500,8341
2024-07-23,2024,Julio,Martes,Santa Ana,1500,3000,3000,5000,12500,12651
2024-07-24,2024,Julio,Miércoles,Córdoba,1500,3000,3500,3000,11000,11002
2024-07-24,2024,Julio,Miércoles,La Floresta,1500,3000,3500,2000,10000,9975
2024-07-24,2024,Julio,Miércoles,Los Cedros,1500,3000,3500,3000,11000,10849
2024-07-24,2024,Julio,Miércoles,Palermo,1500,3000,3500,1000,9000,9027
2024-07-24,2024,Julio,Miércoles,Santa Ana,1500,3000,3500,5000,13000,12989
2024-07-25,2024,Julio,Jueves,Córdoba,1500,3000,3000,3000,10500,10557
2024-07-25,2024,Julio,Jueves,La Floresta,1500,3000,3000,2000,9500,9499
2024-07-25,2024,Julio,Jueves,Los Cedros,1500,3000,3000,3000,10500,10615
2024-07-25,2024,Julio,Jueves,Palermo,1500,3000,3000,1000,8500,8422
2024-07-25,2024,Julio,Jueves,Santa Ana,1500,3000,3000,5000,12500,12634
2024-07-26,2024,Julio,Viernes,Córdoba,1500,3000,2000,3000,9500,9492
2024-07-26,2024,Julio,Viernes,La Floresta,1500,3000,2000,2000,8500,8444
2024-07-26,2024,Julio,Viernes,Los Cedros,1500,3000,2000,3000,9500,9497
2024-07-26,2024,Julio,Viernes,Palermo,1500,3000,2000,1000,7500,7542
2024-07-26,2024,Julio,Viernes,Santa Ana,1500,3000,2000,5000,11500,11558
2024-07-27,2024,Julio,Sábado,Córdoba,1500,3000,1000,3000,8500,8430
2024-07-27,2024,Julio,Sábado,La Floresta,1500,3000,1000,2000,7500,7426
2024-07-27,2024,Julio,Sábado,Los Cedros,1500,3000,1000,3000,8500,8559
2024-07-27,2024,Julio,Sábado,Palermo,1500,3000,1000,1000,6500,6513
2024-07-27,2024,Julio,Sábado,Santa Ana,1500,3000,1000,5000,10500,10503
2024-07-28,2024,Julio,Domingo,Córdoba,1500,3000,1000,3000,8500,8572
2024-07-28,2024,Julio,Domingo,La Floresta,1500,3000,1000,2000,7500,7379
2024-07-28,2024,Julio,Domingo,Los Cedros,1500,3000,1000,3000,8500,8584
2024-07-28,2024,Julio,Domingo,Palermo,1500,3000,1000,1000,6500,6438
2024-07-28,2024,Julio,Domingo,Santa Ana,1500,3000,1000,5000,10500,10471
2024-07-29,2024,Julio,Lunes,Córdoba,1500,3000,2000,3000,9500,9614
2024-07-29,2024,Julio,Lunes,La Floresta,1500,3000,2000,2000,8500,8431
2024-07-29,2024,Julio,Lunes,Los Cedros,1500,3000,2000,3000,9500,9430
2024-07-29,2024,Julio,Lunes,Palermo,1500,3000,2000,1000,7500,7602
2024-07-29,2024,Julio,Lunes,Santa Ana,1500,3000,2000,5000,11500,11638
2024-07-30,2024,Julio,Martes,Córdoba,1500,3000,3000,3000,10500,10586
2024-07-30,2024,Julio,Martes,La Floresta,1500,3000,3000,2000,9500,9465
2024-07-30,2024,Julio,Martes,Los Cedros,1500,3000,3000,3000,10500,10670
2024-07-30,2024,Julio,Martes,Palermo,1500,3000,3000,1000,8500,8521
2024-07-30,2024,Julio,Martes,Santa Ana,1500,3000,3000,5000,12500,12482
2024-07-31,2024,Julio,Miércoles,Córdoba,1500,3000,3500,3000,11000,10876
2024-07-31,2024,Julio,Miércoles,La Floresta,1500,3000,3500,2000,10000,10025
2024-07-31,2024,Julio,Miércoles,Los Cedros,1500,3000,3500,3000,11000,11094
2024-07-31,2024,Julio,Miércoles,Palermo,1500,3000,3500,1000,9000,8901
2024-07-31,2024,Julio,Miércoles,Santa Ana,1500,3000,3500,5000,13000,13238
2024-08-01,2024,Agosto,Jueves,Córdoba,1500,2500,3000,3000,10000,10004
2024-08-01,2024,Agosto,Jueves,La Floresta,1500,2500,3000,2000,9000,8914
2024-08-01,2024,Agosto,Jueves,Los Cedros,1500,2500,3000,3000,10000,9756
2024-08-01,2024,Agosto,Jueves,Palermo,1500,2500,3000,1000,8000,7948
2024-08-01,2024,Agosto,Jueves,Santa Ana,1500,2500,3000,5000,12000,12076
2024-08-02,2024,Agosto,Viernes,Córdoba,1500,2500,2000,3000,9000,9138
2024-08-02,2024,Agosto,Viernes,La Floresta,1500,2500,2000,2000,8000,7987
2024-08-02,2024,Agosto,Viernes,Los Cedros,1500,2500,2000,3000,9000,8873
2024-08-02,2024,Agosto,Viernes,Palermo,1500,2500,2000,1000,7000,7001
2024-08-02,2024,Agosto,Viernes,Santa Ana,1500,2500,2000,5000,11000,11064
2024-08-03,2024,Agosto,Sábado,Córdoba,1500,2500,1000,3000,8000,8101
2024-08-03,2024,Agosto,Sábado,La Floresta,1500,2500,1000,2000,7000,6939
2024-08-03,2024,Agosto,Sábado,Los Cedros,1500,2500,1000,3000,8000,8059
2024-08-03,2024,Agosto,Sábado,Palermo,1500,2500,1000,1000,6000,6097
2024-08-03,2024,Agosto,Sábado,Santa Ana,1500,2500,1000,5000,10000,10176
2024-08-04,2024,Agosto,Domingo,Córdoba,1500,2500,1000,3000,8000,7877
2024-08-04,2024,Agosto,Domingo,La Floresta,1500,2500,1000,2000,7000,7101
2024-08-04,2024,Agosto,Domingo,Los Cedros,1500,2500,1000,3000,8000,8119
2024-08-04,2024,Agosto,Domingo,Palermo,1500,2500,1000,1000,6000,5990
2024-08-04,2024,Agosto,Domingo,Santa Ana,1500,2500,1000,5000,10000,9887
2024-08-05,2024,Agosto,Lunes,Córdoba,1500,2500,2000,3000,9000,9040
2024-08-05,2024,Agosto,Lunes,La Floresta,1500,2500,2000,2000,8000,8019
2024-08-05,2024,Agosto,Lunes,Los Cedros,1500,2500,2000,3000,9000,9032
2024-08-05,2024,Agosto,Lunes,Palermo,1500,2500,2000,1000,7000,7049
2024-08-05,2024,Agosto,Lunes,Santa Ana,1500,2500,2000,5000,11000,10982
2024-08-06,2024,Agosto,Martes,Córdoba,1500,2500,3000,3000,10000,9994
2024-08-06,2024,Agosto,Martes,La Floresta,1500,2500,3000,2000,9000,8985
2024-08-06,2024,Agosto,Martes,Los Cedros,1500,2500,3000,3000,10000,10104
2024-08-06,2024,Agosto,Martes,Palermo,1500,2500,3000,1000,8000,8068
2024-08-06,2024,Agosto,Martes,Santa Ana,1500,2500,3000,5000,12000,11979
2024-08-07,2024,Agosto,Miércoles,Córdoba,1500,2500,3500,3000,10500,10338
2024-08-07,2024,Agosto,Miércoles,La Floresta,1500,2500,3500,2000,9500,9427
2024-08-07,2024,Agosto,Miércoles,Los Cedros,1500,2500,3500,3000,10500,10481
2024-08-07,2024,Agosto,Miércoles,Palermo,1500,2500,3500,1000,8500,8428
2024-08-07,2024,Agosto,Miércoles,Santa Ana,1500,2500,3500,5000,12500,12641
2024-08-08,2024,Agosto,Jueves,Córdoba,1500,2500,3000,3000,10000,10064
2024-08-08,2024,Agosto,Jueves,La Floresta,1500,2500,3000,2000,9000,9066
2024-08-08,2024,Agosto,Jueves,Los Cedros,1500,2500,3000,3000,10000,10127
2024-08-08,2024,Agosto,Jueves,Palermo,1500,2500,3000,1000,8000,7871
2024-08-08,2024,Agosto,Jueves,Santa Ana,1500,2500,3000,5000,12000,11925
2024-08-09,2024,Agosto,Viernes,Córdoba,1500,2500,2000,3000,9000,9039
2024-08-09,2024,Agosto,Viernes,La Floresta,1500,2500,2000,2000,8000,7978
2024-08-09,2024,Agosto,Viernes,Los Cedros,1500,2500,2000,3000,9000,8926
2024-08-09,2024,Agosto,Viernes,Palermo,1500,2500,2000,1000,7000,7082
2024-08-09,2024,Agosto,Viernes,Santa Ana,1500,2500,2000,5000,11000,11003
2024-08-10,2024,Agosto,Sábado,Córdoba,1500,2500,1000,3000,8000,7879
2024-08-10,2024,Agosto,Sábado,La Floresta,1500,2500,1000,2000,7000,7043
2024-08-10,2024,Agosto,Sábado,Los Cedros,1500,2500,1000,3000,8000,8122
2024-08-10,2024,Agosto,Sábado,Palermo,1500,2500,1000,1000,6000,6071
2024-08-10,2024,Agosto,Sábado,Santa Ana,1500,2500,1000,5000,10000,9906
2024-08-11,2024,Agosto,Domingo,Córdoba,1500,2500,1000,3000,8000,8150
2024-08-11,2024,Agosto,Domingo,La Floresta,1500,2500,1000,2000,7000,6923
2024-08-11,2024,Agosto,Domingo,Los Cedros,1500,2500,1000,3000,8000,8033
2024-08-11,2024,Agosto,Domingo,Palermo,1500,2500,1000,1000,6000,5858
2024-08-11,2024,Agosto,Domingo,Santa Ana,1500,2500,1000,5000,10000,10092
2024-08-12,2024,Agosto,Lunes,Córdoba,1500,2500,2000,3000,9000,8954
2024-08-12,2024,Agosto,Lunes,La Floresta,1500,2500,2000,2000,8000,8005
2024-08-12,2024,Agosto,Lunes,Los Cedros,1500,2500,2000,3000,9000,9027
2024-08-12,2024,Agosto,Lunes,Palermo,1500,2500,2000,1000,7000,7075
2024-08-12,2024,Agosto,Lunes,Santa Ana,1500,2500,2000,5000,11000,11052
2024-08-13,2024,Agosto,Martes,Córdoba,1500,2500,3000,3000,10000,9962
2024-08-13,2024,Agosto,Martes,La Floresta,1500,2500,3000,2000,9000,8930
2024-08-13,2024,Agosto,Martes,Los Cedros,1500,2500,3000,3000,10000,10097
2024-08-13,2024,Agosto,Martes,Palermo,1500,2500,3000,1000,8000,7912
2024-08-13,2024,Agosto,Martes,Santa Ana,1500,2500,3000,5000,12000,11862
2024-08-14,2024,Agosto,Miércoles,Córdoba,1500,2500,3500,3000,10500,10527
2024-08-14,2024,Agosto,Miércoles,La Floresta,1500,2500,3500,2000,9500,9552
2024-08-14,2024,Agosto,Miércoles,Los Cedros,1500,2500,3500,3000,10500,10481
2024-08-14,2024,Agosto,Miércoles,Palermo,1500,2500,3500,1000,8500,8543
2024-08-14,2024,Agosto,Miércoles,Santa Ana,1500,2500,3500,5000,12500,12503
2024-08-15,2024,Agosto,Jueves,Córdoba,1500,2500,3000,3000,10000,9988
2024-08-15,2024,Agosto,Jueves,La Floresta,1500,2500,3000,2000,9000,9015
2024-08-15,2024,Agosto,Jueves,Los Cedros,1500,2500,3000,3000,10000,9986
2024-08-15,2024,Agosto,Jueves,Palermo,1500,2500,3000,1000,8000,8130
2024-08-15,2024,Agosto,Jueves,Santa Ana,1500,2500,3000,5000,12000,11906
2024-08-16,2024,Agosto,Viernes,Córdoba,1500,2500,2000,3000,9000,8896
2024-08-16,2024,Agosto,Viernes,La Floresta,1500,2500,2000,2000,8000,8059
2024-08-16,2024,Agosto,Viernes,Los Cedros,1500,2500,2000,3000,9000,8922
2024-08-16,2024,Agosto,Viernes,Palermo,1500,2500,2000,1000,7000,6990
2024-08-16,2024,Agosto,Viernes,Santa Ana,1500,2500,2000,5000,11000,10952
2024-08-17,2024,Agosto,Sábado,Córdoba,1500,2500,1000,3000,8000,8065
2024-08-17,2024,Agosto,Sábado,La Floresta,1500,2500,1000,2000,7000,6903
2024-08-17,2024,Agosto,Sábado,Los Cedros,1500,2500,1000,3000,8000,7950
2024-08-17,2024,Agosto,Sábado,Palermo,1500,2500,1000,1000,6000,6028
2024-08-17,2024,Agosto,Sábado,Santa Ana,1500,2500,1000,5000,10000,10030
2024-08-18,2024,Agosto,Domingo,Córdoba,1500,2500,1000,3000,8000,7744
2024-08-18,2024,Agosto,Domingo,La Floresta,1500,2500,1000,2000,7000,6974
2024-08-18,2024,Agosto,Domingo,Los Cedros,1500,2500,1000,3000,8000,7979
2024-08-18,2024,Agosto,Domingo,Palermo,1500,2500,1000,1000,6000,5983
2024-08-18,2024,Agosto,Domingo,Santa Ana,1500,2500,1000,5000,10000,10036
2024-08-19,2024,Agosto,Lunes,Córdoba,1500,2500,2000,3000,9000,9087
2024-08-19,2024,Agosto,Lunes,La Floresta,1500,2500,2000,2000,8000,8087
2024-08-19,2024,Agosto,Lunes,Los Cedros,1500,2500,2000,3000,9000,9114
2024-08-19,2024,Agosto,Lunes,Palermo,1500,2500,2000,1000,7000,6872
2024-08-19,2024,Agosto,Lunes,Santa Ana,1500,2500,2000,5000,11000,11080
2024-08-20,2024,Agosto,Martes,Córdoba,1500,2500,3000,3000,10000,9987
2024-08-20,2024,Agosto,Martes,La Floresta,1500,2500,3000,2000,9000,8808
2024-08-20,2024,Agosto,Martes,Los Cedros,1500,2500,3000,3000,10000,9844
2024-08-20,2024,Agosto,Martes,Palermo,1500,2500,3000,1000,8000,8028
2024-08-20,2024,Agosto,Martes,Santa Ana,1500,2500,3000,5000,12000,12031
2024-08-21,2024,Agosto,Miércoles,Córdoba,1500,2500,3500,3000,10500,10249
2024-08-21,2024,Agosto,Miércoles,La Floresta,1500,2500,3500,2000,9500,9483
2024-08-21,2024,Agosto,Miércoles,Los Cedros,1500,2500,3500,3000,10500,10597
2024-08-21,2024,Agosto,Miércoles,Palermo,1500,2500,3500,1000,8500,8477
2024-08-21,2024,Agosto,Miércoles,Santa Ana,1500,2500,3500,5000,12500,12596
2024-08-22,2024,Agosto,Jueves,Córdoba,1500,2500,3000,3000,10000,9956
2024-08-22,2024,Agosto,Jueves,La Floresta,1500,2500,3000,2000,9000,8949
2024-08-22,2024,Agosto,Jueves,Los Cedros,1500,2500,3000,3000,10000,10109
2024-08-22,2024,Agosto,Jueves,Palermo,1500,2500,3000,1000,8000,8092
2024-08-22,2024,Agosto,Jueves,Santa Ana,1500,2500,3000,5000,12000,12176
2024-08-23,2024,Agosto,Viernes,Córdoba,1500,2500,2000,3000,9000,8967
2024-08-23,2024,Agosto,Viernes,La Floresta,1500,2500,2000,2000,8000,8004
2024-08-23,2024,Agosto,Viernes,Los Cedros,1500,2500,2000,3000,9000,8971
2024-08-23,2024,Agosto,Viernes,Palermo,1500,2500,2000,1000,7000,6965
2024-08-23,2024,Agosto,Viernes,Santa Ana,1500,2500,2000,5000,11000,10990
2024-08-24,2024,Agosto,Sábado,Córdoba,1500,2500,1000,3000,8000,7968
2024-08-24,2024,Agosto,Sábado,La Floresta,1500,2500,1000,2000,7000,7038
2024-08-24,2024,Agosto,Sábado,Los Cedros,1500,2500,1000,3000,8000,7988
2024-08-24,2024,Agosto,Sábado,Palermo,1500,2500,1000,1000,6000,6061
2024-08-24,2024,Agosto,Sábado,Santa Ana,1500,2500,1000,5000,10000,10033
2024-08-25,2024,Agosto,Domingo,Córdoba,1500,2500,1000,3000,8000,7976
2024-08-25,2024,Agosto,Domingo,La Floresta,1500,2500,1000,2000,7000,7032
2024-08-25,2024,Agosto,Domingo,Los Cedros,1500,2500,1000,3000,8000,8075
2024-08-25,2024,Agosto,Domingo,Palermo,1500,2500,1000,1000,6000,6012
2024-08-25,2024,Agosto,Domingo,Santa Ana,1500,2500,1000,5000,10000,10064
2024-08-26,2024,Agosto,Lunes,Córdoba,1500,2500,2000,3000,9000,8896
2024-08-26,2024,Agosto,Lunes,La Floresta,1500,2500,2000,2000,8000,8125
2024-08-26,2024,Agosto,Lunes,Los Cedros,1500,2500,2000,3000,9000,9007
2024-08-26,2024,Agosto,Lunes,Palermo,1500,2500,2000,1000,7000,6982
2024-08-26,2024,Agosto,Lunes,Santa Ana,1500,2500,2000,5000,11000,10998
2024-08-27,2024,Agosto,Martes,Córdoba,1500,2500,3000,3000,10000,9997
2024-08-27,2024,Agosto,Martes,La Floresta,1500,2500,3000,2000,9000,9000
2024-08-27,2024,Agosto,Martes,Los Cedros,1500,2500,3000,3000,10000,10039
2024-08-27,2024,Agosto,Martes,Palermo,1500,2500,3000,1000,8000,8041
2024-08-27,2024,Agosto,Martes,Santa Ana,1500,2500,3000,5000,12000,11948
2024-08-28,2024,Agosto,Miércoles,Córdoba,1500,2500,3500,3000,10500,10283
2024-08-28,2024,Agosto,Miércoles,La Floresta,1500,2500,3500,2000,9500,9533
2024-08-28,2024,Agosto,Miércoles,Los Cedros,1500,2500,3500,3000,10500,10498
2024-08-28,2024,Agosto,Miércoles,Palermo,1500,2500,3500,1000,8500,8474
2024-08-28,2024,Agosto,Miércoles,Santa Ana,1500,2500,3500,5000,12500,12523
2024-08-29,2024,Agosto,Jueves,Córdoba,1500,2500,3000,3000,10000,9876
2024-08-29,2024,Agosto,Jueves,La Floresta,1500,2500,3000,2000,9000,9027
2024-08-29,2024,Agosto,Jueves,Los Cedros,1500,2500,3000,3000,10000,9914
2024-08-29,2024,Agosto,Jueves,Palermo,1500,2500,3000,1000,8000,8056
2024-08-29,2024,Agosto,Jueves,Santa Ana,1500,2500,3000,5000,12000,12073
2024-08-30,2024,Agosto,Viernes,Córdoba,1500,2500,2000,3000,9000,9007
2024-08-30,2024,Agosto,Viernes,La Floresta,1500,2500,2000,2000,8000,7920
2024-08-30,2024,Agosto,Viernes,Los Cedros,1500,2500,2000,3000,9000,8916
2024-08-30,2024,Agosto,Viernes,Palermo,1500,2500,2000,1000,7000,6861
2024-08-30,2024,Agosto,Viernes,Santa Ana,1500,2500,2000,5000,11000,10914
2024-08-31,2024,Agosto,Sábado,Córdoba,1500,2500,1000,3000,8000,7924
2024-08-31,2024,Agosto,Sábado,La Floresta,1500,2500,1000,2000,7000,7036
2024-08-31,2024,Agosto,Sábado,Los Cedros,1500,2500,1000,3000,8000,8047
2024-08-31,2024,Agosto,Sábado,Palermo,1500,2500,1000,1000,6000,5986
2024-08-31,2024,Agosto,Sábado,Santa Ana,1500,2500,1000,5000,10000,10005
2024-09-01,2024,Septiembre,Domingo,Córdoba,1500,2500,1000,3000,8000,8028
2024-09-01,2024,Septiembre,Domingo,La Floresta,1500,2500,1000,2000,7000,6834
2024-09-01,2024,Septiembre,Domingo,Los Cedros,1500,2500,1000,3000,8000,7974
2024-09-01,2024,Septiembre,Domingo,Palermo,1500,2500,1000,1000,6000,5984
2024-09-01,2024,Septiembre,Domingo,Santa Ana,1500,2500,1000,5000,10000,10052
2024-09-02,2024,Septiembre,Lunes,Córdoba,1500,2500,2000,3000,9000,9028
2024-09-02,2024,Septiembre,Lunes,La Floresta,1500,2500,2000,2000,8000,7824
2024-09-02,2024,Septiembre,Lunes,Los Cedros,1500,2500,2000,3000,9000,8890
2024-09-02,2024,Septiembre,Lunes,Palermo,1500,2500,2000,1000,7000,7151
2024-09-02,2024,Septiembre,Lunes,Santa Ana,1500,2500,2000,5000,11000,11037
2024-09-03,2024,Septiembre,Martes,Córdoba,1500,2500,3000,3000,10000,10075
2024-09-03,2024,Septiembre,Martes,La Floresta,1500,2500,3000,2000,9000,9055
2024-09-03,2024,Septiembre,Martes,Los Cedros,1500,2500,3000,3000,10000,9994
2024-09-03,2024,Septiembre,Martes,Palermo,1500,2500,3000,1000,8000,8066
2024-09-03,2024,Septiembre,Martes,Santa Ana,1500,2500,3000,5000,12000,11956
2024-09-04,2024,Septiembre,Miércoles,Córdoba,1500,2500,3500,3000,10500,10578
2024-09-04,2024,Septiembre,Miércoles,La Floresta,1500,2500,3500,2000,9500,9574
2024-09-04,2024,Septiembre,Miércoles,Los Cedros,1500,2500,3500,3000,10500,10455
2024-09-04,2024,Septiembre,Miércoles,Palermo,1500,2500,3500,1000,8500,8439
2024-09-04,2024,Septiembre,Miércoles,Santa Ana,1500,2500,3500,5000,12500,12554
2024-09-05,2024,Septiembre,Jueves,Córdoba,1500,2500,3000,3000,10000,10021
2024-09-05,2024,Septiembre,Jueves,La Floresta,1500,2500,3000,2000,9000,8954
2024-09-05,2024,Septiembre,Jueves,Los Cedros,1500,2500,3000,3000,10000,9928
2024-09-05,2024,Septiembre,Jueves,Palermo,1500,2500,3000,1000,8000,7929
2024-09-05,2024,Septiembre,Jueves,Santa Ana,1500,2500,3000,5000,12000,11975
2024-09-06,2024,Septiembre,Viernes,Córdoba,1500,2500,2000,3000,9000,9013
2024-09-06,2024,Septiembre,Viernes,La Floresta,1500,2500,2000,2000,8000,8140
2024-09-06,2024,Septiembre,Viernes,Los Cedros,1500,2500,2000,3000,9000,8820
2024-09-06,2024,Septiembre,Viernes,Palermo,1500,2500,2000,1000,7000,7052
2024-09-06,2024,Septiembre,Viernes,Santa Ana,1500,2500,2000,5000,11000,11044
2024-09-07,2024,Septiembre,Sábado,Córdoba,1500,2500,1000,3000,8000,7878
2024-09-07,2024,Septiembre,Sábado,La Floresta,1500,2500,1000,2000,7000,7056
2024-09-07,2024,Septiembre,Sábado,Los Cedros,1500,2500,1000,3000,8000,8057
2024-09-07,2024,Septiembre,Sábado,Palermo,1500,2500,1000,1000,6000,6021
2024-09-07,2024,Septiembre,Sábado,Santa Ana,1500,2500,1000,5000,10000,9966
2024-09-08,2024,Septiembre,Domingo,Córdoba,1500,2500,1000,3000,8000,8019
2024-09-08,2024,Septiembre,Domingo,La Floresta,1500,2500,1000,2000,7000,6947
2024-09-08,2024,Septiembre,Domingo,Los Cedros,1500,2500,1000,3000,8000,7965
2024-09-08,2024,Septiembre,Domingo,Palermo,1500,2500,1000,1000,6000,5968
2024-09-08,2024,Septiembre,Domingo,Santa Ana,1500,2500,1000,5000,10000,10065
2024-09-09,2024,Septiembre,Lunes,Córdoba,1500,2500,2000,3000,9000,9016
2024-09-09,2024,Septiembre,Lunes,La Floresta,1500,2500,2000,2000,8000,8009
2024-09-09,2024,Septiembre,Lunes,Los Cedros,1500,2500,2000,3000,9000,9026
2024-09-09,2024,Septiembre,Lunes,Palermo,1500,2500,2000,1000,7000,7071
2024-09-09,2024,Septiembre,Lunes,Santa Ana,1500,2500,2000,5000,11000,10837
2024-09-10,2024,Septiembre,Martes,Córdoba,1500,2500,3000,3000,10000,10028
2024-09-10,2024,Septiembre,Martes,La Floresta,1500,2500,3000,2000,9000,9085
2024-09-10,2024,Septiembre,Martes,Los Cedros,1500,2500,3000,3000,10000,9932
2024-09-10,2024,Septiembre,Martes,Palermo,1500,2500,3000,1000,8000,7952
2024-09-10,2024,Septiembre,Martes,Santa Ana,1500,2500,3000,5000,12000,12114
2024-09-11,2024,Septiembre,Miércoles,Córdoba,1500,2500,3500,3000,10500,10629
2024-09-11,2024,Septiembre,Miércoles,La Floresta,1500,2500,3500,2000,9500,9654
2024-09-11,2024,Septiembre,Miércoles,Los Cedros,1500,2500,3500,3000,10500,10596
2024-09-11,2024,Septiembre,Miércoles,Palermo,1500,2500,3500,1000,8500,8565
2024-09-11,2024,Septiembre,Miércoles,Santa Ana,1500,2500,3500,5000,12500,12354
2024-09-12,2024,Septiembre,Jueves,Córdoba,1500,2500,3000,3000,10000,9966
2024-09-12,2024,Septiembre,Jueves,La Floresta,1500,2500,3000,2000,9000,9027
2024-09-12,2024,Septiembre,Jueves,Los Cedros,1500,2500,3000,3000,10000,10143
2024-09-12,2024,Septiembre,Jueves,Palermo,1500,2500,3000,1000,8000,8089
2024-09-12,2024,Septiembre,Jueves,Santa Ana,1500,2500,3000,5000,12000,12081
2024-09-13,2024,Septiembre,Viernes,Córdoba,1500,2500,2000,3000,9000,8914
2024-09-13,2024,Septiembre,Viernes,La Floresta,1500,2500,2000,2000,8000,7865
2024-09-13,2024,Septiembre,Viernes,Los Cedros,1500,2500,2000,3000,9000,9027
2024-09-13,2024,Septiembre,Viernes,Palermo,1500,2500,2000,1000,7000,7027
2024-09-13,2024,Septiembre,Viernes,Santa Ana,1500,2500,2000,5000,11000,10950
2024-09-14,2024,Septiembre,Sábado,Córdoba,1500,2500,1000,3000,8000,7851
2024-09-14,2024,Septiembre,Sábado,La Floresta,1500,2500,1000,2000,7000,6875
2024-09-14,2024,Septiembre,Sábado,Los Cedros,1500,2500,1000,3000,8000,8126
2024-09-14,2024,Septiembre,Sábado,Palermo,1500,2500,1000,1000,6000,6036
2024-09-14,2024,Septiembre,Sábado,Santa Ana,1500,2500,1000,5000,10000,9890
2024-09-15,2024,Septiembre,Domingo,Córdoba,1500,2500,1000,3000,8000,8109
2024-09-15,2024,Septiembre,Domingo,La Floresta,1500,2500,1000,2000,7000,7002
2024-09-15,2024,Septiembre,Domingo,Los Cedros,1500,2500,1000,3000,8000,7966
2024-09-15,2024,Septiembre,Domingo,Palermo,1500,2500,1000,1000,6000,5897
2024-09-15,2024,Septiembre,Domingo,Santa Ana,1500,2500,1000,5000,10000,9966
2024-09-16,2024,Septiembre,Lunes,Córdoba,1500,2500,2000,3000,9000,9062
2024-09-16,2024,Septiembre,Lunes,La Floresta,1500,2500,2000,2000,8000,7903
2024-09-16,2024,Septiembre,Lunes,Los Cedros,1500,2500,2000,3000,9000,8935
2024-09-16,2024,Septiembre,Lunes,Palermo,1500,2500,2000,1000,7000,6970
2024-09-16,2024,Septiembre,Lunes,Santa Ana,1500,2500,2000,5000,11000,11025
2024-09-17,2024,Septiembre,Martes,Córdoba,1500,2500,3000,3000,10000,9861
2024-09-17,2024,Septiembre,Martes,La Floresta,1500,2500,3000,2000,9000,9046
2024-09-17,2024,Septiembre,Martes,Los Cedros,1500,2500,3000,3000,10000,9942
2024-09-17,2024,Septiembre,Martes,Palermo,1500,2500,3000,1000,8000,8084
2024-09-17,2024,Septiembre,Martes,Santa Ana,1500,2500,3000,5000,12000,11977
2024-09-18,2024,Septiembre,Miércoles,Córdoba,1500,2500,3500,3000,10500,10394
2024-09-18,2024,Septiembre,Miércoles,La Floresta,1500,2500,3500,2000,9500,9590
2024-09-18,2024,Septiembre,Miércoles,Los Cedros,1500,2500,3500,3000,10500,10539
2024-09-18,2024,Septiembre,Miércoles,Palermo,1500,2500,3500,1000,8500,8569
2024-09-18,2024,Septiembre,Miércoles,Santa Ana,1500,2500,3500,5000,12500,12610
2024-09-19,2024,Septiembre,Jueves,Córdoba,1500,2500,3000,3000,10000,9919
2024-09-19,2024,Septiembre,Jueves,La Floresta,1500,2500,3000,2000,9000,9106
2024-09-19,2024,Septiembre,Jueves,Los Cedros,1500,2500,3000,3000,10000,10051
2024-09-19,2024,Septiembre,Jueves,Palermo,1500,2500,3000,1000,8000,7995
2024-09-19,2024,Septiembre,Jueves,Santa Ana,1500,2500,3000,5000,12000,11994
2024-09-20,2024,Septiembre,Viernes,Córdoba,1500,2500,2000,3000,9000,8955
2024-09-20,2024,Septiembre,Viernes,La Floresta,1500,2500,2000,2000,8000,8018
2024-09-20,2024,Septiembre,Viernes,Los Cedros,1500,2500,2000,3000,9000,8935
2024-09-20,2024,Septiembre,Viernes,Palermo,1500,2500,2000,1000,7000,7034
2024-09-20,2024,Septiembre,Viernes,Santa Ana,1500,2500,2000,5000,11000,10951
2024-09-21,2024,Septiembre,Sábado,Córdoba,1500,2500,1000,3000,8000,7974
2024-09-21,2024,Septiembre,Sábado,La Floresta,1500,2500,1000,2000,7000,7082
2024-09-21,2024,Septiembre,Sábado,Los Cedros,1500,2500,1000,3000,8000,7970
2024-09-21,2024,Septiembre,Sábado,Palermo,1500,2500,1000,1000,6000,5935
2024-09-21,2024,Septiembre,Sábado,Santa Ana,1500,2500,1000,5000,10000,10052
2024-09-22,2024,Septiembre,Domingo,Córdoba,1500,2500,1000,3000,8000,7950
2024-09-22,2024,Septiembre,Domingo,La Floresta,1500,2500,1000,2000,7000,7099
2024-09-22,2024,Septiembre,Domingo,Los Cedros,1500,2500,1000,3000,8000,7987
2024-09-22,2024,Septiembre,Domingo,Palermo,1500,2500,1000,1000,6000,5900
2024-09-22,2024,Septiembre,Domingo,Santa Ana,1500,2500,1000,5000,10000,9946
2024-09-23,2024,Septiembre,Lunes,Córdoba,1500,2500,2000,3000,9000,9113
2024-09-23,2024,Septiembre,Lunes,La Floresta,1500,2500,2000,2000,8000,8056
2024-09-23,2024,Septiembre,Lunes,Los Cedros,1500,2500,2000,3000,9000,8979
2024-09-23,2024,Septiembre,Lunes,Palermo,1500,2500,2000,1000,7000,7068
2024-09-23,2024,Septiembre,Lunes,Santa Ana,1500,2500,2000,5000,11000,10868
2024-09-24,2024,Septiembre,Martes,Córdoba,1500,2500,3000,3000,10000,9902
2024-09-24,2024,Septiembre,Martes,La Floresta,1500,2500,3000,2000,9000,9065
2024-09-24,2024,Septiembre,Martes,Los Cedros,1500,2500,3000,3000,10000,10016
2024-09-24,2024,Septiembre,Martes,Palermo,1500,2500,3000,1000,8000,8088
2024-09-24,2024,Septiembre,Martes,Santa Ana,1500,2500,3000,5000,12000,11949
2024-09-25,2024,Septiembre,Miércoles,Córdoba,1500,2500,3500,3000,10500,10510
2024-09-25,2024,Septiembre,Miércoles,La Floresta,1500,2500,3500,2000,9500,9519
2024-09-25,2024,Septiembre,Miércoles,Los Cedros,1500,2500,3500,3000,10500,10693
2024-09-25,2024,Septiembre,Miércoles,Palermo,1500,2500,3500,1000,8500,8560
2024-09-25,2024,Septiembre,Miércoles,Santa Ana,1500,2500,3500,5000,12500,12527
2024-09-26,2024,Septiembre,Jueves,Córdoba,1500,2500,3000,3000,10000,9927
2024-09-26,2024,Septiembre,Jueves,La Floresta,1500,2500,3000,2000,9000,9067
2024-09-26,2024,Septiembre,Jueves,Los Cedros,1500,2500,3000,3000,10000,9959
2024-09-26,2024,Septiembre,Jueves,Palermo,1500,2500,3000,1000,8000,8157
2024-09-26,2024,Septiembre,Jueves,Santa Ana,1500,2500,3000,5000,12000,12001
2024-09-27,2024,Septiembre,Viernes,Córdoba,1500,2500,2000,3000,9000,9007
2024-09-27,2024,Septiembre,Viernes,La Floresta,1500,2500,2000,2000,8000,7830
2024-09-27,2024,Septiembre,Viernes,Los Cedros,1500,2500,2000,3000,9000,8931
2024-09-27,2024,Septiembre,Viernes,Palermo,1500,2500,2000,1000,7000,6907
2024-09-27,2024,Septiembre,Viernes,Santa Ana,1500,2500,2000,5000,11000,11059
2024-09-28,2024,Septiembre,Sábado,Córdoba,1500,2500,1000,3000,8000,8027
2024-09-28,2024,Septiembre,Sábado,La Floresta,1500,2500,1000,2000,7000,6892
2024-09-28,2024,Septiembre,Sábado,Los Cedros,1500,2500,1000,3000,8000,8054
2024-09-28,2024,Septiembre,Sábado,Palermo,1500,2500,1000,1000,6000,5972
2024-09-28,2024,Septiembre,Sábado,Santa Ana,1500,2500,1000,5000,10000,10015
2024-09-29,2024,Septiembre,Domingo,Córdoba,1500,2500,1000,3000,8000,8091
2024-09-29,2024,Septiembre,Domingo,La Floresta,1500,2500,1000,2000,7000,6911
2024-09-29,2024,Septiembre,Domingo,Los Cedros,1500,2500,1000,3000,8000,8003
2024-09-29,2024,Septiembre,Domingo,Palermo,1500,2500,1000,1000,6000,6036
2024-09-29,2024,Septiembre,Domingo,Santa Ana,1500,2500,1000,5000,10000,10012
2024-09-30,2024,Septiembre,Lunes,Córdoba,1500,2500,2000,3000,9000,9044
2024-09-30,2024,Septiembre,Lunes,La Floresta,1500,2500,2000,2000,8000,7940
2024-09-30,2024,Septiembre,Lunes,Los Cedros,1500,2500,2000,3000,9000,8915
2024-09-30,2024,Septiembre,Lunes,Palermo,1500,2500,2000,1000,7000,7006
2024-09-30,2024,Septiembre,Lunes,Santa Ana,1500,2500,2000,5000,11000,11059
2024-10-01,2024,Octubre,Martes,Córdoba,1500,2000,3000,3000,9500,9495
2024-10-01,2024,Octubre,Martes,La Floresta,1500,2000,3000,2000,8500,8411
2024-10-01,2024,Octubre,Martes,Los Cedros,1500,2000,3000,3000,9500,9529
2024-10-01,2024,Octubre,Martes,Palermo,1500,2000,3000,1000,7500,7466
2024-10-01,2024,Octubre,Martes,Santa Ana,1500,2000,3000,5000,11500,11438
2024-10-02,2024,Octubre,Miércoles,Córdoba,1500,2000,3500,3000,10000,10090
2024-10-02,2024,Octubre,Miércoles,La Floresta,1500,2000,3500,2000,9000,9057
2024-10-02,2024,Octubre,Miércoles,Los Cedros,1500,2000,3500,3000,10000,9990
2024-10-02,2024,Octubre,Miércoles,Palermo,1500,2000,3500,1000,8000,8121
2024-10-02,2024,Octubre,Miércoles,Santa Ana,1500,2000,3500,5000,12000,12021
2024-10-03,2024,Octubre,Jueves,Córdoba,1500,2000,3000,3000,9500,9561
2024-10-03,2024,Octubre,Jueves,La Floresta,1500,2000,3000,2000,8500,8610
2024-10-03,2024,Octubre,Jueves,Los Cedros,1500,2000,3000,3000,9500,9510
2024-10-03,2024,Octubre,Jueves,Palermo,1500,2000,3000,1000,7500,7487
2024-10-03,2024,Octubre,Jueves,Santa Ana,1500,2000,3000,5000,11500,11510
2024-10-04,2024,Octubre,Viernes,Córdoba,1500,2000,2000,3000,8500,8651
2024-10-04,2024,Octubre,Viernes,La Floresta,1500,2000,2000,2000,7500,7511
2024-10-04,2024,Octubre,Viernes,Los Cedros,1500,2000,2000,3000,8500,8516
2024-10-04,2024,Octubre,Viernes,Palermo,1500,2000,2000,1000,6500,6457
2024-10-04,2024,Octubre,Viernes,Santa Ana,1500,2000,2000,5000,10500,10642
2024-10-05,2024,Octubre,Sábado,Córdoba,1500,2000,1000,3000,7500,7556
2024-10-05,2024,Octubre,Sábado,La Floresta,1500,2000,1000,2000,6500,6550
2024-10-05,2024,Octubre,Sábado,Los Cedros,1500,2000,1000,3000,7500,7473
2024-10-05,2024,Octubre,Sábado,Palermo,1500,2000,1000,1000,5500,5524
2024-10-05,2024,Octubre,Sábado,Santa Ana,1500,2000,1000,5000,9500,9620
2024-10-06,2024,Octubre,Domingo,Córdoba,1500,2000,1000,3000,7500,7467
2024-10-06,2024,Octubre,Domingo,La Floresta,1500,2000,1000,2000,6500,6653
2024-10-06,2024,Octubre,Domingo,Los Cedros,1500,2000,1000,3000,7500,7581
2024-10-06,2024,Octubre,Domingo,Palermo,1500,2000,1000,1000,5500,5516
2024-10-06,2024,Octubre,Domingo,Santa Ana,1500,2000,1000,5000,9500,9389
2024-10-07,2024,Octubre,Lunes,Córdoba,1500,2000,2000,3000,8500,8625
2024-10-07,2024,Octubre,Lunes,La Floresta,1500,2000,2000,2000,7500,7548
2024-10-07,2024,Octubre,Lunes,Los Cedros,1500,2000,2000,3000,8500,8646
2024-10-07,2024,Octubre,Lunes,Palermo,1500,2000,2000,1000,6500,6490
2024-10-07,2024,Octubre,Lunes,Santa Ana,1500,2000,2000,5000,10500,10610
2024-10-08,2024,Octubre,Martes,Córdoba,1500,2000,3000,3000,9500,9473
2024-10-08,2024,Octubre,Martes,La Floresta,1500,2000,3000,2000,8500,8332
2024-10-08,2024,Octubre,Martes,Los Cedros,1500,2000,3000,3000,9500,9371
2024-10-08,2024,Octubre,Martes,Palermo,1500,2000,3000,1000,7500,7472
2024-10-08,2024,Octubre,Martes,Santa Ana,1500,2000,3000,5000,11500,11509
2024-10-09,2024,Octubre,Miércoles,Córdoba,1500,2000,3500,3000,10000,10069
2024-10-09,2024,Octubre,Miércoles,La Floresta,1500,2000,3500,2000,9000,8989
2024-10-09,2024,Octubre,Miércoles,Los Cedros,1500,2000,3500,3000,10000,9766
2024-10-09,2024,Octubre,Miércoles,Palermo,1500,2000,3500,1000,8000,7973
2024-10-09,2024,Octubre,Miércoles,Santa Ana,1500,2000,3500,5000,12000,11939
2024-10-10,2024,Octubre,Jueves,Córdoba,1500,2000,3000,3000,9500,9540
2024-10-10,2024,Octubre,Jueves,La Floresta,1500,2000,3000,2000,8500,8417
2024-10-10,2024,Octubre,Jueves,Los Cedros,1500,2000,3000,3000,9500,9461
2024-10-10,2024,Octubre,Jueves,Palermo,1500,2000,3000,1000,7500,7472
2024-10-10,2024,Octubre,Jueves,Santa Ana,1500,2000,3000,5000,11500,11428
2024-10-11,2024,Octubre,Viernes,Córdoba,1500,2000,2000,3000,8500,8457
2024-10-11,2024,Octubre,Viernes,La Floresta,1500,2000,2000,2000,7500,7511
2024-10-11,2024,Octubre,Viernes,Los Cedros,1500,2000,2000,3000,8500,8624
2024-10-11,2024,Octubre,Viernes,Palermo,1500,2000,2000,1000,6500,6456
2024-10-11,2024,Octubre,Viernes,Santa Ana,1500,2000,2000,5000,10500,10369
2024-10-12,2024,Octubre,Sábado,Córdoba,1500,2000,1000,3000,7500,7554
2024-10-12,2024,Octubre,Sábado,La Floresta,1500,2000,1000,2000,6500,6279
2024-10-12,2024,Octubre,Sábado,Los Cedros,1500,2000,1000,3000,7500,7704
2024-10-12,2024,Octubre,Sábado,Palermo,1500,2000,1000,1000,5500,5498
2024-10-12,2024,Octubre,Sábado,Santa Ana,1500,2000,1000,5000,9500,9431
2024-10-13,2024,Octubre,Domingo,Córdoba,1500,2000,1000,3000,7500,7406
2024-10-13,2024,Octubre,Domingo,La Floresta,1500,2000,1000,2000,6500,6495
2024-10-13,2024,Octubre,Domingo,Los Cedros,1500,2000,1000,3000,7500,7629
2024-10-13,2024,Octubre,Domingo,Palermo,1500,2000,1000,1000,5500,5425
2024-10-13,2024,Octubre,Domingo,Santa Ana,1500,2000,1000,5000,9500,9435
2024-10-14,2024,Octubre,Lunes,Córdoba,1500,2000,2000,3000,8500,8340
2024-10-14,2024,Octubre,Lunes,La Floresta,1500,2000,2000,2000,7500,7448
2024-10-14,2024,Octubre,Lunes,Los Cedros,1500,2000,2000,3000,8500,8509
2024-10-14,2024,Octubre,Lunes,Palermo,1500,2000,2000,1000,6500,6511
2024-10-14,2024,Octubre,Lunes,Santa Ana,1500,2000,2000,5000,10500,10669
2024-10-15,2024,Octubre,Martes,Córdoba,1500,2000,3000,3000,9500,9513
2024-10-15,2024,Octubre,Martes,La Floresta,1500,2000,3000,2000,8500,8462
2024-10-15,2024,Octubre,Martes,Los Cedros,1500,2000,3000,3000,9500,9709
2024-10-15,2024,Octubre,Martes,Palermo,1500,2000,3000,1000,7500,7382
2024-10-15,2024,Octubre,Martes,Santa Ana,1500,2000,3000,5000,11500,11477
2024-10-16,2024,Octubre,Miércoles,Córdoba,1500,2000,3500,3000,10000,9968
2024-10-16,2024,Octubre,Miércoles,La Floresta,1500,2000,3500,2000,9000,8931
2024-10-16,2024,Octubre,Miércoles,Los Cedros,1500,2000,3500,3000,10000,9911
2024-10-16,2024,Octubre,Miércoles,Palermo,1500,2000,3500,1000,8000,8108
2024-10-16,2024,Octubre,Miércoles,Santa Ana,1500,2000,3500,5000,12000,11686
2024-10-17,2024,Octubre,Jueves,Córdoba,1500,2000,3000,3000,9500,9579
2024-10-17,2024,Octubre,Jueves,La Floresta,1500,2000,3000,2000,8500,8452
2024-10-17,2024,Octubre,Jueves,Los Cedros,1500,2000,3000,3000,9500,9511
2024-10-17,2024,Octubre,Jueves,Palermo,1500,2000,3000,1000,7500,7522
2024-10-17,2024,Octubre,Jueves,Santa Ana,1500,2000,3000,5000,11500,11511
2024-10-18,2024,Octubre,Viernes,Córdoba,1500,2000,2000,3000,8500,8365
2024-10-18,2024,Octubre,Viernes,La Floresta,1500,2000,2000,2000,7500,7540
2024-10-18,2024,Octubre,Viernes,Los Cedros,1500,2000,2000,3000,8500,8415
2024-10-18,2024,Octubre,Viernes,Palermo,1500,2000,2000,1000,6500,6491
2024-10-18,2024,Octubre,Viernes,Santa Ana,1500,2000,2000,5000,10500,10340
2024-10-19,2024,Octubre,Sábado,Córdoba,1500,2000,1000,3000,7500,7556
2024-10-19,2024,Octubre,Sábado,La Floresta,1500,2000,1000,2000,6500,6561
2024-10-19,2024,Octubre,Sábado,Los Cedros,1500,2000,1000,3000,7500,7524
2024-10-19,2024,Octubre,Sábado,Palermo,1500,2000,1000,1000,5500,5581
2024-10-19,2024,Octubre,Sábado,Santa Ana,1500,2000,1000,5000,9500,9437
2024-10-20,2024,Octubre,Domingo,Córdoba,1500,2000,1000,3000,7500,7300
2024-10-20,2024,Octubre,Domingo,La Floresta,1500,2000,1000,2000,6500,6431
2024-10-20,2024,Octubre,Domingo,Los Cedros,1500,2000,1000,3000,7500,7618
2024-10-20,2024,Octubre,Domingo,Palermo,1500,2000,1000,1000,5500,5547
2024-10-20,2024,Octubre,Domingo,Santa Ana,1500,2000,1000,5000,9500,9343
2024-10-21,2024,Octubre,Lunes,Córdoba,1500,2000,2000,3000,8500,8725
2024-10-21,2024,Octubre,Lunes,La Floresta,1500,2000,2000,2000,7500,7493
2024-10-21,2024,Octubre,Lunes,Los Cedros,1500,2000,2000,3000,8500,8427
2024-10-21,2024,Octubre,Lunes,Palermo,1500,2000,2000,1000,6500,6481
2024-10-21,2024,Octubre,Lunes,Santa Ana,1500,2000,2000,5000,10500,10542
2024-10-22,2024,Octubre,Martes,Córdoba,1500,2000,3000,3000,9500,9412
2024-10-22,2024,Octubre,Martes,La Floresta,1500,2000,3000,2000,8500,8370
2024-10-22,2024,Octubre,Martes,Los Cedros,1500,2000,3000,3000,9500,9495
2024-10-22,2024,Octubre,Martes,Palermo,1500,2000,3000,1000,7500,7703
2024-10-22,2024,Octubre,Martes,Santa Ana,1500,2000,3000,5000,11500,11574
2024-10-23,2024,Octubre,Miércoles,Córdoba,1500,2000,3500,3000,10000,9994
2024-10-23,2024,Octubre,Miércoles,La Floresta,1500,2000,3500,2000,9000,8901
2024-10-23,2024,Octubre,Miércoles,Los Cedros,1500,2000,3500,3000,10000,9958
2024-10-23,2024,Octubre,Miércoles,Palermo,1500,2000,3500,1000,8000,7971
2024-10-23,2024,Octubre,Miércoles,Santa Ana,1500,2000,3500,5000,12000,12096
2024-10-24,2024,Octubre,Jueves,Córdoba,1500,2000,3000,3000,9500,9431
2024-10-24,2024,Octubre,Jueves,La Floresta,1500,2000,3000,2000,8500,8501
2024-10-24,2024,Octubre,Jueves,Los Cedros,1500,2000,3000,3000,9500,9514
2024-10-24,2024,Octubre,Jueves,Palermo,1500,2000,3000,1000,7500,7447
2024-10-24,2024,Octubre,Jueves,Santa Ana,1500,2000,3000,5000,11500,11477
2024-10-25,2024,Octubre,Viernes,Córdoba,1500,2000,2000,3000,8500,8543
2024-10-25,2024,Octubre,Viernes,La Floresta,1500,2000,2000,2000,7500,7570
2024-10-25,2024,Octubre,Viernes,Los Cedros,1500,2000,2000,3000,8500,8639
2024-10-25,2024,Octubre,Viernes,Palermo,1500,2000,2000,1000,6500,6460
2024-10-25,2024,Octubre,Viernes,Santa Ana,1500,2000,2000,5000,10500,10385
2024-10-26,2024,Octubre,Sábado,Córdoba,1500,2000,1000,3000,7500,7525
2024-10-26,2024,Octubre,Sábado,La Floresta,1500,2000,1000,2000,6500,6419
2024-10-26,2024,Octubre,Sábado,Los Cedros,1500,2000,1000,3000,7500,7508
2024-10-26,2024,Octubre,Sábado,Palermo,1500,2000,1000,1000,5500,5526
2024-10-26,2024,Octubre,Sábado,Santa Ana,1500,2000,1000,5000,9500,9500
2024-10-27,2024,Octubre,Domingo,Córdoba,1500,2000,1000,3000,7500,7322
2024-10-27,2024,Octubre,Domingo,La Floresta,1500,2000,1000,2000,6500,6552
2024-10-27,2024,Octubre,Domingo,Los Cedros,1500,2000,1000,3000,7500,7612
2024-10-27,2024,Octubre,Domingo,Palermo,1500,2000,1000,1000,5500,5471
2024-10-27,2024,Octubre,Domingo,Santa Ana,1500,2000,1000,5000,9500,9300
2024-10-28,2024,Octubre,Lunes,Córdoba,1500,2000,2000,3000,8500,8368
2024-10-28,2024,Octubre,Lunes,La Floresta,1500,2000,2000,2000,7500,7414
2024-10-28,2024,Octubre,Lunes,Los Cedros,1500,2000,2000,3000,8500,8580
2024-10-28,2024,Octubre,Lunes,Palermo,1500,2000,2000,1000,6500,6473
2024-10-28,2024,Octubre,Lunes,Santa Ana,1500,2000,2000,5000,10500,10489
2024-10-29,2024,Octubre,Martes,Córdoba,1500,2000,3000,3000,9500,9712
2024-10-29,2024,Octubre,Martes,La Floresta,1500,2000,3000,2000,8500,8455
2024-10-29,2024,Octubre,Martes,Los Cedros,1500,2000,3000,3000,9500,9502
2024-10-29,2024,Octubre,Martes,Palermo,1500,2000,3000,1000,7500,7387
2024-10-29,2024,Octubre,Martes,Santa Ana,1500,2000,3000,5000,11500,11467
2024-10-30,2024,Octubre,Miércoles,Córdoba,1500,2000,3500,3000,10000,10139
2024-10-30,2024,Octubre,Miércoles,La Floresta,1500,2000,3500,2000,9000,9014
2024-10-30,2024,Octubre,Miércoles,Los Cedros,1500,2000,3500,3000,10000,10009
2024-10-30,2024,Octubre,Miércoles,Palermo,1500,2000,3500,1000,8000,7873
2024-10-30,2024,Octubre,Miércoles,Santa Ana,1500,2000,3500,5000,12000,12047
2024-10-31,2024,Octubre,Jueves,Córdoba,1500,2000,3000,3000,9500,9661
2024-10-31,2024,Octubre,Jueves,La Floresta,1500,2000,3000,2000,8500,8549
2024-10-31,2024,Octubre,Jueves,Los Cedros,1500,2000,3000,3000,9500,9442
2024-10-31,2024,Octubre,Jueves,Palermo,1500,2000,3000,1000,7500,7604
2024-10-31,2024,Octubre,Jueves,Santa Ana,1500,2000,3000,5000,11500,11436
2024-11-01,2024,Noviembre,Viernes,Córdoba,1500,1500,2000,3000,8000,7841
2024-11-01,2024,Noviembre,Viernes,La Floresta,1500,1500,2000,2000,7000,6949
2024-11-01,2024,Noviembre,Viernes,Los Cedros,1500,1500,2000,3000,8000,8141
2024-11-01,2024,Noviembre,Viernes,Palermo,1500,1500,2000,1000,6000,6034
2024-11-01,2024,Noviembre,Viernes,Santa Ana,1500,1500,2000,5000,10000,9864
2024-11-02,2024,Noviembre,Sábado,Córdoba,1500,1500,1000,3000,7000,7028
2024-11-02,2024,Noviembre,Sábado,La Floresta,1500,1500,1000,2000,6000,5943
2024-11-02,2024,Noviembre,Sábado,Los Cedros,1500,1500,1000,3000,7000,6906
2024-11-02,2024,Noviembre,Sábado,Palermo,1500,1500,1000,1000,5000,5011
2024-11-02,2024,Noviembre,Sábado,Santa Ana,1500,1500,1000,5000,9000,9146
2024-11-03,2024,Noviembre,Domingo,Córdoba,1500,1500,1000,3000,7000,6977
2024-11-03,2024,Noviembre,Domingo,La Floresta,1500,1500,1000,2000,6000,6081
2024-11-03,2024,Noviembre,Domingo,Los Cedros,1500,1500,1000,3000,7000,7028
2024-11-03,2024,Noviembre,Domingo,Palermo,1500,1500,1000,1000,5000,4958
2024-11-03,2024,Noviembre,Domingo,Santa Ana,1500,1500,1000,5000,9000,8965
2024-11-04,2024,Noviembre,Lunes,Córdoba,1500,1500,2000,3000,8000,8044
2024-11-04,2024,Noviembre,Lunes,La Floresta,1500,1500,2000,2000,7000,7072
2024-11-04,2024,Noviembre,Lunes,Los Cedros,1500,1500,2000,3000,8000,7953
2024-11-04,2024,Noviembre,Lunes,Palermo,1500,1500,2000,1000,6000,6064
2024-11-04,2024,Noviembre,Lunes,Santa Ana,1500,1500,2000,5000,10000,10003
2024-11-05,2024,Noviembre,Martes,Córdoba,1500,1500,3000,3000,9000,8861
2024-11-05,2024,Noviembre,Martes,La Floresta,1500,1500,3000,2000,8000,7945
2024-11-05,2024,Noviembre,Martes,Los Cedros,1500,1500,3000,3000,9000,9064
2024-11-05,2024,Noviembre,Martes,Palermo,1500,1500,3000,1000,7000,6956
2024-11-05,2024,Noviembre,Martes,Santa Ana,1500,1500,3000,5000,11000,10971
2024-11-06,2024,Noviembre,Miércoles,Córdoba,1500,1500,3500,3000,9500,9499
2024-11-06,2024,Noviembre,Miércoles,La Floresta,1500,1500,3500,2000,8500,8502
2024-11-06,2024,Noviembre,Miércoles,Los Cedros,1500,1500,3500,3000,9500,9637
2024-11-06,2024,Noviembre,Miércoles,Palermo,1500,1500,3500,1000,7500,7380
2024-11-06,2024,Noviembre,Miércoles,Santa Ana,1500,1500,3500,5000,11500,11475
2024-11-07,2024,Noviembre,Jueves,Córdoba,1500,1500,3000,3000,9000,8949
2024-11-07,2024,Noviembre,Jueves,La Floresta,1500,1500,3000,2000,8000,7955
2024-11-07,2024,Noviembre,Jueves,Los Cedros,1500,1500,3000,3000,9000,9054
2024-11-07,2024,Noviembre,Jueves,Palermo,1500,1500,3000,1000,7000,6836
2024-11-07,2024,Noviembre,Jueves,Santa Ana,1500,1500,3000,5000,11000,11021
2024-11-08,2024,Noviembre,Viernes,Córdoba,1500,1500,2000,3000,8000,7891
2024-11-08,2024,Noviembre,Viernes,La Floresta,1500,1500,2000,2000,7000,7007
2024-11-08,2024,Noviembre,Viernes,Los Cedros,1500,1500,2000,3000,8000,7920
2024-11-08,2024,Noviembre,Viernes,Palermo,1500,1500,2000,1000,6000,6071
2024-11-08,2024,Noviembre,Viernes,Santa Ana,1500,1500,2000,5000,10000,10103
2024-11-09,2024,Noviembre,Sábado,Córdoba,1500,1500,1000,3000,7000,7032
2024-11-09,2024,Noviembre,Sábado,La Floresta,1500,1500,1000,2000,6000,6035
2024-11-09,2024,Noviembre,Sábado,Los Cedros,1500,1500,1000,3000,7000,6899
2024-11-09,2024,Noviembre,Sábado,Palermo,1500,1500,1000,1000,5000,5059
2024-11-09,2024,Noviembre,Sábado,Santa Ana,1500,1500,1000,5000,9000,8979
2024-11-10,2024,Noviembre,Domingo,Córdoba,1500,1500,1000,3000,7000,6999
2024-11-10,2024,Noviembre,Domingo,La Floresta,1500,1500,1000,2000,6000,5993
2024-11-10,2024,Noviembre,Domingo,Los Cedros,1500,1500,1000,3000,7000,7136
2024-11-10,2024,Noviembre,Domingo,Palermo,1500,1500,1000,1000,5000,4990
2024-11-10,2024,Noviembre,Domingo,Santa Ana,1500,1500,1000,5000,9000,9185
2024-11-11,2024,Noviembre,Lunes,Córdoba,1500,1500,2000,3000,8000,7873
2024-11-11,2024,Noviembre,Lunes,La Floresta,1500,1500,2000,2000,7000,6978
2024-11-11,2024,Noviembre,Lunes,Los Cedros,1500,1500,2000,3000,8000,7931
2024-11-11,2024,Noviembre,Lunes,Palermo,1500,1500,2000,1000,6000,5959
2024-11-11,2024,Noviembre,Lunes,Santa Ana,1500,1500,2000,5000,10000,9964
2024-11-12,2024,Noviembre,Martes,Córdoba,1500,1500,3000,3000,9000,8965
2024-11-12,2024,Noviembre,Martes,La Floresta,1500,1500,3000,2000,8000,8013
2024-11-12,2024,Noviembre,Martes,Los Cedros,1500,1500,3000,3000,9000,8980
2024-11-12,2024,Noviembre,Martes,Palermo,1500,1500,3000,1000,7000,6914
2024-11-12,2024,Noviembre,Martes,Santa Ana,1500,1500,3000,5000,11000,10882
2024-11-13,2024,Noviembre,Miércoles,Córdoba,1500,1500,3500,3000,9500,9581
2024-11-13,2024,Noviembre,Miércoles,La Floresta,1500,1500,3500,2000,8500,8481
2024-11-13,2024,Noviembre,Miércoles,Los Cedros,1500,1500,3500,3000,9500,9434
2024-11-13,2024,Noviembre,Miércoles,Palermo,1500,1500,3500,1000,7500,7510
2024-11-13,2024,Noviembre,Miércoles,Santa Ana,1500,1500,3500,5000,11500,11480
2024-11-14,2024,Noviembre,Jueves,Córdoba,1500,1500,3000,3000,9000,9027
2024-11-14,2024,Noviembre,Jueves,La Floresta,1500,1500,3000,2000,8000,7812
2024-11-14,2024,Noviembre,Jueves,Los Cedros,1500,1500,3000,3000,9000,9115
2024-11-14,2024,Noviembre,Jueves,Palermo,1500,1500,3000,1000,7000,6885
2024-11-14,2024,Noviembre,Jueves,Santa Ana,1500,1500,3000,5000,11000,10899
2024-11-15,2024,Noviembre,Viernes,Córdoba,1500,1500,2000,3000,8000,7858
2024-11-15,2024,Noviembre,Viernes,La Floresta,1500,1500,2000,2000,7000,6960
2024-11-15,2024,Noviembre,Viernes,Los Cedros,1500,1500,2000,3000,8000,8094
2024-11-15,2024,Noviembre,Viernes,Palermo,1500,1500,2000,1000,6000,6056
2024-11-15,2024,Noviembre,Viernes,Santa Ana,1500,1500,2000,5000,10000,10045
2024-11-16,2024,Noviembre,Sábado,Córdoba,1500,1500,1000,3000,7000,6947
2024-11-16,2024,Noviembre,Sábado,La Floresta,1500,1500,1000,2000,6000,6079
2024-11-16,2024,Noviembre,Sábado,Los Cedros,1500,1500,1000,3000,7000,7075
2024-11-16,2024,Noviembre,Sábado,Palermo,1500,1500,1000,1000,5000,5008
2024-11-16,2024,Noviembre,Sábado,Santa Ana,1500,1500,1000,5000,9000,9002
2024-11-17,2024,Noviembre,Domingo,Córdoba,1500,1500,1000,3000,7000,6963
2024-11-17,2024,Noviembre,Domingo,La Floresta,1500,1500,1000,2000,6000,6119
2024-11-17,2024,Noviembre,Domingo,Los Cedros,1500,1500,1000,3000,7000,6982
2024-11-17,2024,Noviembre,Domingo,Palermo,1500,1500,1000,1000,5000,4904
2024-11-17,2024,Noviembre,Domingo,Santa Ana,1500,1500,1000,5000,9000,9115
2024-11-18,2024,Noviembre,Lunes,Córdoba,1500,1500,2000,3000,8000,7802
2024-11-18,2024,Noviembre,Lunes,La Floresta,1500,1500,2000,2000,7000,6938
2024-11-18,2024,Noviembre,Lunes,Los Cedros,1500,1500,2000,3000,8000,8035
2024-11-18,2024,Noviembre,Lunes,Palermo,1500,1500,2000,1000,6000,6053
2024-11-18,2024,Noviembre,Lunes,Santa Ana,1500,1500,2000,5000,10000,9957
2024-11-19,2024,Noviembre,Martes,Córdoba,1500,1500,3000,3000,9000,9077
2024-11-19,2024,Noviembre,Martes,La Floresta,1500,1500,3000,2000,8000,8048
2024-11-19,2024,Noviembre,Martes,Los Cedros,1500,1500,3000,3000,9000,8910
2024-11-19,2024,Noviembre,Martes,Palermo,1500,1500,3000,1000,7000,6921
2024-11-19,2024,Noviembre,Martes,Santa Ana,1500,1500,3000,5000,11000,10829
2024-11-20,2024,Noviembre,Miércoles,Córdoba,1500,1500,3500,3000,9500,9562
2024-11-20,2024,Noviembre,Miércoles,La Floresta,1500,1500,3500,2000,8500,8468
2024-11-20,2024,Noviembre,Miércoles,Los Cedros,1500,1500,3500,3000,9500,9555
2024-11-20,2024,Noviembre,Miércoles,Palermo,1500,1500,3500,1000,7500,7510
2024-11-20,2024,Noviembre,Miércoles,Santa Ana,1500,1500,3500,5000,11500,11501
2024-11-21,2024,Noviembre,Jueves,Córdoba,1500,1500,3000,3000,9000,8908
2024-11-21,2024,Noviembre,Jueves,La Floresta,1500,1500,3000,2000,8000,8035
2024-11-21,2024,Noviembre,Jueves,Los Cedros,1500,1500,3000,3000,9000,8926
2024-11-21,2024,Noviembre,Jueves,Palermo,1500,1500,3000,1000,7000,6971
2024-11-21,2024,Noviembre,Jueves,Santa Ana,1500,1500,3000,5000,11000,10890
2024-11-22,2024,Noviembre,Viernes,Córdoba,1500,1500,2000,3000,8000,7886
2024-11-22,2024,Noviembre,Viernes,La Floresta,1500,1500,2000,2000,7000,6928
2024-11-22,2024,Noviembre,Viernes,Los Cedros,1500,1500,2000,3000,8000,8078
2024-11-22,2024,Noviembre,Viernes,Palermo,1500,1500,2000,1000,6000,6166
2024-11-22,2024,Noviembre,Viernes,Santa Ana,1500,1500,2000,5000,10000,9958
2024-11-23,2024,Noviembre,Sábado,Córdoba,1500,1500,1000,3000,7000,6955
2024-11-23,2024,Noviembre,Sábado,La Floresta,1500,1500,1000,2000,6000,6012
2024-11-23,2024,Noviembre,Sábado,Los Cedros,1500,1500,1000,3000,7000,7013
2024-11-23,2024,Noviembre,Sábado,Palermo,1500,1500,1000,1000,5000,5030
2024-11-23,2024,Noviembre,Sábado,Santa Ana,1500,1500,1000,5000,9000,9056
2024-11-24,2024,Noviembre,Domingo,Córdoba,1500,1500,1000,3000,7000,6939
2024-11-24,2024,Noviembre,Domingo,La Floresta,1500,1500,1000,2000,6000,6075
2024-11-24,2024,Noviembre,Domingo,Los Cedros,1500,1500,1000,3000,7000,6865
2024-11-24,2024,Noviembre,Domingo,Palermo,1500,1500,1000,1000,5000,5021
2024-11-24,2024,Noviembre,Domingo,Santa Ana,1500,1500,1000,5000,9000,9086
2024-11-25,2024,Noviembre,Lunes,Córdoba,1500,1500,2000,3000,8000,8002
2024-11-25,2024,Noviembre,Lunes,La Floresta,1500,1500,2000,2000,7000,7112
2024-11-25,2024,Noviembre,Lunes,Los Cedros,1500,1500,2000,3000,8000,7833
2024-11-25,2024,Noviembre,Lunes,Palermo,1500,1500,2000,1000,6000,5887
2024-11-25,2024,Noviembre,Lunes,Santa Ana,1500,1500,2000,5000,10000,10073
2024-11-26,2024,Noviembre,Martes,Córdoba,1500,1500,3000,3000,9000,8909
2024-11-26,2024,Noviembre,Martes,La Floresta,1500,1500,3000,2000,8000,8012
2024-11-26,2024,Noviembre,Martes,Los Cedros,1500,1500,3000,3000,9000,9022
2024-11-26,2024,Noviembre,Martes,Palermo,1500,1500,3000,1000,7000,6940
2024-11-26,2024,Noviembre,Martes,Santa Ana,1500,1500,3000,5000,11000,10907
2024-11-27,2024,Noviembre,Miércoles,Córdoba,1500,1500,3500,3000,9500,9525
2024-11-27,2024,Noviembre,Miércoles,La Floresta,1500,1500,3500,2000,8500,8530
2024-11-27,2024,Noviembre,Miércoles,Los Cedros,1500,1500,3500,3000,9500,9372
2024-11-27,2024,Noviembre,Miércoles,Palermo,1500,1500,3500,1000,7500,7565
2024-11-27,2024,Noviembre,Miércoles,Santa Ana,1500,1500,3500,5000,11500,11622
2024-11-28,2024,Noviembre,Jueves,Córdoba,1500,1500,3000,3000,9000,8936
2024-11-28,2024,Noviembre,Jueves,La Floresta,1500,1500,3000,2000,8000,7935
2024-11-28,2024,Noviembre,Jueves,Los Cedros,1500,1500,3000,3000,9000,9011
2024-11-28,2024,Noviembre,Jueves,Palermo,1500,1500,3000,1000,7000,7036
2024-11-28,2024,Noviembre,Jueves,Santa Ana,1500,1500,3000,5000,11000,10693
2024-11-29,2024,Noviembre,Viernes,Córdoba,1500,1500,2000,3000,8000,8009
2024-11-29,2024,Noviembre,Viernes,La Floresta,1500,1500,2000,2000,7000,6829
2024-11-29,2024,Noviembre,Viernes,Los Cedros,1500,1500,2000,3000,8000,7946
2024-11-29,2024,Noviembre,Viernes,Palermo,1500,1500,2000,1000,6000,6047
2024-11-29,2024,Noviembre,Viernes,Santa Ana,1500,1500,2000,5000,10000,9950
2024-11-30,2024,Noviembre,Sábado,Córdoba,1500,1500,1000,3000,7000,6966
2024-11-30,2024,Noviembre,Sábado,La Floresta,1500,1500,1000,2000,6000,5974
2024-11-30,2024,Noviembre,Sábado,Los Cedros,1500,1500,1000,3000,7000,7020
2024-11-30,2024,Noviembre,Sábado,Palermo,1500,1500,1000,1000,5000,5180
2024-11-30,2024,Noviembre,Sábado,Santa Ana,1500,1500,1000,5000,9000,8859
2024-12-01,2024,Diciembre,Domingo,Córdoba,1500,1000,1000,3000,6500,6479
2024-12-01,2024,Diciembre,Domingo,La Floresta,1500,1000,1000,2000,5500,5679
2024-12-01,2024,Diciembre,Domingo,Los Cedros,1500,1000,1000,3000,6500,6527
2024-12-01,2024,Diciembre,Domingo,Palermo,1500,1000,1000,1000,4500,4502
2024-12-01,2024,Diciembre,Domingo,Santa Ana,1500,1000,1000,5000,8500,8698
2024-12-02,2024,Diciembre,Lunes,Córdoba,1500,1000,2000,3000,7500,7587
2024-12-02,2024,Diciembre,Lunes,La Floresta,1500,1000,2000,2000,6500,6612
2024-12-02,2024,Diciembre,Lunes,Los Cedros,1500,1000,2000,3000,7500,7661
2024-12-02,2024,Diciembre,Lunes,Palermo,1500,1000,2000,1000,5500,5533
2024-12-02,2024,Diciembre,Lunes,Santa Ana,1500,1000,2000,5000,9500,9648
2024-12-03,2024,Diciembre,Martes,Córdoba,1500,1000,3000,3000,8500,8532
2024-12-03,2024,Diciembre,Martes,La Floresta,1500,1000,3000,2000,7500,7412
2024-12-03,2024,Diciembre,Martes,Los Cedros,1500,1000,3000,3000,8500,8444
2024-12-03,2024,Diciembre,Martes,Palermo,1500,1000,3000,1000,6500,6350
2024-12-03,2024,Diciembre,Martes,Santa Ana,1500,1000,3000,5000,10500,10618
2024-12-04,2024,Diciembre,Miércoles,Córdoba,1500,1000,3500,3000,9000,9026
2024-12-04,2024,Diciembre,Miércoles,La Floresta,1500,1000,3500,2000,8000,7920
2024-12-04,2024,Diciembre,Miércoles,Los Cedros,1500,1000,3500,3000,9000,8896
2024-12-04,2024,Diciembre,Miércoles,Palermo,1500,1000,3500,1000,7000,7046
2024-12-04,2024,Diciembre,Miércoles,Santa Ana,1500,1000,3500,5000,11000,10907
2024-12-05,2024,Diciembre,Jueves,Córdoba,1500,1000,3000,3000,8500,8603
2024-12-05,2024,Diciembre,Jueves,La Floresta,1500,1000,3000,2000,7500,7445
2024-12-05,2024,Diciembre,Jueves,Los Cedros,1500,1000,3000,3000,8500,8541
2024-12-05,2024,Diciembre,Jueves,Palermo,1500,1000,3000,1000,6500,6614
2024-12-05,2024,Diciembre,Jueves,Santa Ana,1500,1000,3000,5000,10500,10695
2024-12-06,2024,Diciembre,Viernes,Córdoba,1500,1000,2000,3000,7500,7402
2024-12-06,2024,Diciembre,Viernes,La Floresta,1500,1000,2000,2000,6500,6381
2024-12-06,2024,Diciembre,Viernes,Los Cedros,1500,1000,2000,3000,7500,7394
2024-12-06,2024,Diciembre,Viernes,Palermo,1500,1000,2000,1000,5500,5542
2024-12-06,2024,Diciembre,Viernes,Santa Ana,1500,1000,2000,5000,9500,9461
2024-12-07,2024,Diciembre,Sábado,Córdoba,1500,1000,1000,3000,6500,6570
2024-12-07,2024,Diciembre,Sábado,La Floresta,1500,1000,1000,2000,5500,5378
2024-12-07,2024,Diciembre,Sábado,Los Cedros,1500,1000,1000,3000,6500,6532
2024-12-07,2024,Diciembre,Sábado,Palermo,1500,1000,1000,1000,4500,4505
2024-12-07,2024,Diciembre,Sábado,Santa Ana,1500,1000,1000,5000,8500,8503
2024-12-08,2024,Diciembre,Domingo,Córdoba,1500,1000,1000,3000,6500,6539
2024-12-08,2024,Diciembre,Domingo,La Floresta,1500,1000,1000,2000,5500,5478
2024-12-08,2024,Diciembre,Domingo,Los Cedros,1500,1000,1000,3000,6500,6646
2024-12-08,2024,Diciembre,Domingo,Palermo,1500,1000,1000,1000,4500,4555
2024-12-08,2024,Diciembre,Domingo,Santa Ana,1500,1000,1000,5000,8500,8642
2024-12-09,2024,Diciembre,Lunes,Córdoba,1500,1000,2000,3000,7500,7514
2024-12-09,2024,Diciembre,Lunes,La Floresta,1500,1000,2000,2000,6500,6373
2024-12-09,2024,Diciembre,Lunes,Los Cedros,1500,1000,2000,3000,7500,7316
2024-12-09,2024,Diciembre,Lunes,Palermo,1500,1000,2000,1000,5500,5406
2024-12-09,2024,Diciembre,Lunes,Santa Ana,1500,1000,2000,5000,9500,9517
2024-12-10,2024,Diciembre,Martes,Córdoba,1500,1000,3000,3000,8500,8548
2024-12-10,2024,Diciembre,Martes,La Floresta,1500,1000,3000,2000,7500,7574
2024-12-10,2024,Diciembre,Martes,Los Cedros,1500,1000,3000,3000,8500,8512
2024-12-10,2024,Diciembre,Martes,Palermo,1500,1000,3000,1000,6500,6591
2024-12-10,2024,Diciembre,Martes,Santa Ana,1500,1000,3000,5000,10500,10432
2024-12-11,2024,Diciembre,Miércoles,Córdoba,1500,1000,3500,3000,9000,8926
2024-12-11,2024,Diciembre,Miércoles,La Floresta,1500,1000,3500,2000,8000,7956
2024-12-11,2024,Diciembre,Miércoles,Los Cedros,1500,1000,3500,3000,9000,8908
2024-12-11,2024,Diciembre,Miércoles,Palermo,1500,1000,3500,1000,7000,7184
2024-12-11,2024,Diciembre,Miércoles,Santa Ana,1500,1000,3500,5000,11000,11085
2024-12-12,2024,Diciembre,Jueves,Córdoba,1500,1000,3000,3000,8500,8345
2024-12-12,2024,Diciembre,Jueves,La Floresta,1500,1000,3000,2000,7500,7522
2024-12-12,2024,Diciembre,Jueves,Los Cedros,1500,1000,3000,3000,8500,8517
2024-12-12,2024,Diciembre,Jueves,Palermo,1500,1000,3000,1000,6500,6484
2024-12-12,2024,Diciembre,Jueves,Santa Ana,1500,1000,3000,5000,10500,10467
2024-12-13,2024,Diciembre,Viernes,Córdoba,1500,1000,2000,3000,7500,7474
2024-12-13,2024,Diciembre,Viernes,La Floresta,1500,1000,2000,2000,6500,6591
2024-12-13,2024,Diciembre,Viernes,Los Cedros,1500,1000,2000,3000,7500,7662
2024-12-13,2024,Diciembre,Viernes,Palermo,1500,1000,2000,1000,5500,5510
2024-12-13,2024,Diciembre,Viernes,Santa Ana,1500,1000,2000,5000,9500,9395
2024-12-14,2024,Diciembre,Sábado,Córdoba,1500,1000,1000,3000,6500,6534
2024-12-14,2024,Diciembre,Sábado,La Floresta,1500,1000,1000,2000,5500,5645
2024-12-14,2024,Diciembre,Sábado,Los Cedros,1500,1000,1000,3000,6500,6518
2024-12-14,2024,Diciembre,Sábado,Palermo,1500,1000,1000,1000,4500,4542
2024-12-14,2024,Diciembre,Sábado,Santa Ana,1500,1000,1000,5000,8500,8647
2024-12-15,2024,Diciembre,Domingo,Córdoba,1500,1000,1000,3000,6500,6432
2024-12-15,2024,Diciembre,Domingo,La Floresta,1500,1000,1000,2000,5500,5650
2024-12-15,2024,Diciembre,Domingo,Los Cedros,1500,1000,1000,3000,6500,6394
2024-12-15,2024,Diciembre,Domingo,Palermo,1500,1000,1000,1000,4500,4486
2024-12-15,2024,Diciembre,Domingo,Santa Ana,1500,1000,1000,5000,8500,8511
2024-12-16,2024,Diciembre,Lunes,Córdoba,1500,1000,2000,3000,7500,7491
2024-12-16,2024,Diciembre,Lunes,La Floresta,1500,1000,2000,2000,6500,6358
2024-12-16,2024,Diciembre,Lunes,Los Cedros,1500,1000,2000,3000,7500,7386
2024-12-16,2024,Diciembre,Lunes,Palermo,1500,1000,2000,1000,5500,5650
2024-12-16,2024,Diciembre,Lunes,Santa Ana,1500,1000,2000,5000,9500,9412
2024-12-17,2024,Diciembre,Martes,Córdoba,1500,1000,3000,3000,8500,8570
2024-12-17,2024,Diciembre,Martes,La Floresta,1500,1000,3000,2000,7500,7348
2024-12-17,2024,Diciembre,Martes,Los Cedros,1500,1000,3000,3000,8500,8487
2024-12-17,2024,Diciembre,Martes,Palermo,1500,1000,3000,1000,6500,6423
2024-12-17,2024,Diciembre,Martes,Santa Ana,1500,1000,3000,5000,10500,10452
2024-12-18,2024,Diciembre,Miércoles,Córdoba,1500,1000,3500,3000,9000,9207
2024-12-18,2024,Diciembre,Miércoles,La Floresta,1500,1000,3500,2000,8000,7935
2024-12-18,2024,Diciembre,Miércoles,Los Cedros,1500,1000,3500,3000,9000,9027
2024-12-18,2024,Diciembre,Miércoles,Palermo,1500,1000,3500,1000,7000,6949
2024-12-18,2024,Diciembre,Miércoles,Santa Ana,1500,1000,3500,5000,11000,11062
2024-12-19,2024,Diciembre,Jueves,Córdoba,1500,1000,3000,3000,8500,8558
2024-12-19,2024,Diciembre,Jueves,La Floresta,1500,1000,3000,2000,7500,7520
2024-12-19,2024,Diciembre,Jueves,Los Cedros,1500,1000,3000,3000,8500,8473
2024-12-19,2024,Diciembre,Jueves,Palermo,1500,1000,3000,1000,6500,6471
2024-12-19,2024,Diciembre,Jueves,Santa Ana,1500,1000,3000,5000,10500,10365
2024-12-20,2024,Diciembre,Viernes,Córdoba,1500,1000,2000,3000,7500,7582
2024-12-20,2024,Diciembre,Viernes,La Floresta,1500,1000,2000,2000,6500,6481
2024-12-20,2024,Diciembre,Viernes,Los Cedros,1500,1000,2000,3000,7500,7527
2024-12-20,2024,Diciembre,Viernes,Palermo,1500,1000,2000,1000,5500,5532
2024-12-20,2024,Diciembre,Viernes,Santa Ana,1500,1000,2000,5000,9500,9707
2024-12-21,2024,Diciembre,Sábado,Córdoba,1500,1000,1000,3000,6500,6448
2024-12-21,2024,Diciembre,Sábado,La Floresta,1500,1000,1000,2000,5500,5511
2024-12-21,2024,Diciembre,Sábado,Los Cedros,1500,1000,1000,3000,6500,6567
2024-12-21,2024,Diciembre,Sábado,Palermo,1500,1000,1000,1000,4500,4456
2024-12-21,2024,Diciembre,Sábado,Santa Ana,1500,1000,1000,5000,8500,8433
2024-12-22,2024,Diciembre,Domingo,Córdoba,1500,1000,1000,3000,6500,6517
2024-12-22,2024,Diciembre,Domingo,La Floresta,1500,1000,1000,2000,5500,5445
2024-12-22,2024,Diciembre,Domingo,Los Cedros,1500,1000,1000,3000,6500,6586
2024-12-22,2024,Diciembre,Domingo,Palermo,1500,1000,1000,1000,4500,4502
2024-12-22,2024,Diciembre,Domingo,Santa Ana,1500,1000,1000,5000,8500,8528
2024-12-23,2024,Diciembre,Lunes,Córdoba,1500,1000,2000,3000,7500,7429
2024-12-23,2024,Diciembre,Lunes,La Floresta,1500,1000,2000,2000,6500,6605
2024-12-23,2024,Diciembre,Lunes,Los Cedros,1500,1000,2000,3000,7500,7431
2024-12-23,2024,Diciembre,Lunes,Palermo,1500,1000,2000,1000,5500,5477
2024-12-23,2024,Diciembre,Lunes,Santa Ana,1500,1000,2000,5000,9500,9535
2024-12-24,2024,Diciembre,Martes,Córdoba,1500,1000,3000,3000,8500,8533
2024-12-24,2024,Diciembre,Martes,La Floresta,1500,1000,3000,2000,7500,7419
2024-12-24,2024,Diciembre,Martes,Los Cedros,1500,1000,3000,3000,8500,8524
2024-12-24,2024,Diciembre,Martes,Palermo,1500,1000,3000,1000,6500,6356
2024-12-24,2024,Diciembre,Martes,Santa Ana,1500,1000,3000,5000,10500,10465
2024-12-25,2024,Diciembre,Miércoles,Córdoba,1500,1000,3500,3000,9000,8966
2024-12-25,2024,Diciembre,Miércoles,La Floresta,1500,1000,3500,2000,8000,7933
2024-12-25,2024,Diciembre,Miércoles,Los Cedros,1500,1000,3500,3000,9000,9002
2024-12-25,2024,Diciembre,Miércoles,Palermo,1500,1000,3500,1000,7000,6976
2024-12-25,2024,Diciembre,Miércoles,Santa Ana,1500,1000,3500,5000,11000,11012
2024-12-26,2024,Diciembre,Jueves,Córdoba,1500,1000,3000,3000,8500,8533
2024-12-26,2024,Diciembre,Jueves,La Floresta,1500,1000,3000,2000,7500,7542
2024-12-26,2024,Diciembre,Jueves,Los Cedros,1500,1000,3000,3000,8500,8371
2024-12-26,2024,Diciembre,Jueves,Palermo,1500,1000,3000,1000,6500,6625
2024-12-26,2024,Diciembre,Jueves,Santa Ana,1500,1000,3000,5000,10500,10536
2024-12-27,2024,Diciembre,Viernes,Córdoba,1500,1000,2000,3000,7500,7534
2024-12-27,2024,Diciembre,Viernes,La Floresta,1500,1000,2000,2000,6500,6441
2024-12-27,2024,Diciembre,Viernes,Los Cedros,1500,1000,2000,3000,7500,7449
2024-12-27,2024,Diciembre,Viernes,Palermo,1500,1000,2000,1000,5500,5478
2024-12-27,2024,Diciembre,Viernes,Santa Ana,1500,1000,2000,5000,9500,9486
2024-12-28,2024,Diciembre,Sábado,Córdoba,1500,1000,1000,3000,6500,6480
2024-12-28,2024,Diciembre,Sábado,La Floresta,1500,1000,1000,2000,5500,5536
2024-12-28,2024,Diciembre,Sábado,Los Cedros,1500,1000,1000,3000,6500,6435
2024-12-28,2024,Diciembre,Sábado,Palermo,1500,1000,1000,1000,4500,4580
2024-12-28,2024,Diciembre,Sábado,Santa Ana,1500,1000,1000,5000,8500,8481
2024-12-29,2024,Diciembre,Domingo,Córdoba,1500,1000,1000,3000,6500,6681
2024-12-29,2024,Diciembre,Domingo,La Floresta,1500,1000,1000,2000,5500,5463
2024-12-29,2024,Diciembre,Domingo,Los Cedros,1500,1000,1000,3000,6500,6444
2024-12-29,2024,Diciembre,Domingo,Palermo,1500,1000,1000,1000,4500,4539
2024-12-29,2024,Diciembre,Domingo,Santa Ana,1500,1000,1000,5000,8500,8449
2024-12-30,2024,Diciembre,Lunes,Córdoba,1500,1000,2000,3000,7500,7542
2024-12-30,2024,Diciembre,Lunes,La Floresta,1500,1000,2000,2000,6500,6643
2024-12-30,2024,Diciembre,Lunes,Los Cedros,1500,1000,2000,3000,7500,7627
2024-12-30,2024,Diciembre,Lunes,Palermo,1500,1000,2000,1000,5500,5633
2024-12-30,2024,Diciembre,Lunes,Santa Ana,1500,1000,2000,5000,9500,9419
2024-12-31,2024,Diciembre,Martes,Córdoba,1500,1000,3000,3000,8500,8564
2024-12-31,2024,Diciembre,Martes,La Floresta,1500,1000,3000,2000,7500,7400
2024-12-31,2024,Diciembre,Martes,Los Cedros,1500,1000,3000,3000,8500,8471
2024-12-31,2024,Diciembre,Martes,Palermo,1500,1000,3000,1000,6500,6476
2024-12-31,2024,Diciembre,Martes,Santa Ana,1500,1000,3000,5000,10500,10717
2025-01-01,2025,Enero,Miércoles,Córdoba,2000,1000,3500,3000,9500,9547
2025-01-01,2025,Enero,Miércoles,La Floresta,2000,1000,3500,2000,8500,8576
2025-01-01,2025,Enero,Miércoles,Los Cedros,2000,1000,3500,3000,9500,9577
2025-01-01,2025,Enero,Miércoles,Palermo,2000,1000,3500,1000,7500,7467
2025-01-01,2025,Enero,Miércoles,Santa Ana,2000,1000,3500,5000,11500,11559
2025-01-02,2025,Enero,Jueves,Córdoba,2000,1000,3000,3000,9000,8979
2025-01-02,2025,Enero,Jueves,La Floresta,2000,1000,3000,2000,8000,8062
2025-01-02,2025,Enero,Jueves,Los Cedros,2000,1000,3000,3000,9000,8997
2025-01-02,2025,Enero,Jueves,Palermo,2000,1000,3000,1000,7000,6941
2025-01-02,2025,Enero,Jueves,Santa Ana,2000,1000,3000,5000,11000,11202
2025-01-03,2025,Enero,Viernes,Córdoba,2000,1000,2000,3000,8000,7975
2025-01-03,2025,Enero,Viernes,La Floresta,2000,1000,2000,2000,7000,6993
2025-01-03,2025,Enero,Viernes,Los Cedros,2000,1000,2000,3000,8000,7973
2025-01-03,2025,Enero,Viernes,Palermo,2000,1000,2000,1000,6000,5886
2025-01-03,2025,Enero,Viernes,Santa Ana,2000,1000,2000,5000,10000,10180
2025-01-04,2025,Enero,Sábado,Córdoba,2000,1000,1000,3000,7000,7051
2025-01-04,2025,Enero,Sábado,La Floresta,2000,1000,1000,2000,6000,5991
2025-01-04,2025,Enero,Sábado,Los Cedros,2000,1000,1000,3000,7000,7046
2025-01-04,2025,Enero,Sábado,Palermo,2000,1000,1000,1000,5000,5036
2025-01-04,2025,Enero,Sábado,Santa Ana,2000,1000,1000,5000,9000,8959
2025-01-05,2025,Enero,Domingo,Córdoba,2000,1000,1000,3000,7000,7123
2025-01-05,2025,Enero,Domingo,La Floresta,2000,1000,1000,2000,6000,6059
2025-01-05,2025,Enero,Domingo,Los Cedros,2000,1000,1000,3000,7000,7047
2025-01-05,2025,Enero,Domingo,Palermo,2000,1000,1000,1000,5000,4974
2025-01-05,2025,Enero,Domingo,Santa Ana,2000,1000,1000,5000,9000,8917
2025-01-06,2025,Enero,Lunes,Córdoba,2000,1000,2000,3000,8000,8053
2025-01-06,2025,Enero,Lunes,La Floresta,2000,1000,2000,2000,7000,7143
2025-01-06,2025,Enero,Lunes,Los Cedros,2000,1000,2000,3000,8000,7949
2025-01-06,2025,Enero,Lunes,Palermo,2000,1000,2000,1000,6000,6099
2025-01-06,2025,Enero,Lunes,Santa Ana,2000,1000,2000,5000,10000,9907
2025-01-07,2025,Enero,Martes,Córdoba,2000,1000,3000,3000,9000,9102
2025-01-07,2025,Enero,Martes,La Floresta,2000,1000,3000,2000,8000,7912
2025-01-07,2025,Enero,Martes,Los Cedros,2000,1000,3000,3000,9000,8837
2025-01-07,2025,Enero,Martes,Palermo,2000,1000,3000,1000,7000,6925
2025-01-07,2025,Enero,Martes,Santa Ana,2000,1000,3000,5000,11000,11100
2025-01-08,2025,Enero,Miércoles,Córdoba,2000,1000,3500,3000,9500,9536
2025-01-08,2025,Enero,Miércoles,La Floresta,2000,1000,3500,2000,8500,8398
2025-01-08,2025,Enero,Miércoles,Los Cedros,2000,1000,3500,3000,9500,9549
2025-01-08,2025,Enero,Miércoles,Palermo,2000,1000,3500,1000,7500,7594
2025-01-08,2025,Enero,Miércoles,Santa Ana,2000,1000,3500,5000,11500,11469
2025-01-09,2025,Enero,Jueves,Córdoba,2000,1000,3000,3000,9000,9140
2025-01-09,2025,Enero,Jueves,La Floresta,2000,1000,3000,2000,8000,8088
2025-01-09,2025,Enero,Jueves,Los Cedros,2000,1000,3000,3000,9000,9007
2025-01-09,2025,Enero,Jueves,Palermo,2000,1000,3000,1000,7000,7043
2025-01-09,2025,Enero,Jueves,Santa Ana,2000,1000,3000,5000,11000,11163
2025-01-10,2025,Enero,Viernes,Córdoba,2000,1000,2000,3000,8000,7957
2025-01-10,2025,Enero,Viernes,La Floresta,2000,1000,2000,2000,7000,6996
2025-01-10,2025,Enero,Viernes,Los Cedros,2000,1000,2000,3000,8000,8013
2025-01-10,2025,Enero,Viernes,Palermo,2000,1000,2000,1000,6000,5894
2025-01-10,2025,Enero,Viernes,Santa Ana,2000,1000,2000,5000,10000,9893
2025-01-11,2025,Enero,Sábado,Córdoba,2000,1000,1000,3000,7000,6978
2025-01-11,2025,Enero,Sábado,La Floresta,2000,1000,1000,2000,6000,5928
2025-01-11,2025,Enero,Sábado,Los Cedros,2000,1000,1000,3000,7000,7033
2025-01-11,2025,Enero,Sábado,Palermo,2000,1000,1000,1000,5000,5047
2025-01-11,2025,Enero,Sábado,Santa Ana,2000,1000,1000,5000,9000,8979
2025-01-12,2025,Enero,Domingo,Córdoba,2000,1000,1000,3000,7000,7041
2025-01-12,2025,Enero,Domingo,La Floresta,2000,1000,1000,2000,6000,5888
2025-01-12,2025,Enero,Domingo,Los Cedros,2000,1000,1000,3000,7000,6910
2025-01-12,2025,Enero,Domingo,Palermo,2000,1000,1000,1000,5000,4986
2025-01-12,2025,Enero,Domingo,Santa Ana,2000,1000,1000,5000,9000,8999
2025-01-13,2025,Enero,Lunes,Córdoba,2000,1000,2000,3000,8000,8022
2025-01-13,2025,Enero,Lunes,La Floresta,2000,1000,2000,2000,7000,6831
2025-01-13,2025,Enero,Lunes,Los Cedros,2000,1000,2000,3000,8000,8012
2025-01-13,2025,Enero,Lunes,Palermo,2000,1000,2000,1000,6000,6001
2025-01-13,2025,Enero,Lunes,Santa Ana,2000,1000,2000,5000,10000,9985
2025-01-14,2025,Enero,Martes,Córdoba,2000,1000,3000,3000,9000,9037
2025-01-14,2025,Enero,Martes,La Floresta,2000,1000,3000,2000,8000,7911
2025-01-14,2025,Enero,Martes,Los Cedros,2000,1000,3000,3000,9000,9129
2025-01-14,2025,Enero,Martes,Palermo,2000,1000,3000,1000,7000,7046
2025-01-14,2025,Enero,Martes,Santa Ana,2000,1000,3000,5000,11000,11199
2025-01-15,2025,Enero,Miércoles,Córdoba,2000,1000,3500,3000,9500,9544
2025-01-15,2025,Enero,Miércoles,La Floresta,2000,1000,3500,2000,8500,8693
2025-01-15,2025,Enero,Miércoles,Los Cedros,2000,1000,3500,3000,9500,9453
2025-01-15,2025,Enero,Miércoles,Palermo,2000,1000,3500,1000,7500,7443
2025-01-15,2025,Enero,Miércoles,Santa Ana,2000,1000,3500,5000,11500,11326
2025-01-16,2025,Enero,Jueves,Córdoba,2000,1000,3000,3000,9000,8979
2025-01-16,2025,Enero,Jueves,La Floresta,2000,1000,3000,2000,8000,8081
2025-01-16,2025,Enero,Jueves,Los Cedros,2000,1000,3000,3000,9000,9130
2025-01-16,2025,Enero,Jueves,Palermo,2000,1000,3000,1000,7000,7067
2025-01-16,2025,Enero,Jueves,Santa Ana,2000,1000,3000,5000,11000,10952
2025-01-17,2025,Enero,Viernes,Córdoba,2000,1000,2000,3000,8000,7983
2025-01-17,2025,Enero,Viernes,La Floresta,2000,1000,2000,2000,7000,7068
2025-01-17,2025,Enero,Viernes,Los Cedros,2000,1000,2000,3000,8000,7953
2025-01-17,2025,Enero,Viernes,Palermo,2000,1000,2000,1000,6000,6097
2025-01-17,2025,Enero,Viernes,Santa Ana,2000,1000,2000,5000,10000,10199
2025-01-18,2025,Enero,Sábado,Córdoba,2000,1000,1000,3000,7000,7143
2025-01-18,2025,Enero,Sábado,La Floresta,2000,1000,1000,2000,6000,6160
2025-01-18,2025,Enero,Sábado,Los Cedros,2000,1000,1000,3000,7000,6920
2025-01-18,2025,Enero,Sábado,Palermo,2000,1000,1000,1000,5000,5032
2025-01-18,2025,Enero,Sábado,Santa Ana,2000,1000,1000,5000,9000,8864
2025-01-19,2025,Enero,Domingo,Córdoba,2000,1000,1000,3000,7000,6988
2025-01-19,2025,Enero,Domingo,La Floresta,2000,1000,1000,2000,6000,6034
2025-01-19,2025,Enero,Domingo,Los Cedros,2000,1000,1000,3000,7000,6974
2025-01-19,2025,Enero,Domingo,Palermo,2000,1000,1000,1000,5000,5004
2025-01-19,2025,Enero,Domingo,Santa Ana,2000,1000,1000,5000,9000,9044
2025-01-20,2025,Enero,Lunes,Córdoba,2000,1000,2000,3000,8000,8095
2025-01-20,2025,Enero,Lunes,La Floresta,2000,1000,2000,2000,7000,6946
2025-01-20,2025,Enero,Lunes,Los Cedros,2000,1000,2000,3000,8000,8083
2025-01-20,2025,Enero,Lunes,Palermo,2000,1000,2000,1000,6000,5949
2025-01-20,2025,Enero,Lunes,Santa Ana,2000,1000,2000,5000,10000,9976
2025-01-21,2025,Enero,Martes,Córdoba,2000,1000,3000,3000,9000,9028
2025-01-21,2025,Enero,Martes,La Floresta,2000,1000,3000,2000,8000,8185
2025-01-21,2025,Enero,Martes,Los Cedros,2000,1000,3000,3000,9000,9090
2025-01-21,2025,Enero,Martes,Palermo,2000,1000,3000,1000,7000,6977
2025-01-21,2025,Enero,Martes,Santa Ana,2000,1000,3000,5000,11000,11089
2025-01-22,2025,Enero,Miércoles,Córdoba,2000,1000,3500,3000,9500,9519
2025-01-22,2025,Enero,Miércoles,La Floresta,2000,1000,3500,2000,8500,8515
2025-01-22,2025,Enero,Miércoles,Los Cedros,2000,1000,3500,3000,9500,9391
2025-01-22,2025,Enero,Miércoles,Palermo,2000,1000,3500,1000,7500,7546
2025-01-22,2025,Enero,Miércoles,Santa Ana,2000,1000,3500,5000,11500,11379
2025-01-23,2025,Enero,Jueves,Córdoba,2000,1000,3000,3000,9000,9013
2025-01-23,2025,Enero,Jueves,La Floresta,2000,1000,3000,2000,8000,8000
2025-01-23,2025,Enero,Jueves,Los Cedros,2000,1000,3000,3000,9000,8971
2025-01-23,2025,Enero,Jueves,Palermo,2000,1000,3000,1000,7000,7154
2025-01-23,2025,Enero,Jueves,Santa Ana,2000,1000,3000,5000,11000,10934
2025-01-24,2025,Enero,Viernes,Córdoba,2000,1000,2000,3000,8000,8037
2025-01-24,2025,Enero,Viernes,La Floresta,2000,1000,2000,2000,7000,6895
2025-01-24,2025,Enero,Viernes,Los Cedros,2000,1000,2000,3000,8000,8093
2025-01-24,2025,Enero,Viernes,Palermo,2000,1000,2000,1000,6000,6058
2025-01-24,2025,Enero,Viernes,Santa Ana,2000,1000,2000,5000,10000,10034
2025-01-25,2025,Enero,Sábado,Córdoba,2000,1000,1000,3000,7000,6961
2025-01-25,2025,Enero,Sábado,La Floresta,2000,1000,1000,2000,6000,5890
2025-01-25,2025,Enero,Sábado,Los Cedros,2000,1000,1000,3000,7000,6881
2025-01-25,2025,Enero,Sábado,Palermo,2000,1000,1000,1000,5000,4928
2025-01-25,2025,Enero,Sábado,Santa Ana,2000,1000,1000,5000,9000,9068
2025-01-26,2025,Enero,Domingo,Córdoba,2000,1000,1000,3000,7000,7077
2025-01-26,2025,Enero,Domingo,La Floresta,2000,1000,1000,2000,6000,6057
2025-01-26,2025,Enero,Domingo,Los Cedros,2000,1000,1000,3000,7000,7026
2025-01-26,2025,Enero,Domingo,Palermo,2000,1000,1000,1000,5000,5067
2025-01-26,2025,Enero,Domingo,Santa Ana,2000,1000,1000,5000,9000,9071
2025-01-27,2025,Enero,Lunes,Córdoba,2000,1000,2000,3000,8000,7978
2025-01-27,2025,Enero,Lunes,La Floresta,2000,1000,2000,2000,7000,6950
2025-01-27,2025,Enero,Lunes,Los Cedros,2000,1000,2000,3000,8000,7948
2025-01-27,2025,Enero,Lunes,Palermo,2000,1000,2000,1000,6000,6099
2025-01-27,2025,Enero,Lunes,Santa Ana,2000,1000,2000,5000,10000,10052
2025-01-28,2025,Enero,Martes,Córdoba,2000,1000,3000,3000,9000,9217
2025-01-28,2025,Enero,Martes,La Floresta,2000,1000,3000,2000,8000,8051
2025-01-28,2025,Enero,Martes,Los Cedros,2000,1000,3000,3000,9000,9035
2025-01-28,2025,Enero,Martes,Palermo,2000,1000,3000,1000,7000,7080
2025-01-28,2025,Enero,Martes,Santa Ana,2000,1000,3000,5000,11000,11157
2025-01-29,2025,Enero,Miércoles,Córdoba,2000,1000,3500,3000,9500,9380
2025-01-29,2025,Enero,Miércoles,La Floresta,2000,1000,3500,2000,8500,8522
2025-01-29,2025,Enero,Miércoles,Los Cedros,2000,1000,3500,3000,9500,9509
2025-01-29,2025,Enero,Miércoles,Palermo,2000,1000,3500,1000,7500,7601
2025-01-29,2025,Enero,Miércoles,Santa Ana,2000,1000,3500,5000,11500,11537
2025-01-30,2025,Enero,Jueves,Córdoba,2000,1000,3000,3000,9000,9044
2025-01-30,2025,Enero,Jueves,La Floresta,2000,1000,3000,2000,8000,8006
2025-01-30,2025,Enero,Jueves,Los Cedros,2000,1000,3000,3000,9000,9124
2025-01-30,2025,Enero,Jueves,Palermo,2000,1000,3000,1000,7000,6853
2025-01-30,2025,Enero,Jueves,Santa Ana,2000,1000,3000,5000,11000,10996
2025-01-31,2025,Enero,Viernes,Córdoba,2000,1000,2000,3000,8000,7935
2025-01-31,2025,Enero,Viernes,La Floresta,2000,1000,2000,2000,7000,7008
2025-01-31,2025,Enero,Viernes,Los Cedros,2000,1000,2000,3000,8000,8042
2025-01-31,2025,Enero,Viernes,Palermo,2000,1000,2000,1000,6000,5933
2025-01-31,2025,Enero,Viernes,Santa Ana,2000,1000,2000,5000,10000,9979
2025-02-01,2025,Febrero,Sábado,Córdoba,2000,1500,1000,3000,7500,7410
2025-02-01,2025,Febrero,Sábado,La Floresta,2000,1500,1000,2000,6500,6533
2025-02-01,2025,Febrero,Sábado,Los Cedros,2000,1500,1000,3000,7500,7379
2025-02-01,2025,Febrero,Sábado,Palermo,2000,1500,1000,1000,5500,5515
2025-02-01,2025,Febrero,Sábado,Santa Ana,2000,1500,1000,5000,9500,9387
2025-02-02,2025,Febrero,Domingo,Córdoba,2000,1500,1000,3000,7500,7478
2025-02-02,2025,Febrero,Domingo,La Floresta,2000,1500,1000,2000,6500,6422
2025-02-02,2025,Febrero,Domingo,Los Cedros,2000,1500,1000,3000,7500,7460
2025-02-02,2025,Febrero,Domingo,Palermo,2000,1500,1000,1000,5500,5457
2025-02-02,2025,Febrero,Domingo,Santa Ana,2000,1500,1000,5000,9500,9691
2025-02-03,2025,Febrero,Lunes,Córdoba,2000,1500,2000,3000,8500,8308
2025-02-03,2025,Febrero,Lunes,La Floresta,2000,1500,2000,2000,7500,7374
2025-02-03,2025,Febrero,Lunes,Los Cedros,2000,1500,2000,3000,8500,8433
2025-02-03,2025,Febrero,Lunes,Palermo,2000,1500,2000,1000,6500,6508
2025-02-03,2025,Febrero,Lunes,Santa Ana,2000,1500,2000,5000,10500,10502
2025-02-04,2025,Febrero,Martes,Córdoba,2000,1500,3000,3000,9500,9456
2025-02-04,2025,Febrero,Martes,La Floresta,2000,1500,3000,2000,8500,8550
2025-02-04,2025,Febrero,Martes,Los Cedros,2000,1500,3000,3000,9500,9489
2025-02-04,2025,Febrero,Martes,Palermo,2000,1500,3000,1000,7500,7455
2025-02-04,2025,Febrero,Martes,Santa Ana,2000,1500,3000,5000,11500,11444
2025-02-05,2025,Febrero,Miércoles,Córdoba,2000,1500,3500,3000,10000,9988
2025-02-05,2025,Febrero,Miércoles,La Floresta,2000,1500,3500,2000,9000,9017
2025-02-05,2025,Febrero,Miércoles,Los Cedros,2000,1500,3500,3000,10000,9932
2025-02-05,2025,Febrero,Miércoles,Palermo,2000,1500,3500,1000,8000,7841
2025-02-05,2025,Febrero,Miércoles,Santa Ana,2000,1500,3500,5000,12000,11890
2025-02-06,2025,Febrero,Jueves,Córdoba,2000,1500,3000,3000,9500,9583
2025-02-06,2025,Febrero,Jueves,La Floresta,2000,1500,3000,2000,8500,8324
2025-02-06,2025,Febrero,Jueves,Los Cedros,2000,1500,3000,3000,9500,9372
2025-02-06,2025,Febrero,Jueves,Palermo,2000,1500,3000,1000,7500,7574
2025-02-06,2025,Febrero,Jueves,Santa Ana,2000,1500,3000,5000,11500,11530
2025-02-07,2025,Febrero,Viernes,Córdoba,2000,1500,2000,3000,8500,8501
2025-02-07,2025,Febrero,Viernes,La Floresta,2000,1500,2000,2000,7500,7574
2025-02-07,2025,Febrero,Viernes,Los Cedros,2000,1500,2000,3000,8500,8429
2025-02-07,2025,Febrero,Viernes,Palermo,2000,1500,2000,1000,6500,6570
2025-02-07,2025,Febrero,Viernes,Santa Ana,2000,1500,2000,5000,10500,10371
2025-02-08,2025,Febrero,Sábado,Córdoba,2000,1500,1000,3000,7500,7421
2025-02-08,2025,Febrero,Sábado,La Floresta,2000,1500,1000,2000,6500,6405
2025-02-08,2025,Febrero,Sábado,Los Cedros,2000,1500,1000,3000,7500,7404
2025-02-08,2025,Febrero,Sábado,Palermo,2000,1500,1000,1000,5500,5450
2025-02-08,2025,Febrero,Sábado,Santa Ana,2000,1500,1000,5000,9500,9590
2025-02-09,2025,Febrero,Domingo,Córdoba,2000,1500,1000,3000,7500,7416
2025-02-09,2025,Febrero,Domingo,La Floresta,2000,1500,1000,2000,6500,6395
2025-02-09,2025,Febrero,Domingo,Los Cedros,2000,1500,1000,3000,7500,7556
2025-02-09,2025,Febrero,Domingo,Palermo,2000,1500,1000,1000,5500,5566
2025-02-09,2025,Febrero,Domingo,Santa Ana,2000,1500,1000,5000,9500,9494
2025-02-10,2025,Febrero,Lunes,Córdoba,2000,1500,2000,3000,8500,8378
2025-02-10,2025,Febrero,Lunes,La Floresta,2000,1500,2000,2000,7500,7583
2025-02-10,2025,Febrero,Lunes,Los Cedros,2000,1500,2000,3000,8500,8563
2025-02-10,2025,Febrero,Lunes,Palermo,2000,1500,2000,1000,6500,6501
2025-02-10,2025,Febrero,Lunes,Santa Ana,2000,1500,2000,5000,10500,10509
2025-02-11,2025,Febrero,Martes,Córdoba,2000,1500,3000,3000,9500,9587
2025-02-11,2025,Febrero,Martes,La Floresta,2000,1500,3000,2000,8500,8468
2025-02-11,2025,Febrero,Martes,Los Cedros,2000,1500,3000,3000,9500,9579
2025-02-11,2025,Febrero,Martes,Palermo,2000,1500,3000,1000,7500,7509
2025-02-11,2025,Febrero,Martes,Santa Ana,2000,1500,3000,5000,11500,11408
2025-02-12,2025,Febrero,Miércoles,Córdoba,2000,1500,3500,3000,10000,10067
2025-02-12,2025,Febrero,Miércoles,La Floresta,2000,1500,3500,2000,9000,9018
2025-02-12,2025,Febrero,Miércoles,Los Cedros,2000,1500,3500,3000,10000,10057
2025-02-12,2025,Febrero,Miércoles,Palermo,2000,1500,3500,1000,8000,8077
2025-02-12,2025,Febrero,Miércoles,Santa Ana,2000,1500,3500,5000,12000,11882
2025-02-13,2025,Febrero,Jueves,Córdoba,2000,1500,3000,3000,9500,9526
2025-02-13,2025,Febrero,Jueves,La Floresta,2000,1500,3000,2000,8500,8385
2025-02-13,2025,Febrero,Jueves,Los Cedros,2000,1500,3000,3000,9500,9433
2025-02-13,2025,Febrero,Jueves,Palermo,2000,1500,3000,1000,7500,7473
2025-02-13,2025,Febrero,Jueves,Santa Ana,2000,1500,3000,5000,11500,11597
2025-02-14,2025,Febrero,Viernes,Córdoba,2000,1500,2000,3000,8500,8548
2025-02-14,2025,Febrero,Viernes,La Floresta,2000,1500,2000,2000,7500,7475
2025-02-14,2025,Febrero,Viernes,Los Cedros,2000,1500,2000,3000,8500,8517
2025-02-14,2025,Febrero,Viernes,Palermo,2000,1500,2000,1000,6500,6380
2025-02-14,2025,Febrero,Viernes,Santa Ana,2000,1500,2000,5000,10500,10429
2025-02-15,2025,Febrero,Sábado,Córdoba,2000,1500,1000,3000,7500,7719
2025-02-15,2025,Febrero,Sábado,La Floresta,2000,1500,1000,2000,6500,6488
2025-02-15,2025,Febrero,Sábado,Los Cedros,2000,1500,1000,3000,7500,7610
2025-02-15,2025,Febrero,Sábado,Palermo,2000,1500,1000,1000,5500,5520
2025-02-15,2025,Febrero,Sábado,Santa Ana,2000,1500,1000,5000,9500,9550
2025-02-16,2025,Febrero,Domingo,Córdoba,2000,1500,1000,3000,7500,7457
2025-02-16,2025,Febrero,Domingo,La Floresta,2000,1500,1000,2000,6500,6527
2025-02-16,2025,Febrero,Domingo,Los Cedros,2000,1500,1000,3000,7500,7457
2025-02-16,2025,Febrero,Domingo,Palermo,2000,1500,1000,1000,5500,5604
2025-02-16,2025,Febrero,Domingo,Santa Ana,2000,1500,1000,5000,9500,9566
2025-02-17,2025,Febrero,Lunes,Córdoba,2000,1500,2000,3000,8500,8379
2025-02-17,2025,Febrero,Lunes,La Floresta,2000,1500,2000,2000,7500,7494
2025-02-17,2025,Febrero,Lunes,Los Cedros,2000,1500,2000,3000,8500,8384
2025-02-17,2025,Febrero,Lunes,Palermo,2000,1500,2000,1000,6500,6416
2025-02-17,2025,Febrero,Lunes,Santa Ana,2000,1500,2000,5000,10500,10517
2025-02-18,2025,Febrero,Martes,Córdoba,2000,1500,3000,3000,9500,9622
2025-02-18,2025,Febrero,Martes,La Floresta,2000,1500,3000,2000,8500,8648
2025-02-18,2025,Febrero,Martes,Los Cedros,2000,1500,3000,3000,9500,9524
2025-02-18,2025,Febrero,Martes,Palermo,2000,1500,3000,1000,7500,7694
2025-02-18,2025,Febrero,Martes,Santa Ana,2000,1500,3000,5000,11500,11594
2025-02-19,2025,Febrero,Miércoles,Córdoba,2000,1500,3500,3000,10000,9804
2025-02-19,2025,Febrero,Miércoles,La Floresta,2000,1500,3500,2000,9000,8968
2025-02-19,2025,Febrero,Miércoles,Los Cedros,2000,1500,3500,3000,10000,10040
2025-02-19,2025,Febrero,Miércoles,Palermo,2000,1500,3500,1000,8000,8121
2025-02-19,2025,Febrero,Miércoles,Santa Ana,2000,1500,3500,5000,12000,12093
2025-02-20,2025,Febrero,Jueves,Córdoba,2000,1500,3000,3000,9500,9399
2025-02-20,2025,Febrero,Jueves,La Floresta,2000,1500,3000,2000,8500,8471
2025-02-20,2025,Febrero,Jueves,Los Cedros,2000,1500,3000,3000,9500,9542
2025-02-20,2025,Febrero,Jueves,Palermo,2000,1500,3000,1000,7500,7408
2025-02-20,2025,Febrero,Jueves,Santa Ana,2000,1500,3000,5000,11500,11327
2025-02-21,2025,Febrero,Viernes,Córdoba,2000,1500,2000,3000,8500,8384
2025-02-21,2025,Febrero,Viernes,La Floresta,2000,1500,2000,2000,7500,7575
2025-02-21,2025,Febrero,Viernes,Los Cedros,2000,1500,2000,3000,8500,8591
2025-02-21,2025,Febrero,Viernes,Palermo,2000,1500,2000,1000,6500,6475
2025-02-21,2025,Febrero,Viernes,Santa Ana,2000,1500,2000,5000,10500,10378
2025-02-22,2025,Febrero,Sábado,Córdoba,2000,1500,1000,3000,7500,7604
2025-02-22,2025,Febrero,Sábado,La Floresta,2000,1500,1000,2000,6500,6611
2025-02-22,2025,Febrero,Sábado,Los Cedros,2000,1500,1000,3000,7500,7435
2025-02-22,2025,Febrero,Sábado,Palermo,2000,1500,1000,1000,5500,5434
2025-02-22,2025,Febrero,Sábado,Santa Ana,2000,1500,1000,5000,9500,9513
2025-02-23,2025,Febrero,Domingo,Córdoba,2000,1500,1000,3000,7500,7618
2025-02-23,2025,Febrero,Domingo,La Floresta,2000,1500,1000,2000,6500,6370
2025-02-23,2025,Febrero,Domingo,Los Cedros,2000,1500,1000,3000,7500,7476
2025-02-23,2025,Febrero,Domingo,Palermo,2000,1500,1000,1000,5500,5510
2025-02-23,2025,Febrero,Domingo,Santa Ana,2000,1500,1000,5000,9500,9315
2025-02-24,2025,Febrero,Lunes,Córdoba,2000,1500,2000,3000,8500,8285
2025-02-24,2025,Febrero,Lunes,La Floresta,2000,1500,2000,2000,7500,7557
2025-02-24,2025,Febrero,Lunes,Los Cedros,2000,1500,2000,3000,8500,8536
2025-02-24,2025,Febrero,Lunes,Palermo,2000,1500,2000,1000,6500,6500
2025-02-24,2025,Febrero,Lunes,Santa Ana,2000,1500,2000,5000,10500,10390
2025-02-25,2025,Febrero,Martes,Córdoba,2000,1500,3000,3000,9500,9422
2025-02-25,2025,Febrero,Martes,La Floresta,2000,1500,3000,2000,8500,8581
2025-02-25,2025,Febrero,Martes,Los Cedros,2000,1500,3000,3000,9500,9575
2025-02-25,2025,Febrero,Martes,Palermo,2000,1500,3000,1000,7500,7474
2025-02-25,2025,Febrero,Martes,Santa Ana,2000,1500,3000,5000,11500,11592
2025-02-26,2025,Febrero,Miércoles,Córdoba,2000,1500,3500,3000,10000,9973
2025-02-26,2025,Febrero,Miércoles,La Floresta,2000,1500,3500,2000,9000,8905
2025-02-26,2025,Febrero,Miércoles,Los Cedros,2000,1500,3500,3000,10000,10088
2025-02-26,2025,Febrero,Miércoles,Palermo,2000,1500,3500,1000,8000,8197
2025-02-26,2025,Febrero,Miércoles,Santa Ana,2000,1500,3500,5000,12000,11942
2025-02-27,2025,Febrero,Jueves,Córdoba,2000,1500,3000,3000,9500,9510
2025-02-27,2025,Febrero,Jueves,La Floresta,2000,1500,3000,2000,8500,8465
2025-02-27,2025,Febrero,Jueves,Los Cedros,2000,1500,3000,3000,9500,9534
2025-02-27,2025,Febrero,Jueves,Palermo,2000,1500,3000,1000,7500,7483
2025-02-27,2025,Febrero,Jueves,Santa Ana,2000,1500,3000,5000,11500,11483
2025-02-28,2025,Febrero,Viernes,Córdoba,2000,1500,2000,3000,8500,8529
2025-02-28,2025,Febrero,Viernes,La Floresta,2000,1500,2000,2000,7500,7478
2025-02-28,2025,Febrero,Viernes,Los Cedros,2000,1500,2000,3000,8500,8484
2025-02-28,2025,Febrero,Viernes,Palermo,2000,1500,2000,1000,6500,6472
2025-02-28,2025,Febrero,Viernes,Santa Ana,2000,1500,2000,5000,10500,10631
2025-03-01,2025,Marzo,Sábado,Córdoba,2000,2000,1000,3000,8000,8080
2025-03-01,2025,Marzo,Sábado,La Floresta,2000,2000,1000,2000,7000,6985
2025-03-01,2025,Marzo,Sábado,Los Cedros,2000,2000,1000,3000,8000,7889
2025-03-01,2025,Marzo,Sábado,Palermo,2000,2000,1000,1000,6000,5855
2025-03-01,2025,Marzo,Sábado,Santa Ana,2000,2000,1000,5000,10000,9912
2025-03-02,2025,Marzo,Domingo,Córdoba,2000,2000,1000,3000,8000,7994
2025-03-02,2025,Marzo,Domingo,La Floresta,2000,2000,1000,2000,7000,6988
2025-03-02,2025,Marzo,Domingo,Los Cedros,2000,2000,1000,3000,8000,7946
2025-03-02,2025,Marzo,Domingo,Palermo,2000,2000,1000,1000,6000,5961
2025-03-02,2025,Marzo,Domingo,Santa Ana,2000,2000,1000,5000,10000,9782
2025-03-03,2025,Marzo,Lunes,Córdoba,2000,2000,2000,3000,9000,9001
2025-03-03,2025,Marzo,Lunes,La Floresta,2000,2000,2000,2000,8000,7930
2025-03-03,2025,Marzo,Lunes,Los Cedros,2000,2000,2000,3000,9000,9058
2025-03-03,2025,Marzo,Lunes,Palermo,2000,2000,2000,1000,7000,6968
2025-03-03,2025,Marzo,Lunes,Santa Ana,2000,2000,2000,5000,11000,11053
2025-03-04,2025,Marzo,Martes,Córdoba,2000,2000,3000,3000,10000,10065
2025-03-04,2025,Marzo,Martes,La Floresta,2000,2000,3000,2000,9000,9120
2025-03-04,2025,Marzo,Martes,Los Cedros,2000,2000,3000,3000,10000,10107
2025-03-04,2025,Marzo,Martes,Palermo,2000,2000,3000,1000,8000,7946
2025-03-04,2025,Marzo,Martes,Santa Ana,2000,2000,3000,5000,12000,12180
2025-03-05,2025,Marzo,Miércoles,Córdoba,2000,2000,3500,3000,10500,10374
2025-03-05,2025,Marzo,Miércoles,La Floresta,2000,2000,3500,2000,9500,9539
2025-03-05,2025,Marzo,Miércoles,Los Cedros,2000,2000,3500,3000,10500,10528
2025-03-05,2025,Marzo,Miércoles,Palermo,2000,2000,3500,1000,8500,8627
2025-03-05,2025,Marzo,Miércoles,Santa Ana,2000,2000,3500,5000,12500,12510
2025-03-06,2025,Marzo,Jueves,Córdoba,2000,2000,3000,3000,10000,9863
2025-03-06,2025,Marzo,Jueves,La Floresta,2000,2000,3000,2000,9000,9105
2025-03-06,2025,Marzo,Jueves,Los Cedros,2000,2000,3000,3000,10000,10132
2025-03-06,2025,Marzo,Jueves,Palermo,2000,2000,3000,1000,8000,7997
2025-03-06,2025,Marzo,Jueves,Santa Ana,2000,2000,3000,5000,12000,11978
2025-03-07,2025,Marzo,Viernes,Córdoba,2000,2000,2000,3000,9000,9059
2025-03-07,2025,Marzo,Viernes,La Floresta,2000,2000,2000,2000,8000,7987
2025-03-07,2025,Marzo,Viernes,Los Cedros,2000,2000,2000,3000,9000,9136
2025-03-07,2025,Marzo,Viernes,Palermo,2000,2000,2000,1000,7000,7036
2025-03-07,2025,Marzo,Viernes,Santa Ana,2000,2000,2000,5000,11000,11061
2025-03-08,2025,Marzo,Sábado,Córdoba,2000,2000,1000,3000,8000,7974
2025-03-08,2025,Marzo,Sábado,La Floresta,2000,2000,1000,2000,7000,7056
2025-03-08,2025,Marzo,Sábado,Los Cedros,2000,2000,1000,3000,8000,8071
2025-03-08,2025,Marzo,Sábado,Palermo,2000,2000,1000,1000,6000,5963
2025-03-08,2025,Marzo,Sábado,Santa Ana,2000,2000,1000,5000,10000,10160
2025-03-09,2025,Marzo,Domingo,Córdoba,2000,2000,1000,3000,8000,7965
2025-03-09,2025,Marzo,Domingo,La Floresta,2000,2000,1000,2000,7000,7127
2025-03-09,2025,Marzo,Domingo,Los Cedros,2000,2000,1000,3000,8000,7964
2025-03-09,2025,Marzo,Domingo,Palermo,2000,2000,1000,1000,6000,5889
2025-03-09,2025,Marzo,Domingo,Santa Ana,2000,2000,1000,5000,10000,9989
2025-03-10,2025,Marzo,Lunes,Córdoba,2000,2000,2000,3000,9000,9105
2025-03-10,2025,Marzo,Lunes,La Floresta,2000,2000,2000,2000,8000,7937
2025-03-10,2025,Marzo,Lunes,Los Cedros,2000,2000,2000,3000,9000,8846
2025-03-10,2025,Marzo,Lunes,Palermo,2000,2000,2000,1000,7000,7144
2025-03-10,2025,Marzo,Lunes,Santa Ana,2000,2000,2000,5000,11000,10940
2025-03-11,2025,Marzo,Martes,Córdoba,2000,2000,3000,3000,10000,10051
2025-03-11,2025,Marzo,Martes,La Floresta,2000,2000,3000,2000,9000,8994
2025-03-11,2025,Marzo,Martes,Los Cedros,2000,2000,3000,3000,10000,9903
2025-03-11,2025,Marzo,Martes,Palermo,2000,2000,3000,1000,8000,7963
2025-03-11,2025,Marzo,Martes,Santa Ana,2000,2000,3000,5000,12000,12133
2025-03-12,2025,Marzo,Miércoles,Córdoba,2000,2000,3500,3000,10500,10490
2025-03-12,2025,Marzo,Miércoles,La Floresta,2000,2000,3500,2000,9500,9546
2025-03-12,2025,Marzo,Miércoles,Los Cedros,2000,2000,3500,3000,10500,10575
2025-03-12,2025,Marzo,Miércoles,Palermo,2000,2000,3500,1000,8500,8595
2025-03-12,2025,Marzo,Miércoles,Santa Ana,2000,2000,3500,5000,12500,12401
2025-03-13,2025,Marzo,Jueves,Córdoba,2000,2000,3000,3000,10000,9871
2025-03-13,2025,Marzo,Jueves,La Floresta,2000,2000,3000,2000,9000,8933
2025-03-13,2025,Marzo,Jueves,Los Cedros,2000,2000,3000,3000,10000,10007
2025-03-13,2025,Marzo,Jueves,Palermo,2000,2000,3000,1000,8000,8042
2025-03-13,2025,Marzo,Jueves,Santa Ana,2000,2000,3000,5000,12000,11849
2025-03-14,2025,Marzo,Viernes,Córdoba,2000,2000,2000,3000,9000,8995
2025-03-14,2025,Marzo,Viernes,La Floresta,2000,2000,2000,2000,8000,7990
2025-03-14,2025,Marzo,Viernes,Los Cedros,2000,2000,2000,3000,9000,9015
2025-03-14,2025,Marzo,Viernes,Palermo,2000,2000,2000,1000,7000,6954
2025-03-14,2025,Marzo,Viernes,Santa Ana,2000,2000,2000,5000,11000,10910
2025-03-15,2025,Marzo,Sábado,Córdoba,2000,2000,1000,3000,8000,7983
2025-03-15,2025,Marzo,Sábado,La Floresta,2000,2000,1000,2000,7000,6921
2025-03-15,2025,Marzo,Sábado,Los Cedros,2000,2000,1000,3000,8000,8089
2025-03-15,2025,Marzo,Sábado,Palermo,2000,2000,1000,1000,6000,5999
2025-03-15,2025,Marzo,Sábado,Santa Ana,2000,2000,1000,5000,10000,10069
2025-03-16,2025,Marzo,Domingo,Córdoba,2000,2000,1000,3000,8000,7934
2025-03-16,2025,Marzo,Domingo,La Floresta,2000,2000,1000,2000,7000,7028
2025-03-16,2025,Marzo,Domingo,Los Cedros,2000,2000,1000,3000,8000,8028
2025-03-16,2025,Marzo,Domingo,Palermo,2000,2000,1000,1000,6000,6101
2025-03-16,2025,Marzo,Domingo,Santa Ana,2000,2000,1000,5000,10000,9885
2025-03-17,2025,Marzo,Lunes,Córdoba,2000,2000,2000,3000,9000,8949
2025-03-17,2025,Marzo,Lunes,La Floresta,2000,2000,2000,2000,8000,7859
2025-03-17,2025,Marzo,Lunes,Los Cedros,2000,2000,2000,3000,9000,8978
2025-03-17,2025,Marzo,Lunes,Palermo,2000,2000,2000,1000,7000,6999
2025-03-17,2025,Marzo,Lunes,Santa Ana,2000,2000,2000,5000,11000,10932
2025-03-18,2025,Marzo,Martes,Córdoba,2000,2000,3000,3000,10000,9962
2025-03-18,2025,Marzo,Martes,La Floresta,2000,2000,3000,2000,9000,8920
2025-03-18,2025,Marzo,Martes,Los Cedros,2000,2000,3000,3000,10000,9773
2025-03-18,2025,Marzo,Martes,Palermo,2000,2000,3000,1000,8000,7928
2025-03-18,2025,Marzo,Martes,Santa Ana,2000,2000,3000,5000,12000,11980
2025-03-19,2025,Marzo,Miércoles,Córdoba,2000,2000,3500,3000,10500,10415
2025-03-19,2025,Marzo,Miércoles,La Floresta,2000,2000,3500,2000,9500,9506
2025-03-19,2025,Marzo,Miércoles,Los Cedros,2000,2000,3500,3000,10500,10491
2025-03-19,2025,Marzo,Miércoles,Palermo,2000,2000,3500,1000,8500,8490
2025-03-19,2025,Marzo,Miércoles,Santa Ana,2000,2000,3500,5000,12500,12450
2025-03-20,2025,Marzo,Jueves,Córdoba,2000,2000,3000,3000,10000,9888
2025-03-20,2025,Marzo,Jueves,La Floresta,2000,2000,3000,2000,9000,9050
2025-03-20,2025,Marzo,Jueves,Los Cedros,2000,2000,3000,3000,10000,9997
2025-03-20,2025,Marzo,Jueves,Palermo,2000,2000,3000,1000,8000,8029
2025-03-20,2025,Marzo,Jueves,Santa Ana,2000,2000,3000,5000,12000,11944
2025-03-21,2025,Marzo,Viernes,Córdoba,2000,2000,2000,3000,9000,8973
2025-03-21,2025,Marzo,Viernes,La Floresta,2000,2000,2000,2000,8000,7997
2025-03-21,2025,Marzo,Viernes,Los Cedros,2000,2000,2000,3000,9000,9080
2025-03-21,2025,Marzo,Viernes,Palermo,2000,2000,2000,1000,7000,6983
2025-03-21,2025,Marzo,Viernes,Santa Ana,2000,2000,2000,5000,11000,10887
2025-03-22,2025,Marzo,Sábado,Córdoba,2000,2000,1000,3000,8000,7997
2025-03-22,2025,Marzo,Sábado,La Floresta,2000,2000,1000,2000,7000,7065
2025-03-22,2025,Marzo,Sábado,Los Cedros,2000,2000,1000,3000,8000,7991
2025-03-22,2025,Marzo,Sábado,Palermo,2000,2000,1000,1000,6000,6004
2025-03-22,2025,Marzo,Sábado,Santa Ana,2000,2000,1000,5000,10000,10075
2025-03-23,2025,Marzo,Domingo,Córdoba,2000,2000,1000,3000,8000,7931
2025-03-23,2025,Marzo,Domingo,La Floresta,2000,2000,1000,2000,7000,6949
2025-03-23,2025,Marzo,Domingo,Los Cedros,2000,2000,1000,3000,8000,7987
2025-03-23,2025,Marzo,Domingo,Palermo,2000,2000,1000,1000,6000,6028
2025-03-23,2025,Marzo,Domingo,Santa Ana,2000,2000,1000,5000,10000,10018
2025-03-24,2025,Marzo,Lunes,Córdoba,2000,2000,2000,3000,9000,9083
2025-03-24,2025,Marzo,Lunes,La Floresta,2000,2000,2000,2000,8000,7887
2025-03-24,2025,Marzo,Lunes,Los Cedros,2000,2000,2000,3000,9000,9084
2025-03-24,2025,Marzo,Lunes,Palermo,2000,2000,2000,1000,7000,6959
2025-03-24,2025,Marzo,Lunes,Santa Ana,2000,2000,2000,5000,11000,11226
2025-03-25,2025,Marzo,Martes,Córdoba,2000,2000,3000,3000,10000,9939
2025-03-25,2025,Marzo,Martes,La Floresta,2000,2000,3000,2000,9000,9026
2025-03-25,2025,Marzo,Martes,Los Cedros,2000,2000,3000,3000,10000,9861
2025-03-25,2025,Marzo,Martes,Palermo,2000,2000,3000,1000,8000,7964
2025-03-25,2025,Marzo,Martes,Santa Ana,2000,2000,3000,5000,12000,11789
2025-03-26,2025,Marzo,Miércoles,Córdoba,2000,2000,3500,3000,10500,10562
2025-03-26,2025,Marzo,Miércoles,La Floresta,2000,2000,3500,2000,9500,9492
2025-03-26,2025,Marzo,Miércoles,Los Cedros,2000,2000,3500,3000,10500,10536
2025-03-26,2025,Marzo,Miércoles,Palermo,2000,2000,3500,1000,8500,8427
2025-03-26,2025,Marzo,Miércoles,Santa Ana,2000,2000,3500,5000,12500,12459
2025-03-27,2025,Marzo,Jueves,Córdoba,2000,2000,3000,3000,10000,9882
2025-03-27,2025,Marzo,Jueves,La Floresta,2000,2000,3000,2000,9000,9010
2025-03-27,2025,Marzo,Jueves,Los Cedros,2000,2000,3000,3000,10000,9969
2025-03-27,2025,Marzo,Jueves,Palermo,2000,2000,3000,1000,8000,8054
2025-03-27,2025,Marzo,Jueves,Santa Ana,2000,2000,3000,5000,12000,12116
2025-03-28,2025,Marzo,Viernes,Córdoba,2000,2000,2000,3000,9000,9027
2025-03-28,2025,Marzo,Viernes,La Floresta,2000,2000,2000,2000,8000,8142
2025-03-28,2025,Marzo,Viernes,Los Cedros,2000,2000,2000,3000,9000,8815
2025-03-28,2025,Marzo,Viernes,Palermo,2000,2000,2000,1000,7000,7146
2025-03-28,2025,Marzo,Viernes,Santa Ana,2000,2000,2000,5000,11000,10991
2025-03-29,2025,Marzo,Sábado,Córdoba,2000,2000,1000,3000,8000,8117
2025-03-29,2025,Marzo,Sábado,La Floresta,2000,2000,1000,2000,7000,6954
2025-03-29,2025,Marzo,Sábado,Los Cedros,2000,2000,1000,3000,8000,7994
2025-03-29,2025,Marzo,Sábado,Palermo,2000,2000,1000,1000,6000,5997
2025-03-29,2025,Marzo,Sábado,Santa Ana,2000,2000,1000,5000,10000,10121
2025-03-30,2025,Marzo,Domingo,Córdoba,2000,2000,1000,3000,8000,7865
2025-03-30,2025,Marzo,Domingo,La Floresta,2000,2000,1000,2000,7000,6977
2025-03-30,2025,Marzo,Domingo,Los Cedros,2000,2000,1000,3000,8000,8054
2025-03-30,2025,Marzo,Domingo,Palermo,2000,2000,1000,1000,6000,5912
2025-03-30,2025,Marzo,Domingo,Santa Ana,2000,2000,1000,5000,10000,9973
2025-03-31,2025,Marzo,Lunes,Córdoba,2000,2000,2000,3000,9000,8957
2025-03-31,2025,Marzo,Lunes,La Floresta,2000,2000,2000,2000,8000,8081
2025-03-31,2025,Marzo,Lunes,Los Cedros,2000,2000,2000,3000,9000,8926
2025-03-31,2025,Marzo,Lunes,Palermo,2000,2000,2000,1000,7000,7096
2025-03-31,2025,Marzo,Lunes,Santa Ana,2000,2000,2000,5000,11000,11046
2025-04-01,2025,Abril,Martes,Córdoba,2000,2000,3000,3000,10000,10073
2025-04-01,2025,Abril,Martes,La Floresta,2000,2000,3000,2000,9000,8929
2025-04-01,2025,Abril,Martes,Los Cedros,2000,2000,3000,3000,10000,10141
2025-04-01,2025,Abril,Martes,Palermo,2000,2000,3000,1000,8000,8077
2025-04-01,2025,Abril,Martes,Santa Ana,2000,2000,3000,5000,12000,11907
2025-04-02,2025,Abril,Miércoles,Córdoba,2000,2000,3500,3000,10500,10536
2025-04-02,2025,Abril,Miércoles,La Floresta,2000,2000,3500,2000,9500,9492
2025-04-02,2025,Abril,Miércoles,Los Cedros,2000,2000,3500,3000,10500,10506
2025-04-02,2025,Abril,Miércoles,Palermo,2000,2000,3500,1000,8500,8294
2025-04-02,2025,Abril,Miércoles,Santa Ana,2000,2000,3500,5000,12500,12359
2025-04-03,2025,Abril,Jueves,Córdoba,2000,2000,3000,3000,10000,9783
2025-04-03,2025,Abril,Jueves,La Floresta,2000,2000,3000,2000,9000,9043
2025-04-03,2025,Abril,Jueves,Los Cedros,2000,2000,3000,3000,10000,9977
2025-04-03,2025,Abril,Jueves,Palermo,2000,2000,3000,1000,8000,8020
2025-04-03,2025,Abril,Jueves,Santa Ana,2000,2000,3000,5000,12000,11962
2025-04-04,2025,Abril,Viernes,Córdoba,2000,2000,2000,3000,9000,9081
2025-04-04,2025,Abril,Viernes,La Floresta,2000,2000,2000,2000,8000,8033
2025-04-04,2025,Abril,Viernes,Los Cedros,2000,2000,2000,3000,9000,8973
2025-04-04,2025,Abril,Viernes,Palermo,2000,2000,2000,1000,7000,7049
2025-04-04,2025,Abril,Viernes,Santa Ana,2000,2000,2000,5000,11000,11116
2025-04-05,2025,Abril,Sábado,Córdoba,2000,2000,1000,3000,8000,8034
2025-04-05,2025,Abril,Sábado,La Floresta,2000,2000,1000,2000,7000,7046
2025-04-05,2025,Abril,Sábado,Los Cedros,2000,2000,1000,3000,8000,8027
2025-04-05,2025,Abril,Sábado,Palermo,2000,2000,1000,1000,6000,5949
2025-04-05,2025,Abril,Sábado,Santa Ana,2000,2000,1000,5000,10000,9956
2025-04-06,2025,Abril,Domingo,Córdoba,2000,2000,1000,3000,8000,8019
2025-04-06,2025,Abril,Domingo,La Floresta,2000,2000,1000,2000,7000,7050
2025-04-06,2025,Abril,Domingo,Los Cedros,2000,2000,1000,3000,8000,8073
2025-04-06,2025,Abril,Domingo,Palermo,2000,2000,1000,1000,6000,6110
2025-04-06,2025,Abril,Domingo,Santa Ana,2000,2000,1000,5000,10000,10081
2025-04-07,2025,Abril,Lunes,Córdoba,2000,2000,2000,3000,9000,9134
2025-04-07,2025,Abril,Lunes,La Floresta,2000,2000,2000,2000,8000,7991
2025-04-07,2025,Abril,Lunes,Los Cedros,2000,2000,2000,3000,9000,8998
2025-04-07,2025,Abril,Lunes,Palermo,2000,2000,2000,1000,7000,6995
2025-04-07,2025,Abril,Lunes,Santa Ana,2000,2000,2000,5000,11000,10950
2025-04-08,2025,Abril,Martes,Córdoba,2000,2000,3000,3000,10000,10018
2025-04-08,2025,Abril,Martes,La Floresta,2000,2000,3000,2000,9000,9035
2025-04-08,2025,Abril,Martes,Los Cedros,2000,2000,3000,3000,10000,10015
2025-04-08,2025,Abril,Martes,Palermo,2000,2000,3000,1000,8000,8065
2025-04-08,2025,Abril,Martes,Santa Ana,2000,2000,3000,5000,12000,11913
2025-04-09,2025,Abril,Miércoles,Córdoba,2000,2000,3500,3000,10500,10497
2025-04-09,2025,Abril,Miércoles,La Floresta,2000,2000,3500,2000,9500,9547
2025-04-09,2025,Abril,Miércoles,Los Cedros,2000,2000,3500,3000,10500,10507
2025-04-09,2025,Abril,Miércoles,Palermo,2000,2000,3500,1000,8500,8557
2025-04-09,2025,Abril,Miércoles,Santa Ana,2000,2000,3500,5000,12500,12599
2025-04-10,2025,Abril,Jueves,Córdoba,2000,2000,3000,3000,10000,10008
2025-04-10,2025,Abril,Jueves,La Floresta,2000,2000,3000,2000,9000,8956
2025-04-10,2025,Abril,Jueves,Los Cedros,2000,2000,3000,3000,10000,10124
2025-04-10,2025,Abril,Jueves,Palermo,2000,2000,3000,1000,8000,7975
2025-04-10,2025,Abril,Jueves,Santa Ana,2000,2000,3000,5000,12000,12065
2025-04-11,2025,Abril,Viernes,Córdoba,2000,2000,2000,3000,9000,9053
2025-04-11,2025,Abril,Viernes,La Floresta,2000,2000,2000,2000,8000,8017
2025-04-11,2025,Abril,Viernes,Los Cedros,2000,2000,2000,3000,9000,9028
2025-04-11,2025,Abril,Viernes,Palermo,2000,2000,2000,1000,7000,6896
2025-04-11,2025,Abril,Viernes,Santa Ana,2000,2000,2000,5000,11000,10776
2025-04-12,2025,Abril,Sábado,Córdoba,2000,2000,1000,3000,8000,8004
2025-04-12,2025,Abril,Sábado,La Floresta,2000,2000,1000,2000,7000,7020
2025-04-12,2025,Abril,Sábado,Los Cedros,2000,2000,1000,3000,8000,8075
2025-04-12,2025,Abril,Sábado,Palermo,2000,2000,1000,1000,6000,5949
2025-04-12,2025,Abril,Sábado,Santa Ana,2000,2000,1000,5000,10000,9999
2025-04-13,2025,Abril,Domingo,Córdoba,2000,2000,1000,3000,8000,7931
2025-04-13,2025,Abril,Domingo,La Floresta,2000,2000,1000,2000,7000,7051
2025-04-13,2025,Abril,Domingo,Los Cedros,2000,2000,1000,3000,8000,8056
2025-04-13,2025,Abril,Domingo,Palermo,2000,2000,1000,1000,6000,6009
2025-04-13,2025,Abril,Domingo,Santa Ana,2000,2000,1000,5000,10000,10018
2025-04-14,2025,Abril,Lunes,Córdoba,2000,2000,2000,3000,9000,9023
2025-04-14,2025,Abril,Lunes,La Floresta,2000,2000,2000,2000,8000,8085
2025-04-14,2025,Abril,Lunes,Los Cedros,2000,2000,2000,3000,9000,9009
2025-04-14,2025,Abril,Lunes,Palermo,2000,2000,2000,1000,7000,6922
2025-04-14,2025,Abril,Lunes,Santa Ana,2000,2000,2000,5000,11000,11218
2025-04-15,2025,Abril,Martes,Córdoba,2000,2000,3000,3000,10000,10050
2025-04-15,2025,Abril,Martes,La Floresta,2000,2000,3000,2000,9000,8936
2025-04-15,2025,Abril,Martes,Los Cedros,2000,2000,3000,3000,10000,9906
2025-04-15,2025,Abril,Martes,Palermo,2000,2000,3000,1000,8000,8014
2025-04-15,2025,Abril,Martes,Santa Ana,2000,2000,3000,5000,12000,12147
2025-04-16,2025,Abril,Miércoles,Córdoba,2000,2000,3500,3000,10500,10542
2025-04-16,2025,Abril,Miércoles,La Floresta,2000,2000,3500,2000,9500,9513
2025-04-16,2025,Abril,Miércoles,Los Cedros,2000,2000,3500,3000,10500,10446
2025-04-16,2025,Abril,Miércoles,Palermo,2000,2000,3500,1000,8500,8570
2025-04-16,2025,Abril,Miércoles,Santa Ana,2000,2000,3500,5000,12500,12456
2025-04-17,2025,Abril,Jueves,Córdoba,2000,2000,3000,3000,10000,10056
2025-04-17,2025,Abril,Jueves,La Floresta,2000,2000,3000,2000,9000,9132
2025-04-17,2025,Abril,Jueves,Los Cedros,2000,2000,3000,3000,10000,9830
2025-04-17,2025,Abril,Jueves,Palermo,2000,2000,3000,1000,8000,7842
2025-04-17,2025,Abril,Jueves,Santa Ana,2000,2000,3000,5000,12000,11968
2025-04-18,2025,Abril,Viernes,Córdoba,2000,2000,2000,3000,9000,9025
2025-04-18,2025,Abril,Viernes,La Floresta,2000,2000,2000,2000,8000,8020
2025-04-18,2025,Abril,Viernes,Los Cedros,2000,2000,2000,3000,9000,9019
2025-04-18,2025,Abril,Viernes,Palermo,2000,2000,2000,1000,7000,7056
2025-04-18,2025,Abril,Viernes,Santa Ana,2000,2000,2000,5000,11000,11040
2025-04-19,2025,Abril,Sábado,Córdoba,2000,2000,1000,3000,8000,7852
2025-04-19,2025,Abril,Sábado,La Floresta,2000,2000,1000,2000,7000,7116
2025-04-19,2025,Abril,Sábado,Los Cedros,2000,2000,1000,3000,8000,7949
2025-04-19,2025,Abril,Sábado,Palermo,2000,2000,1000,1000,6000,6130
2025-04-19,2025,Abril,Sábado,Santa Ana,2000,2000,1000,5000,10000,9924
2025-04-20,2025,Abril,Domingo,Córdoba,2000,2000,1000,3000,8000,8109
2025-04-20,2025,Abril,Domingo,La Floresta,2000,2000,1000,2000,7000,7085
2025-04-20,2025,Abril,Domingo,Los Cedros,2000,2000,1000,3000,8000,8010
2025-04-20,2025,Abril,Domingo,Palermo,2000,2000,1000,1000,6000,6131
2025-04-20,2025,Abril,Domingo,Santa Ana,2000,2000,1000,5000,10000,10002
2025-04-21,2025,Abril,Lunes,Córdoba,2000,2000,2000,3000,9000,9007
2025-04-21,2025,Abril,Lunes,La Floresta,2000,2000,2000,2000,8000,7985
2025-04-21,2025,Abril,Lunes,Los Cedros,2000,2000,2000,3000,9000,9026
2025-04-21,2025,Abril,Lunes,Palermo,2000,2000,2000,1000,7000,7043
2025-04-21,2025,Abril,Lunes,Santa Ana,2000,2000,2000,5000,11000,11064
2025-04-22,2025,Abril,Martes,Córdoba,2000,2000,3000,3000,10000,10006
2025-04-22,2025,Abril,Martes,La Floresta,2000,2000,3000,2000,9000,9035
2025-04-22,2025,Abril,Martes,Los Cedros,2000,2000,3000,3000,10000,9880
2025-04-22,2025,Abril,Martes,Palermo,2000,2000,3000,1000,8000,7965
2025-04-22,2025,Abril,Martes,Santa Ana,2000,2000,3000,5000,12000,12188
2025-04-23,2025,Abril,Miércoles,Córdoba,2000,2000,3500,3000,10500,10318
2025-04-23,2025,Abril,Miércoles,La Floresta,2000,2000,3500,2000,9500,9296
2025-04-23,2025,Abril,Miércoles,Los Cedros,2000,2000,3500,3000,10500,10545
2025-04-23,2025,Abril,Miércoles,Palermo,2000,2000,3500,1000,8500,8428
2025-04-23,2025,Abril,Miércoles,Santa Ana,2000,2000,3500,5000,12500,12557
2025-04-24,2025,Abril,Jueves,Córdoba,2000,2000,3000,3000,10000,9864
2025-04-24,2025,Abril,Jueves,La Floresta,2000,2000,3000,2000,9000,8978
2025-04-24,2025,Abril,Jueves,Los Cedros,2000,2000,3000,3000,10000,9779
2025-04-24,2025,Abril,Jueves,Palermo,2000,2000,3000,1000,8000,7892
2025-04-24,2025,Abril,Jueves,Santa Ana,2000,2000,3000,5000,12000,11851
2025-04-25,2025,Abril,Viernes,Córdoba,2000,2000,2000,3000,9000,9080
2025-04-25,2025,Abril,Viernes,La Floresta,2000,2000,2000,2000,8000,7924
2025-04-25,2025,Abril,Viernes,Los Cedros,2000,2000,2000,3000,9000,9094
2025-04-25,2025,Abril,Viernes,Palermo,2000,2000,2000,1000,7000,6957
2025-04-25,2025,Abril,Viernes,Santa Ana,2000,2000,2000,5000,11000,11066
2025-04-26,2025,Abril,Sábado,Córdoba,2000,2000,1000,3000,8000,8061
2025-04-26,2025,Abril,Sábado,La Floresta,2000,2000,1000,2000,7000,7138
2025-04-26,2025,Abril,Sábado,Los Cedros,2000,2000,1000,3000,8000,7998
2025-04-26,2025,Abril,Sábado,Palermo,2000,2000,1000,1000,6000,5920
2025-04-26,2025,Abril,Sábado,Santa Ana,2000,2000,1000,5000,10000,10067
2025-04-27,2025,Abril,Domingo,Córdoba,2000,2000,1000,3000,8000,8034
2025-04-27,2025,Abril,Domingo,La Floresta,2000,2000,1000,2000,7000,7047
2025-04-27,2025,Abril,Domingo,Los Cedros,2000,2000,1000,3000,8000,8002
2025-04-27,2025,Abril,Domingo,Palermo,2000,2000,1000,1000,6000,6162
2025-04-27,2025,Abril,Domingo,Santa Ana,2000,2000,1000,5000,10000,10008
2025-04-28,2025,Abril,Lunes,Córdoba,2000,2000,2000,3000,9000,9084
2025-04-28,2025,Abril,Lunes,La Floresta,2000,2000,2000,2000,8000,8024
2025-04-28,2025,Abril,Lunes,Los Cedros,2000,2000,2000,3000,9000,8896
2025-04-28,2025,Abril,Lunes,Palermo,2000,2000,2000,1000,7000,7189
2025-04-28,2025,Abril,Lunes,Santa Ana,2000,2000,2000,5000,11000,10767
2025-04-29,2025,Abril,Martes,Córdoba,2000,2000,3000,3000,10000,10020
2025-04-29,2025,Abril,Martes,La Floresta,2000,2000,3000,2000,9000,9213
2025-04-29,2025,Abril,Martes,Los Cedros,2000,2000,3000,3000,10000,9917
2025-04-29,2025,Abril,Martes,Palermo,2000,2000,3000,1000,8000,8037
2025-04-29,2025,Abril,Martes,Santa Ana,2000,2000,3000,5000,12000,11907
2025-04-30,2025,Abril,Miércoles,Córdoba,2000,2000,3500,3000,10500,10479
2025-04-30,2025,Abril,Miércoles,La Floresta,2000,2000,3500,2000,9500,9565
2025-04-30,2025,Abril,Miércoles,Los Cedros,2000,2000,3500,3000,10500,10651
2025-04-30,2025,Abril,Miércoles,Palermo,2000,2000,3500,1000,8500,8616
2025-04-30,2025,Abril,Miércoles,Santa Ana,2000,2000,3500,5000,12500,12535
2025-05-01,2025,Mayo,Jueves,Córdoba,2000,2500,3000,3000,10500,10478
2025-05-01,2025,Mayo,Jueves,La Floresta,2000,2500,3000,2000,9500,9615
2025-05-01,2025,Mayo,Jueves,Los Cedros,2000,2500,3000,3000,10500,10386
2025-05-01,2025,Mayo,Jueves,Palermo,2000,2500,3000,1000,8500,8612
2025-05-01,2025,Mayo,Jueves,Santa Ana,2000,2500,3000,5000,12500,12394
2025-05-02,2025,Mayo,Viernes,Córdoba,2000,2500,2000,3000,9500,9673
2025-05-02,2025,Mayo,Viernes,La Floresta,2000,2500,2000,2000,8500,8463
2025-05-02,2025,Mayo,Viernes,Los Cedros,2000,2500,2000,3000,9500,9431
2025-05-02,2025,Mayo,Viernes,Palermo,2000,2500,2000,1000,7500,7346
2025-05-02,2025,Mayo,Viernes,Santa Ana,2000,2500,2000,5000,11500,11701
2025-05-03,2025,Mayo,Sábado,Córdoba,2000,2500,1000,3000,8500,8519
2025-05-03,2025,Mayo,Sábado,La Floresta,2000,2500,1000,2000,7500,7476
2025-05-03,2025,Mayo,Sábado,Los Cedros,2000,2500,1000,3000,8500,8524
2025-05-03,2025,Mayo,Sábado,Palermo,2000,2500,1000,1000,6500,6478
2025-05-03,2025,Mayo,Sábado,Santa Ana,2000,2500,1000,5000,10500,10687
2025-05-04,2025,Mayo,Domingo,Córdoba,2000,2500,1000,3000,8500,8486
2025-05-04,2025,Mayo,Domingo,La Floresta,2000,2500,1000,2000,7500,7393
2025-05-04,2025,Mayo,Domingo,Los Cedros,2000,2500,1000,3000,8500,8612
2025-05-04,2025,Mayo,Domingo,Palermo,2000,2500,1000,1000,6500,6374
2025-05-04,2025,Mayo,Domingo,Santa Ana,2000,2500,1000,5000,10500,10758
2025-05-05,2025,Mayo,Lunes,Córdoba,2000,2500,2000,3000,9500,9310
2025-05-05,2025,Mayo,Lunes,La Floresta,2000,2500,2000,2000,8500,8513
2025-05-05,2025,Mayo,Lunes,Los Cedros,2000,2500,2000,3000,9500,9490
2025-05-05,2025,Mayo,Lunes,Palermo,2000,2500,2000,1000,7500,7399
2025-05-05,2025,Mayo,Lunes,Santa Ana,2000,2500,2000,5000,11500,11576
2025-05-06,2025,Mayo,Martes,Córdoba,2000,2500,3000,3000,10500,10626
2025-05-06,2025,Mayo,Martes,La Floresta,2000,2500,3000,2000,9500,9576
2025-05-06,2025,Mayo,Martes,Los Cedros,2000,2500,3000,3000,10500,10593
2025-05-06,2025,Mayo,Martes,Palermo,2000,2500,3000,1000,8500,8593
2025-05-06,2025,Mayo,Martes,Santa Ana,2000,2500,3000,5000,12500,12436
2025-05-07,2025,Mayo,Miércoles,Córdoba,2000,2500,3500,3000,11000,10917
2025-05-07,2025,Mayo,Miércoles,La Floresta,2000,2500,3500,2000,10000,10116
2025-05-07,2025,Mayo,Miércoles,Los Cedros,2000,2500,3500,3000,11000,10995
2025-05-07,2025,Mayo,Miércoles,Palermo,2000,2500,3500,1000,9000,9029
2025-05-07,2025,Mayo,Miércoles,Santa Ana,2000,2500,3500,5000,13000,12919
2025-05-08,2025,Mayo,Jueves,Córdoba,2000,2500,3000,3000,10500,10503
2025-05-08,2025,Mayo,Jueves,La Floresta,2000,2500,3000,2000,9500,9442
2025-05-08,2025,Mayo,Jueves,Los Cedros,2000,2500,3000,3000,10500,10320
2025-05-08,2025,Mayo,Jueves,Palermo,2000,2500,3000,1000,8500,8532
2025-05-08,2025,Mayo,Jueves,Santa Ana,2000,2500,3000,5000,12500,12534
2025-05-09,2025,Mayo,Viernes,Córdoba,2000,2500,2000,3000,9500,9449
2025-05-09,2025,Mayo,Viernes,La Floresta,2000,2500,2000,2000,8500,8589
2025-05-09,2025,Mayo,Viernes,Los Cedros,2000,2500,2000,3000,9500,9547
2025-05-09,2025,Mayo,Viernes,Palermo,2000,2500,2000,1000,7500,7597
2025-05-09,2025,Mayo,Viernes,Santa Ana,2000,2500,2000,5000,11500,11523
2025-05-10,2025,Mayo,Sábado,Córdoba,2000,2500,1000,3000,8500,8566
2025-05-10,2025,Mayo,Sábado,La Floresta,2000,2500,1000,2000,7500,7566
2025-05-10,2025,Mayo,Sábado,Los Cedros,2000,2500,1000,3000,8500,8337
2025-05-10,2025,Mayo,Sábado,Palermo,2000,2500,1000,1000,6500,6611
2025-05-10,2025,Mayo,Sábado,Santa Ana,2000,2500,1000,5000,10500,10530
2025-05-11,2025,Mayo,Domingo,Córdoba,2000,2500,1000,3000,8500,8561
2025-05-11,2025,Mayo,Domingo,La Floresta,2000,2500,1000,2000,7500,7434
2025-05-11,2025,Mayo,Domingo,Los Cedros,2000,2500,1000,3000,8500,8552
2025-05-11,2025,Mayo,Domingo,Palermo,2000,2500,1000,1000,6500,6471
2025-05-11,2025,Mayo,Domingo,Santa Ana,2000,2500,1000,5000,10500,10486
2025-05-12,2025,Mayo,Lunes,Córdoba,2000,2500,2000,3000,9500,9546
2025-05-12,2025,Mayo,Lunes,La Floresta,2000,2500,2000,2000,8500,8373
2025-05-12,2025,Mayo,Lunes,Los Cedros,2000,2500,2000,3000,9500,9555
2025-05-12,2025,Mayo,Lunes,Palermo,2000,2500,2000,1000,7500,7411
2025-05-12,2025,Mayo,Lunes,Santa Ana,2000,2500,2000,5000,11500,11592
2025-05-13,2025,Mayo,Martes,Córdoba,2000,2500,3000,3000,10500,10210
2025-05-13,2025,Mayo,Martes,La Floresta,2000,2500,3000,2000,9500,9413
2025-05-13,2025,Mayo,Martes,Los Cedros,2000,2500,3000,3000,10500,10409
2025-05-13,2025,Mayo,Martes,Palermo,2000,2500,3000,1000,8500,8425
2025-05-13,2025,Mayo,Martes,Santa Ana,2000,2500,3000,5000,12500,12505
2025-05-14,2025,Mayo,Miércoles,Córdoba,2000,2500,3500,3000,11000,10910
2025-05-14,2025,Mayo,Miércoles,La Floresta,2000,2500,3500,2000,10000,9793
2025-05-14,2025,Mayo,Miércoles,Los Cedros,2000,2500,3500,3000,11000,10758
2025-05-14,2025,Mayo,Miércoles,Palermo,2000,2500,3500,1000,9000,9052
2025-05-14,2025,Mayo,Miércoles,Santa Ana,2000,2500,3500,5000,13000,12888
2025-05-15,2025,Mayo,Jueves,Córdoba,2000,2500,3000,3000,10500,10802
2025-05-15,2025,Mayo,Jueves,La Floresta,2000,2500,3000,2000,9500,9484
2025-05-15,2025,Mayo,Jueves,Los Cedros,2000,2500,3000,3000,10500,10443
2025-05-15,2025,Mayo,Jueves,Palermo,2000,2500,3000,1000,8500,8534
2025-05-15,2025,Mayo,Jueves,Santa Ana,2000,2500,3000,5000,12500,12563
2025-05-16,2025,Mayo,Viernes,Córdoba,2000,2500,2000,3000,9500,9468
2025-05-16,2025,Mayo,Viernes,La Floresta,2000,2500,2000,2000,8500,8474
2025-05-16,2025,Mayo,Viernes,Los Cedros,2000,2500,2000,3000,9500,9601
2025-05-16,2025,Mayo,Viernes,Palermo,2000,2500,2000,1000,7500,7508
2025-05-16,2025,Mayo,Viernes,Santa Ana,2000,2500,2000,5000,11500,11133
2025-05-17,2025,Mayo,Sábado,Córdoba,2000,2500,1000,3000,8500,8609
2025-05-17,2025,Mayo,Sábado,La Floresta,2000,2500,1000,2000,7500,7489
2025-05-17,2025,Mayo,Sábado,Los Cedros,2000,2500,1000,3000,8500,8585
2025-05-17,2025,Mayo,Sábado,Palermo,2000,2500,1000,1000,6500,6550
2025-05-17,2025,Mayo,Sábado,Santa Ana,2000,2500,1000,5000,10500,10664
2025-05-18,2025,Mayo,Domingo,Córdoba,2000,2500,1000,3000,8500,8602
2025-05-18,2025,Mayo,Domingo,La Floresta,2000,2500,1000,2000,7500,7523
2025-05-18,2025,Mayo,Domingo,Los Cedros,2000,2500,1000,3000,8500,8406
2025-05-18,2025,Mayo,Domingo,Palermo,2000,2500,1000,1000,6500,6427
2025-05-18,2025,Mayo,Domingo,Santa Ana,2000,2500,1000,5000,10500,10389
2025-05-19,2025,Mayo,Lunes,Córdoba,2000,2500,2000,3000,9500,9545
2025-05-19,2025,Mayo,Lunes,La Floresta,2000,2500,2000,2000,8500,8431
2025-05-19,2025,Mayo,Lunes,Los Cedros,2000,2500,2000,3000,9500,9461
2025-05-19,2025,Mayo,Lunes,Palermo,2000,2500,2000,1000,7500,7373
2025-05-19,2025,Mayo,Lunes,Santa Ana,2000,2500,2000,5000,11500,11463
2025-05-20,2025,Mayo,Martes,Córdoba,2000,2500,3000,3000,10500,10547
2025-05-20,2025,Mayo,Martes,La Floresta,2000,2500,3000,2000,9500,9386
2025-05-20,2025,Mayo,Martes,Los Cedros,2000,2500,3000,3000,10500,10287
2025-05-20,2025,Mayo,Martes,Palermo,2000,2500,3000,1000,8500,8399
2025-05-20,2025,Mayo,Martes,Santa Ana,2000,2500,3000,5000,12500,12506
2025-05-21,2025,Mayo,Miércoles,Córdoba,2000,2500,3500,3000,11000,11044
2025-05-21,2025,Mayo,Miércoles,La Floresta,2000,2500,3500,2000,10000,10107
2025-05-21,2025,Mayo,Miércoles,Los Cedros,2000,2500,3500,3000,11000,10889
2025-05-21,2025,Mayo,Miércoles,Palermo,2000,2500,3500,1000,9000,8924
2025-05-21,2025,Mayo,Miércoles,Santa Ana,2000,2500,3500,5000,13000,12893
2025-05-22,2025,Mayo,Jueves,Córdoba,2000,2500,3000,3000,10500,10546
2025-05-22,2025,Mayo,Jueves,La Floresta,2000,2500,3000,2000,9500,9573
2025-05-22,2025,Mayo,Jueves,Los Cedros,2000,2500,3000,3000,10500,10522
2025-05-22,2025,Mayo,Jueves,Palermo,2000,2500,3000,1000,8500,8511
2025-05-22,2025,Mayo,Jueves,Santa Ana,2000,2500,3000,5000,12500,12405
2025-05-23,2025,Mayo,Viernes,Córdoba,2000,2500,2000,3000,9500,9513
2025-05-23,2025,Mayo,Viernes,La Floresta,2000,2500,2000,2000,8500,8422
2025-05-23,2025,Mayo,Viernes,Los Cedros,2000,2500,2000,3000,9500,9562
2025-05-23,2025,Mayo,Viernes,Palermo,2000,2500,2000,1000,7500,7524
2025-05-23,2025,Mayo,Viernes,Santa Ana,2000,2500,2000,5000,11500,11561
2025-05-24,2025,Mayo,Sábado,Córdoba,2000,2500,1000,3000,8500,8517
2025-05-24,2025,Mayo,Sábado,La Floresta,2000,2500,1000,2000,7500,7374
2025-05-24,2025,Mayo,Sábado,Los Cedros,2000,2500,1000,3000,8500,8632
2025-05-24,2025,Mayo,Sábado,Palermo,2000,2500,1000,1000,6500,6459
2025-05-24,2025,Mayo,Sábado,Santa Ana,2000,2500,1000,5000,10500,10446
2025-05-25,2025,Mayo,Domingo,Córdoba,2000,2500,1000,3000,8500,8544
2025-05-25,2025,Mayo,Domingo,La Floresta,2000,2500,1000,2000,7500,7419
2025-05-25,2025,Mayo,Domingo,Los Cedros,2000,2500,1000,3000,8500,8525
2025-05-25,2025,Mayo,Domingo,Palermo,2000,2500,1000,1000,6500,6375
2025-05-25,2025,Mayo,Domingo,Santa Ana,2000,2500,1000,5000,10500,10351
2025-05-26,2025,Mayo,Lunes,Córdoba,2000,2500,2000,3000,9500,9437
2025-05-26,2025,Mayo,Lunes,La Floresta,2000,2500,2000,2000,8500,8335
2025-05-26,2025,Mayo,Lunes,Los Cedros,2000,2500,2000,3000,9500,9500
2025-05-26,2025,Mayo,Lunes,Palermo,2000,2500,2000,1000,7500,7616
2025-05-26,2025,Mayo,Lunes,Santa Ana,2000,2500,2000,5000,11500,11599
2025-05-27,2025,Mayo,Martes,Córdoba,2000,2500,3000,3000,10500,10605
2025-05-27,2025,Mayo,Martes,La Floresta,2000,2500,3000,2000,9500,9650
2025-05-27,2025,Mayo,Martes,Los Cedros,2000,2500,3000,3000,10500,10592
2025-05-27,2025,Mayo,Martes,Palermo,2000,2500,3000,1000,8500,8448
2025-05-27,2025,Mayo,Martes,Santa Ana,2000,2500,3000,5000,12500,12592
2025-05-28,2025,Mayo,Miércoles,Córdoba,2000,2500,3500,3000,11000,10984
2025-05-28,2025,Mayo,Miércoles,La Floresta,2000,2500,3500,2000,10000,10101
2025-05-28,2025,Mayo,Miércoles,Los Cedros,2000,2500,3500,3000,11000,11055
2025-05-28,2025,Mayo,Miércoles,Palermo,2000,2500,3500,1000,9000,9070
2025-05-28,2025,Mayo,Miércoles,Santa Ana,2000,2500,3500,5000,13000,13043
2025-05-29,2025,Mayo,Jueves,Córdoba,2000,2500,3000,3000,10500,10542
2025-05-29,2025,Mayo,Jueves,La Floresta,2000,2500,3000,2000,9500,9464
2025-05-29,2025,Mayo,Jueves,Los Cedros,2000,2500,3000,3000,10500,10394
2025-05-29,2025,Mayo,Jueves,Palermo,2000,2500,3000,1000,8500,8561
2025-05-29,2025,Mayo,Jueves,Santa Ana,2000,2500,3000,5000,12500,12487
2025-05-30,2025,Mayo,Viernes,Córdoba,2000,2500,2000,3000,9500,9606
2025-05-30,2025,Mayo,Viernes,La Floresta,2000,2500,2000,2000,8500,8364
2025-05-30,2025,Mayo,Viernes,Los Cedros,2000,2500,2000,3000,9500,9436
2025-05-30,2025,Mayo,Viernes,Palermo,2000,2500,2000,1000,7500,7527
2025-05-30,2025,Mayo,Viernes,Santa Ana,2000,2500,2000,5000,11500,11567
2025-05-31,2025,Mayo,Sábado,Córdoba,2000,2500,1000,3000,8500,8448
2025-05-31,2025,Mayo,Sábado,La Floresta,2000,2500,1000,2000,7500,7446
2025-05-31,2025,Mayo,Sábado,Los Cedros,2000,2500,1000,3000,8500,8465
2025-05-31,2025,Mayo,Sábado,Palermo,2000,2500,1000,1000,6500,6466
2025-05-31,2025,Mayo,Sábado,Santa Ana,2000,2500,1000,5000,10500,10452
2025-06-01,2025,Junio,Domingo,Córdoba,2000,2500,1000,3000,8500,8472
2025-06-01,2025,Junio,Domingo,La Floresta,2000,2500,1000,2000,7500,7557
2025-06-01,2025,Junio,Domingo,Los Cedros,2000,2500,1000,3000,8500,8413
2025-06-01,2025,Junio,Domingo,Palermo,2000,2500,1000,1000,6500,6453
2025-06-01,2025,Junio,Domingo,Santa Ana,2000,2500,1000,5000,10500,10463
2025-06-02,2025,Junio,Lunes,Córdoba,2000,2500,2000,3000,9500,9538
2025-06-02,2025,Junio,Lunes,La Floresta,2000,2500,2000,2000,8500,8562
2025-06-02,2025,Junio,Lunes,Los Cedros,2000,2500,2000,3000,9500,9261
2025-06-02,2025,Junio,Lunes,Palermo,2000,2500,2000,1000,7500,7668
2025-06-02,2025,Junio,Lunes,Santa Ana,2000,2500,2000,5000,11500,11389
2025-06-03,2025,Junio,Martes,Córdoba,2000,2500,3000,3000,10500,10639
2025-06-03,2025,Junio,Martes,La Floresta,2000,2500,3000,2000,9500,9395
2025-06-03,2025,Junio,Martes,Los Cedros,2000,2500,3000,3000,10500,10409
2025-06-03,2025,Junio,Martes,Palermo,2000,2500,3000,1000,8500,8666
2025-06-03,2025,Junio,Martes,Santa Ana,2000,2500,3000,5000,12500,12421
2025-06-04,2025,Junio,Miércoles,Córdoba,2000,2500,3500,3000,11000,11037
2025-06-04,2025,Junio,Miércoles,La Floresta,2000,2500,3500,2000,10000,10068
2025-06-04,2025,Junio,Miércoles,Los Cedros,2000,2500,3500,3000,11000,11156
2025-06-04,2025,Junio,Miércoles,Palermo,2000,2500,3500,1000,9000,9006
2025-06-04,2025,Junio,Miércoles,Santa Ana,2000,2500,3500,5000,13000,13025
2025-06-05,2025,Junio,Jueves,Córdoba,2000,2500,3000,3000,10500,10642
2025-06-05,2025,Junio,Jueves,La Floresta,2000,2500,3000,2000,9500,9538
2025-06-05,2025,Junio,Jueves,Los Cedros,2000,2500,3000,3000,10500,10557
2025-06-05,2025,Junio,Jueves,Palermo,2000,2500,3000,1000,8500,8604
2025-06-05,2025,Junio,Jueves,Santa Ana,2000,2500,3000,5000,12500,12445
2025-06-06,2025,Junio,Viernes,Córdoba,2000,2500,2000,3000,9500,9507
2025-06-06,2025,Junio,Viernes,La Floresta,2000,2500,2000,2000,8500,8519
2025-06-06,2025,Junio,Viernes,Los Cedros,2000,2500,2000,3000,9500,9471
2025-06-06,2025,Junio,Viernes,Palermo,2000,2500,2000,1000,7500,7425
2025-06-06,2025,Junio,Viernes,Santa Ana,2000,2500,2000,5000,11500,11607
2025-06-07,2025,Junio,Sábado,Córdoba,2000,2500,1000,3000,8500,8504
2025-06-07,2025,Junio,Sábado,La Floresta,2000,2500,1000,2000,7500,7406
2025-06-07,2025,Junio,Sábado,Los Cedros,2000,2500,1000,3000,8500,8515
2025-06-07,2025,Junio,Sábado,Palermo,2000,2500,1000,1000,6500,6552
2025-06-07,2025,Junio,Sábado,Santa Ana,2000,2500,1000,5000,10500,10443
2025-06-08,2025,Junio,Domingo,Córdoba,2000,2500,1000,3000,8500,8391
2025-06-08,2025,Junio,Domingo,La Floresta,2000,2500,1000,2000,7500,7550
2025-06-08,2025,Junio,Domingo,Los Cedros,2000,2500,1000,3000,8500,8397
2025-06-08,2025,Junio,Domingo,Palermo,2000,2500,1000,1000,6500,6539
2025-06-08,2025,Junio,Domingo,Santa Ana,2000,2500,1000,5000,10500,10546
2025-06-09,2025,Junio,Lunes,Córdoba,2000,2500,2000,3000,9500,9451
2025-06-09,2025,Junio,Lunes,La Floresta,2000,2500,2000,2000,8500,8386
2025-06-09,2025,Junio,Lunes,Los Cedros,2000,2500,2000,3000,9500,9692
2025-06-09,2025,Junio,Lunes,Palermo,2000,2500,2000,1000,7500,7538
2025-06-09,2025,Junio,Lunes,Santa Ana,2000,2500,2000,5000,11500,11638
2025-06-10,2025,Junio,Martes,Córdoba,2000,2500,3000,3000,10500,10486
2025-06-10,2025,Junio,Martes,La Floresta,2000,2500,3000,2000,9500,9464
2025-06-10,2025,Junio,Martes,Los Cedros,2000,2500,3000,3000,10500,10448
2025-06-10,2025,Junio,Martes,Palermo,2000,2500,3000,1000,8500,8693
2025-06-10,2025,Junio,Martes,Santa Ana,2000,2500,3000,5000,12500,12638
2025-06-11,2025,Junio,Miércoles,Córdoba,2000,2500,3500,3000,11000,11142
2025-06-11,2025,Junio,Miércoles,La Floresta,2000,2500,3500,2000,10000,9839
2025-06-11,2025,Junio,Miércoles,Los Cedros,2000,2500,3500,3000,11000,10883
2025-06-11,2025,Junio,Miércoles,Palermo,2000,2500,3500,1000,9000,8873
2025-06-11,2025,Junio,Miércoles,Santa Ana,2000,2500,3500,5000,13000,12794
2025-06-12,2025,Junio,Jueves,Córdoba,2000,2500,3000,3000,10500,10446
2025-06-12,2025,Junio,Jueves,La Floresta,2000,2500,3000,2000,9500,9516
2025-06-12,2025,Junio,Jueves,Los Cedros,2000,2500,3000,3000,10500,10573
2025-06-12,2025,Junio,Jueves,Palermo,2000,2500,3000,1000,8500,8463
2025-06-12,2025,Junio,Jueves,Santa Ana,2000,2500,3000,5000,12500,12495
2025-06-13,2025,Junio,Viernes,Córdoba,2000,2500,2000,3000,9500,9458
2025-06-13,2025,Junio,Viernes,La Floresta,2000,2500,2000,2000,8500,8478
2025-06-13,2025,Junio,Viernes,Los Cedros,2000,2500,2000,3000,9500,9493
2025-06-13,2025,Junio,Viernes,Palermo,2000,2500,2000,1000,7500,7288
2025-06-13,2025,Junio,Viernes,Santa Ana,2000,2500,2000,5000,11500,11505
2025-06-14,2025,Junio,Sábado,Córdoba,2000,2500,1000,3000,8500,8366
2025-06-14,2025,Junio,Sábado,La Floresta,2000,2500,1000,2000,7500,7454
2025-06-14,2025,Junio,Sábado,Los Cedros,2000,2500,1000,3000,8500,8389
2025-06-14,2025,Junio,Sábado,Palermo,2000,2500,1000,1000,6500,6471
2025-06-14,2025,Junio,Sábado,Santa Ana,2000,2500,1000,5000,10500,10496
2025-06-15,2025,Junio,Domingo,Córdoba,2000,2500,1000,3000,8500,8420
2025-06-15,2025,Junio,Domingo,La Floresta,2000,2500,1000,2000,7500,7626
2025-06-15,2025,Junio,Domingo,Los Cedros,2000,2500,1000,3000,8500,8501
2025-06-15,2025,Junio,Domingo,Palermo,2000,2500,1000,1000,6500,6614
2025-06-15,2025,Junio,Domingo,Santa Ana,2000,2500,1000,5000,10500,10661
2025-06-16,2025,Junio,Lunes,Córdoba,2000,2500,2000,3000,9500,9263
2025-06-16,2025,Junio,Lunes,La Floresta,2000,2500,2000,2000,8500,8436
2025-06-16,2025,Junio,Lunes,Los Cedros,2000,2500,2000,3000,9500,9628
2025-06-16,2025,Junio,Lunes,Palermo,2000,2500,2000,1000,7500,7422
2025-06-16,2025,Junio,Lunes,Santa Ana,2000,2500,2000,5000,11500,11326
2025-06-17,2025,Junio,Martes,Córdoba,2000,2500,3000,3000,10500,10344
2025-06-17,2025,Junio,Martes,La Floresta,2000,2500,3000,2000,9500,9423
2025-06-17,2025,Junio,Martes,Los Cedros,2000,2500,3000,3000,10500,10728
2025-06-17,2025,Junio,Martes,Palermo,2000,2500,3000,1000,8500,8447
2025-06-17,2025,Junio,Martes,Santa Ana,2000,2500,3000,5000,12500,12525
2025-06-18,2025,Junio,Miércoles,Córdoba,2000,2500,3500,3000,11000,11003
2025-06-18,2025,Junio,Miércoles,La Floresta,2000,2500,3500,2000,10000,10044
2025-06-18,2025,Junio,Miércoles,Los Cedros,2000,2500,3500,3000,11000,10977
2025-06-18,2025,Junio,Miércoles,Palermo,2000,2500,3500,1000,9000,9057
2025-06-18,2025,Junio,Miércoles,Santa Ana,2000,2500,3500,5000,13000,13042
2025-06-19,2025,Junio,Jueves,Córdoba,2000,2500,3000,3000,10500,10598
2025-06-19,2025,Junio,Jueves,La Floresta,2000,2500,3000,2000,9500,9559
2025-06-19,2025,Junio,Jueves,Los Cedros,2000,2500,3000,3000,10500,10558
2025-06-19,2025,Junio,Jueves,Palermo,2000,2500,3000,1000,8500,8311
2025-06-19,2025,Junio,Jueves,Santa Ana,2000,2500,3000,5000,12500,12418
2025-06-20,2025,Junio,Viernes,Córdoba,2000,2500,2000,3000,9500,9507
2025-06-20,2025,Junio,Viernes,La Floresta,2000,2500,2000,2000,8500,8567
2025-06-20,2025,Junio,Viernes,Los Cedros,2000,2500,2000,3000,9500,9570
2025-06-20,2025,Junio,Viernes,Palermo,2000,2500,2000,1000,7500,7329
2025-06-20,2025,Junio,Viernes,Santa Ana,2000,2500,2000,5000,11500,11551
2025-06-21,2025,Junio,Sábado,Córdoba,2000,2500,1000,3000,8500,8445
2025-06-21,2025,Junio,Sábado,La Floresta,2000,2500,1000,2000,7500,7576
2025-06-21,2025,Junio,Sábado,Los Cedros,2000,2500,1000,3000,8500,8596
2025-06-21,2025,Junio,Sábado,Palermo,2000,2500,1000,1000,6500,6467
2025-06-21,2025,Junio,Sábado,Santa Ana,2000,2500,1000,5000,10500,10451
2025-06-22,2025,Junio,Domingo,Córdoba,2000,2500,1000,3000,8500,8552
2025-06-22,2025,Junio,Domingo,La Floresta,2000,2500,1000,2000,7500,7452
2025-06-22,2025,Junio,Domingo,Los Cedros,2000,2500,1000,3000,8500,8284
2025-06-22,2025,Junio,Domingo,Palermo,2000,2500,1000,1000,6500,6630
2025-06-22,2025,Junio,Domingo,Santa Ana,2000,2500,1000,5000,10500,10417
2025-06-23,2025,Junio,Lunes,Córdoba,2000,2500,2000,3000,9500,9493
2025-06-23,2025,Junio,Lunes,La Floresta,2000,2500,2000,2000,8500,8467
2025-06-23,2025,Junio,Lunes,Los Cedros,2000,2500,2000,3000,9500,9313
2025-06-23,2025,Junio,Lunes,Palermo,2000,2500,2000,1000,7500,7449
2025-06-23,2025,Junio,Lunes,Santa Ana,2000,2500,2000,5000,11500,11652
2025-06-24,2025,Junio,Martes,Córdoba,2000,2500,3000,3000,10500,10576
2025-06-24,2025,Junio,Martes,La Floresta,2000,2500,3000,2000,9500,9556
2025-06-24,2025,Junio,Martes,Los Cedros,2000,2500,3000,3000,10500,10530
2025-06-24,2025,Junio,Martes,Palermo,2000,2500,3000,1000,8500,8408
2025-06-24,2025,Junio,Martes,Santa Ana,2000,2500,3000,5000,12500,12602
2025-06-25,2025,Junio,Miércoles,Córdoba,2000,2500,3500,3000,11000,11000
2025-06-25,2025,Junio,Miércoles,La Floresta,2000,2500,3500,2000,10000,9982
2025-06-25,2025,Junio,Miércoles,Los Cedros,2000,2500,3500,3000,11000,10900
2025-06-25,2025,Junio,Miércoles,Palermo,2000,2500,3500,1000,9000,9136
2025-06-25,2025,Junio,Miércoles,Santa Ana,2000,2500,3500,5000,13000,13057
2025-06-26,2025,Junio,Jueves,Córdoba,2000,2500,3000,3000,10500,10524
2025-06-26,2025,Junio,Jueves,La Floresta,2000,2500,3000,2000,9500,9613
2025-06-26,2025,Junio,Jueves,Los Cedros,2000,2500,3000,3000,10500,10294
2025-06-26,2025,Junio,Jueves,Palermo,2000,2500,3000,1000,8500,8567
2025-06-26,2025,Junio,Jueves,Santa Ana,2000,2500,3000,5000,12500,12436
2025-06-27,2025,Junio,Viernes,Córdoba,2000,2500,2000,3000,9500,9559
2025-06-27,2025,Junio,Viernes,La Floresta,2000,2500,2000,2000,8500,8529
2025-06-27,2025,Junio,Viernes,Los Cedros,2000,2500,2000,3000,9500,9626
2025-06-27,2025,Junio,Viernes,Palermo,2000,2500,2000,1000,7500,7502
2025-06-27,2025,Junio,Viernes,Santa Ana,2000,2500,2000,5000,11500,11417
2025-06-28,2025,Junio,Sábado,Córdoba,2000,2500,1000,3000,8500,8419
2025-06-28,2025,Junio,Sábado,La Floresta,2000,2500,1000,2000,7500,7461
2025-06-28,2025,Junio,Sábado,Los Cedros,2000,2500,1000,3000,8500,8590
2025-06-28,2025,Junio,Sábado,Palermo,2000,2500,1000,1000,6500,6431
2025-06-28,2025,Junio,Sábado,Santa Ana,2000,2500,1000,5000,10500,10565
2025-06-29,2025,Junio,Domingo,Córdoba,2000,2500,1000,3000,8500,8527
2025-06-29,2025,Junio,Domingo,La Floresta,2000,2500,1000,2000,7500,7468
2025-06-29,2025,Junio,Domingo,Los Cedros,2000,2500,1000,3000,8500,8470
2025-06-29,2025,Junio,Domingo,Palermo,2000,2500,1000,1000,6500,6513
2025-06-29,2025,Junio,Domingo,Santa Ana,2000,2500,1000,5000,10500,10417
2025-06-30,2025,Junio,Lunes,Córdoba,2000,2500,2000,3000,9500,9431
2025-06-30,2025,Junio,Lunes,La Floresta,2000,2500,2000,2000,8500,8471
2025-06-30,2025,Junio,Lunes,Los Cedros,2000,2500,2000,3000,9500,9512
2025-06-30,2025,Junio,Lunes,Palermo,2000,2500,2000,1000,7500,7465
2025-06-30,2025,Junio,Lunes,Santa Ana,2000,2500,2000,5000,11500,11440
2025-07-01,2025,Julio,Martes,Córdoba,2000,3000,3000,3000,11000,11110
2025-07-01,2025,Julio,Martes,La Floresta,2000,3000,3000,2000,10000,9992
2025-07-01,2025,Julio,Martes,Los Cedros,2000,3000,3000,3000,11000,10996
2025-07-01,2025,Julio,Martes,Palermo,2000,3000,3000,1000,9000,9048
2025-07-01,2025,Julio,Martes,Santa Ana,2000,3000,3000,5000,13000,13019
2025-07-02,2025,Julio,Miércoles,Córdoba,2000,3000,3500,3000,11500,11347
2025-07-02,2025,Julio,Miércoles,La Floresta,2000,3000,3500,2000,10500,10320
2025-07-02,2025,Julio,Miércoles,Los Cedros,2000,3000,3500,3000,11500,11598
2025-07-02,2025,Julio,Miércoles,Palermo,2000,3000,3500,1000,9500,9421
2025-07-02,2025,Julio,Miércoles,Santa Ana,2000,3000,3500,5000,13500,13386
2025-07-03,2025,Julio,Jueves,Córdoba,2000,3000,3000,3000,11000,11085
2025-07-03,2025,Julio,Jueves,La Floresta,2000,3000,3000,2000,10000,10018
2025-07-03,2025,Julio,Jueves,Los Cedros,2000,3000,3000,3000,11000,11006
2025-07-03,2025,Julio,Jueves,Palermo,2000,3000,3000,1000,9000,9051
2025-07-03,2025,Julio,Jueves,Santa Ana,2000,3000,3000,5000,13000,13077
2025-07-04,2025,Julio,Viernes,Córdoba,2000,3000,2000,3000,10000,10042
2025-07-04,2025,Julio,Viernes,La Floresta,2000,3000,2000,2000,9000,8884
2025-07-04,2025,Julio,Viernes,Los Cedros,2000,3000,2000,3000,10000,10054
2025-07-04,2025,Julio,Viernes,Palermo,2000,3000,2000,1000,8000,8019
2025-07-04,2025,Julio,Viernes,Santa Ana,2000,3000,2000,5000,12000,12043
2025-07-05,2025,Julio,Sábado,Córdoba,2000,3000,1000,3000,9000,8914
2025-07-05,2025,Julio,Sábado,La Floresta,2000,3000,1000,2000,8000,8136
2025-07-05,2025,Julio,Sábado,Los Cedros,2000,3000,1000,3000,9000,9173
2025-07-05,2025,Julio,Sábado,Palermo,2000,3000,1000,1000,7000,7001
2025-07-05,2025,Julio,Sábado,Santa Ana,2000,3000,1000,5000,11000,10773
2025-07-06,2025,Julio,Domingo,Córdoba,2000,3000,1000,3000,9000,8947
2025-07-06,2025,Julio,Domingo,La Floresta,2000,3000,1000,2000,8000,8038
2025-07-06,2025,Julio,Domingo,Los Cedros,2000,3000,1000,3000,9000,9002
2025-07-06,2025,Julio,Domingo,Palermo,2000,3000,1000,1000,7000,6892
2025-07-06,2025,Julio,Domingo,Santa Ana,2000,3000,1000,5000,11000,11092
2025-07-07,2025,Julio,Lunes,Córdoba,2000,3000,2000,3000,10000,9858
2025-07-07,2025,Julio,Lunes,La Floresta,2000,3000,2000,2000,9000,8898
2025-07-07,2025,Julio,Lunes,Los Cedros,2000,3000,2000,3000,10000,9978
2025-07-07,2025,Julio,Lunes,Palermo,2000,3000,2000,1000,8000,8030
2025-07-07,2025,Julio,Lunes,Santa Ana,2000,3000,2000,5000,12000,11991
2025-07-08,2025,Julio,Martes,Córdoba,2000,3000,3000,3000,11000,10939
2025-07-08,2025,Julio,Martes,La Floresta,2000,3000,3000,2000,10000,9935
2025-07-08,2025,Julio,Martes,Los Cedros,2000,3000,3000,3000,11000,10913
2025-07-08,2025,Julio,Martes,Palermo,2000,3000,3000,1000,9000,9161
2025-07-08,2025,Julio,Martes,Santa Ana,2000,3000,3000,5000,13000,12976
2025-07-09,2025,Julio,Miércoles,Córdoba,2000,3000,3500,3000,11500,11597
2025-07-09,2025,Julio,Miércoles,La Floresta,2000,3000,3500,2000,10500,10620
2025-07-09,2025,Julio,Miércoles,Los Cedros,2000,3000,3500,3000,11500,11247
2025-07-09,2025,Julio,Miércoles,Palermo,2000,3000,3500,1000,9500,9493
2025-07-09,2025,Julio,Miércoles,Santa Ana,2000,3000,3500,5000,13500,13515
2025-07-10,2025,Julio,Jueves,Córdoba,2000,3000,3000,3000,11000,10965
2025-07-10,2025,Julio,Jueves,La Floresta,2000,3000,3000,2000,10000,10008
2025-07-10,2025,Julio,Jueves,Los Cedros,2000,3000,3000,3000,11000,10969
2025-07-10,2025,Julio,Jueves,Palermo,2000,3000,3000,1000,9000,8928
2025-07-10,2025,Julio,Jueves,Santa Ana,2000,3000,3000,5000,13000,12958
2025-07-11,2025,Julio,Viernes,Córdoba,2000,3000,2000,3000,10000,9995
2025-07-11,2025,Julio,Viernes,La Floresta,2000,3000,2000,2000,9000,8923
2025-07-11,2025,Julio,Viernes,Los Cedros,2000,3000,2000,3000,10000,10082
2025-07-11,2025,Julio,Viernes,Palermo,2000,3000,2000,1000,8000,7974
2025-07-11,2025,Julio,Viernes,Santa Ana,2000,3000,2000,5000,12000,11990
2025-07-12,2025,Julio,Sábado,Córdoba,2000,3000,1000,3000,9000,8876
2025-07-12,2025,Julio,Sábado,La Floresta,2000,3000,1000,2000,8000,8312
2025-07-12,2025,Julio,Sábado,Los Cedros,2000,3000,1000,3000,9000,9088
2025-07-12,2025,Julio,Sábado,Palermo,2000,3000,1000,1000,7000,6940
2025-07-12,2025,Julio,Sábado,Santa Ana,2000,3000,1000,5000,11000,10899
2025-07-13,2025,Julio,Domingo,Córdoba,2000,3000,1000,3000,9000,9044
2025-07-13,2025,Julio,Domingo,La Floresta,2000,3000,1000,2000,8000,8203
2025-07-13,2025,Julio,Domingo,Los Cedros,2000,3000,1000,3000,9000,9144
2025-07-13,2025,Julio,Domingo,Palermo,2000,3000,1000,1000,7000,6962
2025-07-13,2025,Julio,Domingo,Santa Ana,2000,3000,1000,5000,11000,10921
2025-07-14,2025,Julio,Lunes,Córdoba,2000,3000,2000,3000,10000,10014
2025-07-14,2025,Julio,Lunes,La Floresta,2000,3000,2000,2000,9000,8898
2025-07-14,2025,Julio,Lunes,Los Cedros,2000,3000,2000,3000,10000,10085
2025-07-14,2025,Julio,Lunes,Palermo,2000,3000,2000,1000,8000,8021
2025-07-14,2025,Julio,Lunes,Santa Ana,2000,3000,2000,5000,12000,11958
2025-07-15,2025,Julio,Martes,Córdoba,2000,3000,3000,3000,11000,11165
2025-07-15,2025,Julio,Martes,La Floresta,2000,3000,3000,2000,10000,10171
2025-07-15,2025,Julio,Martes,Los Cedros,2000,3000,3000,3000,11000,10790
2025-07-15,2025,Julio,Martes,Palermo,2000,3000,3000,1000,9000,9025
2025-07-15,2025,Julio,Martes,Santa Ana,2000,3000,3000,5000,13000,12873
2025-07-16,2025,Julio,Miércoles,Córdoba,2000,3000,3500,3000,11500,11377
2025-07-16,2025,Julio,Miércoles,La Floresta,2000,3000,3500,2000,10500,10353
2025-07-16,2025,Julio,Miércoles,Los Cedros,2000,3000,3500,3000,11500,11562
2025-07-16,2025,Julio,Miércoles,Palermo,2000,3000,3500,1000,9500,9456
2025-07-16,2025,Julio,Miércoles,Santa Ana,2000,3000,3500,5000,13500,13672
2025-07-17,2025,Julio,Jueves,Córdoba,2000,3000,3000,3000,11000,10918
2025-07-17,2025,Julio,Jueves,La Floresta,2000,3000,3000,2000,10000,10005
2025-07-17,2025,Julio,Jueves,Los Cedros,2000,3000,3000,3000,11000,11188
2025-07-17,2025,Julio,Jueves,Palermo,2000,3000,3000,1000,9000,8893
2025-07-17,2025,Julio,Jueves,Santa Ana,2000,3000,3000,5000,13000,13064
2025-07-18,2025,Julio,Viernes,Córdoba,2000,3000,2000,3000,10000,10083
2025-07-18,2025,Julio,Viernes,La Floresta,2000,3000,2000,2000,9000,9015
2025-07-18,2025,Julio,Viernes,Los Cedros,2000,3000,2000,3000,10000,10178
2025-07-18,2025,Julio,Viernes,Palermo,2000,3000,2000,1000,8000,8164
2025-07-18,2025,Julio,Viernes,Santa Ana,2000,3000,2000,5000,12000,12027
2025-07-19,2025,Julio,Sábado,Córdoba,2000,3000,1000,3000,9000,9035
2025-07-19,2025,Julio,Sábado,La Floresta,2000,3000,1000,2000,8000,8087
2025-07-19,2025,Julio,Sábado,Los Cedros,2000,3000,1000,3000,9000,8955
2025-07-19,2025,Julio,Sábado,Palermo,2000,3000,1000,1000,7000,7083
2025-07-19,2025,Julio,Sábado,Santa Ana,2000,3000,1000,5000,11000,10968
2025-07-20,2025,Julio,Domingo,Córdoba,2000,3000,1000,3000,9000,9097
2025-07-20,2025,Julio,Domingo,La Floresta,2000,3000,1000,2000,8000,7954
2025-07-20,2025,Julio,Domingo,Los Cedros,2000,3000,1000,3000,9000,9018
2025-07-20,2025,Julio,Domingo,Palermo,2000,3000,1000,1000,7000,6982
2025-07-20,2025,Julio,Domingo,Santa Ana,2000,3000,1000,5000,11000,10889
2025-07-21,2025,Julio,Lunes,Córdoba,2000,3000,2000,3000,10000,9980
2025-07-21,2025,Julio,Lunes,La Floresta,2000,3000,2000,2000,9000,8932
2025-07-21,2025,Julio,Lunes,Los Cedros,2000,3000,2000,3000,10000,10086
2025-07-21,2025,Julio,Lunes,Palermo,2000,3000,2000,1000,8000,8002
2025-07-21,2025,Julio,Lunes,Santa Ana,2000,3000,2000,5000,12000,12093
2025-07-22,2025,Julio,Martes,Córdoba,2000,3000,3000,3000,11000,11100
2025-07-22,2025,Julio,Martes,La Floresta,2000,3000,3000,2000,10000,9876
2025-07-22,2025,Julio,Martes,Los Cedros,2000,3000,3000,3000,11000,10793
2025-07-22,2025,Julio,Martes,Palermo,2000,3000,3000,1000,9000,9032
2025-07-22,2025,Julio,Martes,Santa Ana,2000,3000,3000,5000,13000,13035
2025-07-23,2025,Julio,Miércoles,Córdoba,2000,3000,3500,3000,11500,11479
2025-07-23,2025,Julio,Miércoles,La Floresta,2000,3000,3500,2000,10500,10311
2025-07-23,2025,Julio,Miércoles,Los Cedros,2000,3000,3500,3000,11500,11574
2025-07-23,2025,Julio,Miércoles,Palermo,2000,3000,3500,1000,9500,9629
2025-07-23,2025,Julio,Miércoles,Santa Ana,2000,3000,3500,5000,13500,13402
2025-07-24,2025,Julio,Jueves,Córdoba,2000,3000,3000,3000,11000,11025
2025-07-24,2025,Julio,Jueves,La Floresta,2000,3000,3000,2000,10000,10224
2025-07-24,2025,Julio,Jueves,Los Cedros,2000,3000,3000,3000,11000,10902
2025-07-24,2025,Julio,Jueves,Palermo,2000,3000,3000,1000,9000,9129
2025-07-24,2025,Julio,Jueves,Santa Ana,2000,3000,3000,5000,13000,12958
2025-07-25,2025,Julio,Viernes,Córdoba,2000,3000,2000,3000,10000,9919
2025-07-25,2025,Julio,Viernes,La Floresta,2000,3000,2000,2000,9000,8996
2025-07-25,2025,Julio,Viernes,Los Cedros,2000,3000,2000,3000,10000,10159
2025-07-25,2025,Julio,Viernes,Palermo,2000,3000,2000,1000,8000,7999
2025-07-25,2025,Julio,Viernes,Santa Ana,2000,3000,2000,5000,12000,11936
2025-07-26,2025,Julio,Sábado,Córdoba,2000,3000,1000,3000,9000,9055
2025-07-26,2025,Julio,Sábado,La Floresta,2000,3000,1000,2000,8000,7901
2025-07-26,2025,Julio,Sábado,Los Cedros,2000,3000,1000,3000,9000,9037
2025-07-26,2025,Julio,Sábado,Palermo,2000,3000,1000,1000,7000,7011
2025-07-26,2025,Julio,Sábado,Santa Ana,2000,3000,1000,5000,11000,11127
2025-07-27,2025,Julio,Domingo,Córdoba,2000,3000,1000,3000,9000,9097
2025-07-27,2025,Julio,Domingo,La Floresta,2000,3000,1000,2000,8000,7999
2025-07-27,2025,Julio,Domingo,Los Cedros,2000,3000,1000,3000,9000,8933
2025-07-27,2025,Julio,Domingo,Palermo,2000,3000,1000,1000,7000,7056
2025-07-27,2025,Julio,Domingo,Santa Ana,2000,3000,1000,5000,11000,11041
2025-07-28,2025,Julio,Lunes,Córdoba,2000,3000,2000,3000,10000,9914
2025-07-28,2025,Julio,Lunes,La Floresta,2000,3000,2000,2000,9000,9055
2025-07-28,2025,Julio,Lunes,Los Cedros,2000,3000,2000,3000,10000,9988
2025-07-28,2025,Julio,Lunes,Palermo,2000,3000,2000,1000,8000,7885
2025-07-28,2025,Julio,Lunes,Santa Ana,2000,3000,2000,5000,12000,11948
2025-07-29,2025,Julio,Martes,Córdoba,2000,3000,3000,3000,11000,11234
2025-07-29,2025,Julio,Martes,La Floresta,2000,3000,3000,2000,10000,9896
2025-07-29,2025,Julio,Martes,Los Cedros,2000,3000,3000,3000,11000,10899
2025-07-29,2025,Julio,Martes,Palermo,2000,3000,3000,1000,9000,8942
2025-07-29,2025,Julio,Martes,Santa Ana,2000,3000,3000,5000,13000,12931
2025-07-30,2025,Julio,Miércoles,Córdoba,2000,3000,3500,3000,11500,11563
2025-07-30,2025,Julio,Miércoles,La Floresta,2000,3000,3500,2000,10500,10342
2025-07-30,2025,Julio,Miércoles,Los Cedros,2000,3000,3500,3000,11500,11500
2025-07-30,2025,Julio,Miércoles,Palermo,2000,3000,3500,1000,9500,9598
2025-07-30,2025,Julio,Miércoles,Santa Ana,2000,3000,3500,5000,13500,13495
2025-07-31,2025,Julio,Jueves,Córdoba,2000,3000,3000,3000,11000,11090
2025-07-31,2025,Julio,Jueves,La Floresta,2000,3000,3000,2000,10000,9994
2025-07-31,2025,Julio,Jueves,Los Cedros,2000,3000,3000,3000,11000,11139
2025-07-31,2025,Julio,Jueves,Palermo,2000,3000,3000,1000,9000,8823
2025-07-31,2025,Julio,Jueves,Santa Ana,2000,3000,3000,5000,13000,13122
2025-08-01,2025,Agosto,Viernes,Córdoba,2000,2500,2000,3000,9500,9400
2025-08-01,2025,Agosto,Viernes,La Floresta,2000,2500,2000,2000,8500,8624
2025-08-01,2025,Agosto,Viernes,Los Cedros,2000,2500,2000,3000,9500,9579
2025-08-01,2025,Agosto,Viernes,Palermo,2000,2500,2000,1000,7500,7394
2025-08-01,2025,Agosto,Viernes,Santa Ana,2000,2500,2000,5000,11500,11491
2025-08-02,2025,Agosto,Sábado,Córdoba,2000,2500,1000,3000,8500,8502
2025-08-02,2025,Agosto,Sábado,La Floresta,2000,2500,1000,2000,7500,7594
2025-08-02,2025,Agosto,Sábado,Los Cedros,2000,2500,1000,3000,8500,8499
2025-08-02,2025,Agosto,Sábado,Palermo,2000,2500,1000,1000,6500,6526
2025-08-02,2025,Agosto,Sábado,Santa Ana,2000,2500,1000,5000,10500,10543
2025-08-03,2025,Agosto,Domingo,Córdoba,2000,2500,1000,3000,8500,8505
2025-08-03,2025,Agosto,Domingo,La Floresta,2000,2500,1000,2000,7500,7253
2025-08-03,2025,Agosto,Domingo,Los Cedros,2000,2500,1000,3000,8500,8560
2025-08-03,2025,Agosto,Domingo,Palermo,2000,2500,1000,1000,6500,6569
2025-08-03,2025,Agosto,Domingo,Santa Ana,2000,2500,1000,5000,10500,10391
2025-08-04,2025,Agosto,Lunes,Córdoba,2000,2500,2000,3000,9500,9582
2025-08-04,2025,Agosto,Lunes,La Floresta,2000,2500,2000,2000,8500,8463
2025-08-04,2025,Agosto,Lunes,Los Cedros,2000,2500,2000,3000,9500,9564
2025-08-04,2025,Agosto,Lunes,Palermo,2000,2500,2000,1000,7500,7678
2025-08-04,2025,Agosto,Lunes,Santa Ana,2000,2500,2000,5000,11500,11421
2025-08-05,2025,Agosto,Martes,Córdoba,2000,2500,3000,3000,10500,10543
2025-08-05,2025,Agosto,Martes,La Floresta,2000,2500,3000,2000,9500,9479
2025-08-05,2025,Agosto,Martes,Los Cedros,2000,2500,3000,3000,10500,10444
2025-08-05,2025,Agosto,Martes,Palermo,2000,2500,3000,1000,8500,8549
2025-08-05,2025,Agosto,Martes,Santa Ana,2000,2500,3000,5000,12500,12499
2025-08-06,2025,Agosto,Miércoles,Córdoba,2000,2500,3500,3000,11000,11041
2025-08-06,2025,Agosto,Miércoles,La Floresta,2000,2500,3500,2000,10000,10186
2025-08-06,2025,Agosto,Miércoles,Los Cedros,2000,2500,3500,3000,11000,10894
2025-08-06,2025,Agosto,Miércoles,Palermo,2000,2500,3500,1000,9000,8915
2025-08-06,2025,Agosto,Miércoles,Santa Ana,2000,2500,3500,5000,13000,13128
2025-08-07,2025,Agosto,Jueves,Córdoba,2000,2500,3000,3000,10500,10643
2025-08-07,2025,Agosto,Jueves,La Floresta,2000,2500,3000,2000,9500,9593
2025-08-07,2025,Agosto,Jueves,Los Cedros,2000,2500,3000,3000,10500,10478
2025-08-07,2025,Agosto,Jueves,Palermo,2000,2500,3000,1000,8500,8391
2025-08-07,2025,Agosto,Jueves,Santa Ana,2000,2500,3000,5000,12500,12415
2025-08-08,2025,Agosto,Viernes,Córdoba,2000,2500,2000,3000,9500,9694
2025-08-08,2025,Agosto,Viernes,La Floresta,2000,2500,2000,2000,8500,8491
2025-08-08,2025,Agosto,Viernes,Los Cedros,2000,2500,2000,3000,9500,9429
2025-08-08,2025,Agosto,Viernes,Palermo,2000,2500,2000,1000,7500,7562
2025-08-08,2025,Agosto,Viernes,Santa Ana,2000,2500,2000,5000,11500,11579
2025-08-09,2025,Agosto,Sábado,Córdoba,2000,2500,1000,3000,8500,8362
2025-08-09,2025,Agosto,Sábado,La Floresta,2000,2500,1000,2000,7500,7396
2025-08-09,2025,Agosto,Sábado,Los Cedros,2000,2500,1000,3000,8500,8406
2025-08-09,2025,Agosto,Sábado,Palermo,2000,2500,1000,1000,6500,6664
2025-08-09,2025,Agosto,Sábado,Santa Ana,2000,2500,1000,5000,10500,10507
2025-08-10,2025,Agosto,Domingo,Córdoba,2000,2500,1000,3000,8500,8471
2025-08-10,2025,Agosto,Domingo,La Floresta,2000,2500,1000,2000,7500,7512
2025-08-10,2025,Agosto,Domingo,Los Cedros,2000,2500,1000,3000,8500,8443
2025-08-10,2025,Agosto,Domingo,Palermo,2000,2500,1000,1000,6500,6433
2025-08-10,2025,Agosto,Domingo,Santa Ana,2000,2500,1000,5000,10500,10528
2025-08-11,2025,Agosto,Lunes,Córdoba,2000,2500,2000,3000,9500,9743
2025-08-11,2025,Agosto,Lunes,La Floresta,2000,2500,2000,2000,8500,8361
2025-08-11,2025,Agosto,Lunes,Los Cedros,2000,2500,2000,3000,9500,9572
2025-08-11,2025,Agosto,Lunes,Palermo,2000,2500,2000,1000,7500,7439
2025-08-11,2025,Agosto,Lunes,Santa Ana,2000,2500,2000,5000,11500,11437
2025-08-12,2025,Agosto,Martes,Córdoba,2000,2500,3000,3000,10500,10582
2025-08-12,2025,Agosto,Martes,La Floresta,2000,2500,3000,2000,9500,9437
2025-08-12,2025,Agosto,Martes,Los Cedros,2000,2500,3000,3000,10500,10557
2025-08-12,2025,Agosto,Martes,Palermo,2000,2500,3000,1000,8500,8529
2025-08-12,2025,Agosto,Martes,Santa Ana,2000,2500,3000,5000,12500,12386
2025-08-13,2025,Agosto,Miércoles,Córdoba,2000,2500,3500,3000,11000,11089
2025-08-13,2025,Agosto,Miércoles,La Floresta,2000,2500,3500,2000,10000,9950
2025-08-13,2025,Agosto,Miércoles,Los Cedros,2000,2500,3500,3000,11000,10953
2025-08-13,2025,Agosto,Miércoles,Palermo,2000,2500,3500,1000,9000,8872
2025-08-13,2025,Agosto,Miércoles,Santa Ana,2000,2500,3500,5000,13000,12937
2025-08-14,2025,Agosto,Jueves,Córdoba,2000,2500,3000,3000,10500,10486
2025-08-14,2025,Agosto,Jueves,La Floresta,2000,2500,3000,2000,9500,9413
2025-08-14,2025,Agosto,Jueves,Los Cedros,2000,2500,3000,3000,10500,10563
2025-08-14,2025,Agosto,Jueves,Palermo,2000,2500,3000,1000,8500,8587
2025-08-14,2025,Agosto,Jueves,Santa Ana,2000,2500,3000,5000,12500,12413
2025-08-15,2025,Agosto,Viernes,Córdoba,2000,2500,2000,3000,9500,9470
2025-08-15,2025,Agosto,Viernes,La Floresta,2000,2500,2000,2000,8500,8636
2025-08-15,2025,Agosto,Viernes,Los Cedros,2000,2500,2000,3000,9500,9537
2025-08-15,2025,Agosto,Viernes,Palermo,2000,2500,2000,1000,7500,7544
2025-08-15,2025,Agosto,Viernes,Santa Ana,2000,2500,2000,5000,11500,11533
2025-08-16,2025,Agosto,Sábado,Córdoba,2000,2500,1000,3000,8500,8595
2025-08-16,2025,Agosto,Sábado,La Floresta,2000,2500,1000,2000,7500,7511
2025-08-16,2025,Agosto,Sábado,Los Cedros,2000,2500,1000,3000,8500,8229
2025-08-16,2025,Agosto,Sábado,Palermo,2000,2500,1000,1000,6500,6490
2025-08-16,2025,Agosto,Sábado,Santa Ana,2000,2500,1000,5000,10500,10439
2025-08-17,2025,Agosto,Domingo,Córdoba,2000,2500,1000,3000,8500,8636
2025-08-17,2025,Agosto,Domingo,La Floresta,2000,2500,1000,2000,7500,7458
2025-08-17,2025,Agosto,Domingo,Los Cedros,2000,2500,1000,3000,8500,8365
2025-08-17,2025,Agosto,Domingo,Palermo,2000,2500,1000,1000,6500,6566
2025-08-17,2025,Agosto,Domingo,Santa Ana,2000,2500,1000,5000,10500,10416
2025-08-18,2025,Agosto,Lunes,Córdoba,2000,2500,2000,3000,9500,9552
2025-08-18,2025,Agosto,Lunes,La Floresta,2000,2500,2000,2000,8500,8467
2025-08-18,2025,Agosto,Lunes,Los Cedros,2000,2500,2000,3000,9500,9440
2025-08-18,2025,Agosto,Lunes,Palermo,2000,2500,2000,1000,7500,7612
2025-08-18,2025,Agosto,Lunes,Santa Ana,2000,2500,2000,5000,11500,11506
2025-08-19,2025,Agosto,Martes,Córdoba,2000,2500,3000,3000,10500,10553
2025-08-19,2025,Agosto,Martes,La Floresta,2000,2500,3000,2000,9500,9391
2025-08-19,2025,Agosto,Martes,Los Cedros,2000,2500,3000,3000,10500,10472
2025-08-19,2025,Agosto,Martes,Palermo,2000,2500,3000,1000,8500,8428
2025-08-19,2025,Agosto,Martes,Santa Ana,2000,2500,3000,5000,12500,12434
2025-08-20,2025,Agosto,Miércoles,Córdoba,2000,2500,3500,3000,11000,11008
2025-08-20,2025,Agosto,Miércoles,La Floresta,2000,2500,3500,2000,10000,10046
2025-08-20,2025,Agosto,Miércoles,Los Cedros,2000,2500,3500,3000,11000,10978
2025-08-20,2025,Agosto,Miércoles,Palermo,2000,2500,3500,1000,9000,9091
2025-08-20,2025,Agosto,Miércoles,Santa Ana,2000,2500,3500,5000,13000,13071
2025-08-21,2025,Agosto,Jueves,Córdoba,2000,2500,3000,3000,10500,10425
2025-08-21,2025,Agosto,Jueves,La Floresta,2000,2500,3000,2000,9500,9441
2025-08-21,2025,Agosto,Jueves,Los Cedros,2000,2500,3000,3000,10500,10517
2025-08-21,2025,Agosto,Jueves,Palermo,2000,2500,3000,1000,8500,8636
2025-08-21,2025,Agosto,Jueves,Santa Ana,2000,2500,3000,5000,12500,12572
2025-08-22,2025,Agosto,Viernes,Córdoba,2000,2500,2000,3000,9500,9545
2025-08-22,2025,Agosto,Viernes,La Floresta,2000,2500,2000,2000,8500,8471
2025-08-22,2025,Agosto,Viernes,Los Cedros,2000,2500,2000,3000,9500,9587
2025-08-22,2025,Agosto,Viernes,Palermo,2000,2500,2000,1000,7500,7469
2025-08-22,2025,Agosto,Viernes,Santa Ana,2000,2500,2000,5000,11500,11572
2025-08-23,2025,Agosto,Sábado,Córdoba,2000,2500,1000,3000,8500,8662
2025-08-23,2025,Agosto,Sábado,La Floresta,2000,2500,1000,2000,7500,7491
2025-08-23,2025,Agosto,Sábado,Los Cedros,2000,2500,1000,3000,8500,8469
2025-08-23,2025,Agosto,Sábado,Palermo,2000,2500,1000,1000,6500,6468
2025-08-23,2025,Agosto,Sábado,Santa Ana,2000,2500,1000,5000,10500,10493
2025-08-24,2025,Agosto,Domingo,Córdoba,2000,2500,1000,3000,8500,8503
2025-08-24,2025,Agosto,Domingo,La Floresta,2000,2500,1000,2000,7500,7498
2025-08-24,2025,Agosto,Domingo,Los Cedros,2000,2500,1000,3000,8500,8419
2025-08-24,2025,Agosto,Domingo,Palermo,2000,2500,1000,1000,6500,6508
2025-08-24,2025,Agosto,Domingo,Santa Ana,2000,2500,1000,5000,10500,10726
2025-08-25,2025,Agosto,Lunes,Córdoba,2000,2500,2000,3000,9500,9487
2025-08-25,2025,Agosto,Lunes,La Floresta,2000,2500,2000,2000,8500,8513
2025-08-25,2025,Agosto,Lunes,Los Cedros,2000,2500,2000,3000,9500,9660
2025-08-25,2025,Agosto,Lunes,Palermo,2000,2500,2000,1000,7500,7527
2025-08-25,2025,Agosto,Lunes,Santa Ana,2000,2500,2000,5000,11500,11531
2025-08-26,2025,Agosto,Martes,Córdoba,2000,2500,3000,3000,10500,10426
2025-08-26,2025,Agosto,Martes,La Floresta,2000,2500,3000,2000,9500,9454
2025-08-26,2025,Agosto,Martes,Los Cedros,2000,2500,3000,3000,10500,10380
2025-08-26,2025,Agosto,Martes,Palermo,2000,2500,3000,1000,8500,8558
2025-08-26,2025,Agosto,Martes,Santa Ana,2000,2500,3000,5000,12500,12510
2025-08-27,2025,Agosto,Miércoles,Córdoba,2000,2500,3500,3000,11000,11013
2025-08-27,2025,Agosto,Miércoles,La Floresta,2000,2500,3500,2000,10000,10017
2025-08-27,2025,Agosto,Miércoles,Los Cedros,2000,2500,3500,3000,11000,11122
2025-08-27,2025,Agosto,Miércoles,Palermo,2000,2500,3500,1000,9000,8959
2025-08-27,2025,Agosto,Miércoles,Santa Ana,2000,2500,3500,5000,13000,13036
2025-08-28,2025,Agosto,Jueves,Córdoba,2000,2500,3000,3000,10500,10519
2025-08-28,2025,Agosto,Jueves,La Floresta,2000,2500,3000,2000,9500,9571
2025-08-28,2025,Agosto,Jueves,Los Cedros,2000,2500,3000,3000,10500,10600
2025-08-28,2025,Agosto,Jueves,Palermo,2000,2500,3000,1000,8500,8457
2025-08-28,2025,Agosto,Jueves,Santa Ana,2000,2500,3000,5000,12500,12607
2025-08-29,2025,Agosto,Viernes,Córdoba,2000,2500,2000,3000,9500,9423
2025-08-29,2025,Agosto,Viernes,La Floresta,2000,2500,2000,2000,8500,8504
2025-08-29,2025,Agosto,Viernes,Los Cedros,2000,2500,2000,3000,9500,9377
2025-08-29,2025,Agosto,Viernes,Palermo,2000,2500,2000,1000,7500,7483
2025-08-29,2025,Agosto,Viernes,Santa Ana,2000,2500,2000,5000,11500,11553
2025-08-30,2025,Agosto,Sábado,Córdoba,2000,2500,1000,3000,8500,8514
2025-08-30,2025,Agosto,Sábado,La Floresta,2000,2500,1000,2000,7500,7470
2025-08-30,2025,Agosto,Sábado,Los Cedros,2000,2500,1000,3000,8500,8616
2025-08-30,2025,Agosto,Sábado,Palermo,2000,2500,1000,1000,6500,6504
2025-08-30,2025,Agosto,Sábado,Santa Ana,2000,2500,1000,5000,10500,10498
2025-08-31,2025,Agosto,Domingo,Córdoba,2000,2500,1000,3000,8500,8465
2025-08-31,2025,Agosto,Domingo,La Floresta,2000,2500,1000,2000,7500,7562
2025-08-31,2025,Agosto,Domingo,Los Cedros,2000,2500,1000,3000,8500,8529
2025-08-31,2025,Agosto,Domingo,Palermo,2000,2500,1000,1000,6500,6613
2025-08-31,2025,Agosto,Domingo,Santa Ana,2000,2500,1000,5000,10500,10789
2025-09-01,2025,Septiembre,Lunes,Córdoba,2000,2500,2000,3000,9500,9691
2025-09-01,2025,Septiembre,Lunes,La Floresta,2000,2500,2000,2000,8500,8620
2025-09-01,2025,Septiembre,Lunes,Los Cedros,2000,2500,2000,3000,9500,9448
2025-09-01,2025,Septiembre,Lunes,Palermo,2000,2500,2000,1000,7500,7423
2025-09-01,2025,Septiembre,Lunes,Santa Ana,2000,2500,2000,5000,11500,11363
2025-09-02,2025,Septiembre,Martes,Córdoba,2000,2500,3000,3000,10500,10476
2025-09-02,2025,Septiembre,Martes,La Floresta,2000,2500,3000,2000,9500,9419
2025-09-02,2025,Septiembre,Martes,Los Cedros,2000,2500,3000,3000,10500,10412
2025-09-02,2025,Septiembre,Martes,Palermo,2000,2500,3000,1000,8500,8638
2025-09-02,2025,Septiembre,Martes,Santa Ana,2000,2500,3000,5000,12500,12473
2025-09-03,2025,Septiembre,Miércoles,Córdoba,2000,2500,3500,3000,11000,10912
2025-09-03,2025,Septiembre,Miércoles,La Floresta,2000,2500,3500,2000,10000,10131
2025-09-03,2025,Septiembre,Miércoles,Los Cedros,2000,2500,3500,3000,11000,11259
2025-09-03,2025,Septiembre,Miércoles,Palermo,2000,2500,3500,1000,9000,8840
2025-09-03,2025,Septiembre,Miércoles,Santa Ana,2000,2500,3500,5000,13000,13319
2025-09-04,2025,Septiembre,Jueves,Córdoba,2000,2500,3000,3000,10500,10515
2025-09-04,2025,Septiembre,Jueves,La Floresta,2000,2500,3000,2000,9500,9405
2025-09-04,2025,Septiembre,Jueves,Los Cedros,2000,2500,3000,3000,10500,10571
2025-09-04,2025,Septiembre,Jueves,Palermo,2000,2500,3000,1000,8500,8618
2025-09-04,2025,Septiembre,Jueves,Santa Ana,2000,2500,3000,5000,12500,12551
2025-09-05,2025,Septiembre,Viernes,Córdoba,2000,2500,2000,3000,9500,9547
2025-09-05,2025,Septiembre,Viernes,La Floresta,2000,2500,2000,2000,8500,8296
2025-09-05,2025,Septiembre,Viernes,Los Cedros,2000,2500,2000,3000,9500,9388
2025-09-05,2025,Septiembre,Viernes,Palermo,2000,2500,2000,1000,7500,7606
2025-09-05,2025,Septiembre,Viernes,Santa Ana,2000,2500,2000,5000,11500,11556
2025-09-06,2025,Septiembre,Sábado,Córdoba,2000,2500,1000,3000,8500,8365
2025-09-06,2025,Septiembre,Sábado,La Floresta,2000,2500,1000,2000,7500,7582
2025-09-06,2025,Septiembre,Sábado,Los Cedros,2000,2500,1000,3000,8500,8481
2025-09-06,2025,Septiembre,Sábado,Palermo,2000,2500,1000,1000,6500,6473
2025-09-06,2025,Septiembre,Sábado,Santa Ana,2000,2500,1000,5000,10500,10631
2025-09-07,2025,Septiembre,Domingo,Córdoba,2000,2500,1000,3000,8500,8548
2025-09-07,2025,Septiembre,Domingo,La Floresta,2000,2500,1000,2000,7500,7405
2025-09-07,2025,Septiembre,Domingo,Los Cedros,2000,2500,1000,3000,8500,8485
2025-09-07,2025,Septiembre,Domingo,Palermo,2000,2500,1000,1000,6500,6623
2025-09-07,2025,Septiembre,Domingo,Santa Ana,2000,2500,1000,5000,10500,10545
2025-09-08,2025,Septiembre,Lunes,Córdoba,2000,2500,2000,3000,9500,9621
2025-09-08,2025,Septiembre,Lunes,La Floresta,2000,2500,2000,2000,8500,8461
2025-09-08,2025,Septiembre,Lunes,Los Cedros,2000,2500,2000,3000,9500,9337
2025-09-08,2025,Septiembre,Lunes,Palermo,2000,2500,2000,1000,7500,7431
2025-09-08,2025,Septiembre,Lunes,Santa Ana,2000,2500,2000,5000,11500,11757
2025-09-09,2025,Septiembre,Martes,Córdoba,2000,2500,3000,3000,10500,10363
2025-09-09,2025,Septiembre,Martes,La Floresta,2000,2500,3000,2000,9500,9451
2025-09-09,2025,Septiembre,Martes,Los Cedros,2000,2500,3000,3000,10500,10566
2025-09-09,2025,Septiembre,Martes,Palermo,2000,2500,3000,1000,8500,8387
2025-09-09,2025,Septiembre,Martes,Santa Ana,2000,2500,3000,5000,12500,12493
2025-09-10,2025,Septiembre,Miércoles,Córdoba,2000,2500,3500,3000,11000,11165
2025-09-10,2025,Septiembre,Miércoles,La Floresta,2000,2500,3500,2000,10000,9876
2025-09-10,2025,Septiembre,Miércoles,Los Cedros,2000,2500,3500,3000,11000,10913
2025-09-10,2025,Septiembre,Miércoles,Palermo,2000,2500,3500,1000,9000,8910
2025-09-10,2025,Septiembre,Miércoles,Santa Ana,2000,2500,3500,5000,13000,12836
2025-09-11,2025,Septiembre,Jueves,Córdoba,2000,2500,3000,3000,10500,10570
2025-09-11,2025,Septiembre,Jueves,La Floresta,2000,2500,3000,2000,9500,9403
2025-09-11,2025,Septiembre,Jueves,Los Cedros,2000,2500,3000,3000,10500,10422
2025-09-11,2025,Septiembre,Jueves,Palermo,2000,2500,3000,1000,8500,8599
2025-09-11,2025,Septiembre,Jueves,Santa Ana,2000,2500,3000,5000,12500,12387
2025-09-12,2025,Septiembre,Viernes,Córdoba,2000,2500,2000,3000,9500,9418
2025-09-12,2025,Septiembre,Viernes,La Floresta,2000,2500,2000,2000,8500,8521
2025-09-12,2025,Septiembre,Viernes,Los Cedros,2000,2500,2000,3000,9500,9479
2025-09-12,2025,Septiembre,Viernes,Palermo,2000,2500,2000,1000,7500,7650
2025-09-12,2025,Septiembre,Viernes,Santa Ana,2000,2500,2000,5000,11500,11303
2025-09-13,2025,Septiembre,Sábado,Córdoba,2000,2500,1000,3000,8500,8476
2025-09-13,2025,Septiembre,Sábado,La Floresta,2000,2500,1000,2000,7500,7333
2025-09-13,2025,Septiembre,Sábado,Los Cedros,2000,2500,1000,3000,8500,8687
2025-09-13,2025,Septiembre,Sábado,Palermo,2000,2500,1000,1000,6500,6430
2025-09-13,2025,Septiembre,Sábado,Santa Ana,2000,2500,1000,5000,10500,10535
2025-09-14,2025,Septiembre,Domingo,Córdoba,2000,2500,1000,3000,8500,8545
2025-09-14,2025,Septiembre,Domingo,La Floresta,2000,2500,1000,2000,7500,7537
2025-09-14,2025,Septiembre,Domingo,Los Cedros,2000,2500,1000,3000,8500,8398
2025-09-14,2025,Septiembre,Domingo,Palermo,2000,2500,1000,1000,6500,6557
2025-09-14,2025,Septiembre,Domingo,Santa Ana,2000,2500,1000,5000,10500,10548
2025-09-15,2025,Septiembre,Lunes,Córdoba,2000,2500,2000,3000,9500,9446
2025-09-15,2025,Septiembre,Lunes,La Floresta,2000,2500,2000,2000,8500,8502
2025-09-15,2025,Septiembre,Lunes,Los Cedros,2000,2500,2000,3000,9500,9597
2025-09-15,2025,Septiembre,Lunes,Palermo,2000,2500,2000,1000,7500,7529
2025-09-15,2025,Septiembre,Lunes,Santa Ana,2000,2500,2000,5000,11500,11353
2025-09-16,2025,Septiembre,Martes,Córdoba,2000,2500,3000,3000,10500,10319
2025-09-16,2025,Septiembre,Martes,La Floresta,2000,2500,3000,2000,9500,9638
2025-09-16,2025,Septiembre,Martes,Los Cedros,2000,2500,3000,3000,10500,10507
2025-09-16,2025,Septiembre,Martes,Palermo,2000,2500,3000,1000,8500,8466
2025-09-16,2025,Septiembre,Martes,Santa Ana,2000,2500,3000,5000,12500,12371
2025-09-17,2025,Septiembre,Miércoles,Córdoba,2000,2500,3500,3000,11000,10982
2025-09-17,2025,Septiembre,Miércoles,La Floresta,2000,2500,3500,2000,10000,9939
2025-09-17,2025,Septiembre,Miércoles,Los Cedros,2000,2500,3500,3000,11000,11053
2025-09-17,2025,Septiembre,Miércoles,Palermo,2000,2500,3500,1000,9000,9069
2025-09-17,2025,Septiembre,Miércoles,Santa Ana,2000,2500,3500,5000,13000,12824
2025-09-18,2025,Septiembre,Jueves,Córdoba,2000,2500,3000,3000,10500,10417
2025-09-18,2025,Septiembre,Jueves,La Floresta,2000,2500,3000,2000,9500,9590
2025-09-18,2025,Septiembre,Jueves,Los Cedros,2000,2500,3000,3000,10500,10500
2025-09-18,2025,Septiembre,Jueves,Palermo,2000,2500,3000,1000,8500,8596
2025-09-18,2025,Septiembre,Jueves,Santa Ana,2000,2500,3000,5000,12500,12581
2025-09-19,2025,Septiembre,Viernes,Córdoba,2000,2500,2000,3000,9500,9419
2025-09-19,2025,Septiembre,Viernes,La Floresta,2000,2500,2000,2000,8500,8490
2025-09-19,2025,Septiembre,Viernes,Los Cedros,2000,2500,2000,3000,9500,9422
2025-09-19,2025,Septiembre,Viernes,Palermo,2000,2500,2000,1000,7500,7494
2025-09-19,2025,Septiembre,Viernes,Santa Ana,2000,2500,2000,5000,11500,11419
2025-09-20,2025,Septiembre,Sábado,Córdoba,2000,2500,1000,3000,8500,8516
2025-09-20,2025,Septiembre,Sábado,La Floresta,2000,2500,1000,2000,7500,7515
2025-09-20,2025,Septiembre,Sábado,Los Cedros,2000,2500,1000,3000,8500,8511
2025-09-20,2025,Septiembre,Sábado,Palermo,2000,2500,1000,1000,6500,6339
2025-09-20,2025,Septiembre,Sábado,Santa Ana,2000,2500,1000,5000,10500,10496
2025-09-21,2025,Septiembre,Domingo,Córdoba,2000,2500,1000,3000,8500,8383
2025-09-21,2025,Septiembre,Domingo,La Floresta,2000,2500,1000,2000,7500,7454
2025-09-21,2025,Septiembre,Domingo,Los Cedros,2000,2500,1000,3000,8500,8734
2025-09-21,2025,Septiembre,Domingo,Palermo,2000,2500,1000,1000,6500,6340
2025-09-21,2025,Septiembre,Domingo,Santa Ana,2000,2500,1000,5000,10500,10267
2025-09-22,2025,Septiembre,Lunes,Córdoba,2000,2500,2000,3000,9500,9482
2025-09-22,2025,Septiembre,Lunes,La Floresta,2000,2500,2000,2000,8500,8353
2025-09-22,2025,Septiembre,Lunes,Los Cedros,2000,2500,2000,3000,9500,9500
2025-09-22,2025,Septiembre,Lunes,Palermo,2000,2500,2000,1000,7500,7608
2025-09-22,2025,Septiembre,Lunes,Santa Ana,2000,2500,2000,5000,11500,11472
2025-09-23,2025,Septiembre,Martes,Córdoba,2000,2500,3000,3000,10500,10572
2025-09-23,2025,Septiembre,Martes,La Floresta,2000,2500,3000,2000,9500,9392
2025-09-23,2025,Septiembre,Martes,Los Cedros,2000,2500,3000,3000,10500,10497
2025-09-23,2025,Septiembre,Martes,Palermo,2000,2500,3000,1000,8500,8563
2025-09-23,2025,Septiembre,Martes,Santa Ana,2000,2500,3000,5000,12500,12623
2025-09-24,2025,Septiembre,Miércoles,Córdoba,2000,2500,3500,3000,11000,10845
2025-09-24,2025,Septiembre,Miércoles,La Floresta,2000,2500,3500,2000,10000,9927
2025-09-24,2025,Septiembre,Miércoles,Los Cedros,2000,2500,3500,3000,11000,10971
2025-09-24,2025,Septiembre,Miércoles,Palermo,2000,2500,3500,1000,9000,9016
2025-09-24,2025,Septiembre,Miércoles,Santa Ana,2000,2500,3500,5000,13000,13097
2025-09-25,2025,Septiembre,Jueves,Córdoba,2000,2500,3000,3000,10500,10379
2025-09-25,2025,Septiembre,Jueves,La Floresta,2000,2500,3000,2000,9500,9555
2025-09-25,2025,Septiembre,Jueves,Los Cedros,2000,2500,3000,3000,10500,10456
2025-09-25,2025,Septiembre,Jueves,Palermo,2000,2500,3000,1000,8500,8503
2025-09-25,2025,Septiembre,Jueves,Santa Ana,2000,2500,3000,5000,12500,12451
2025-09-26,2025,Septiembre,Viernes,Córdoba,2000,2500,2000,3000,9500,9424
2025-09-26,2025,Septiembre,Viernes,La Floresta,2000,2500,2000,2000,8500,8528
2025-09-26,2025,Septiembre,Viernes,Los Cedros,2000,2500,2000,3000,9500,9476
2025-09-26,2025,Septiembre,Viernes,Palermo,2000,2500,2000,1000,7500,7373
2025-09-26,2025,Septiembre,Viernes,Santa Ana,2000,2500,2000,5000,11500,11561
2025-09-27,2025,Septiembre,Sábado,Córdoba,2000,2500,1000,3000,8500,8566
2025-09-27,2025,Septiembre,Sábado,La Floresta,2000,2500,1000,2000,7500,7528
2025-09-27,2025,Septiembre,Sábado,Los Cedros,2000,2500,1000,3000,8500,8453
2025-09-27,2025,Septiembre,Sábado,Palermo,2000,2500,1000,1000,6500,6547
2025-09-27,2025,Septiembre,Sábado,Santa Ana,2000,2500,1000,5000,10500,10502
2025-09-28,2025,Septiembre,Domingo,Córdoba,2000,2500,1000,3000,8500,8505
2025-09-28,2025,Septiembre,Domingo,La Floresta,2000,2500,1000,2000,7500,7312
2025-09-28,2025,Septiembre,Domingo,Los Cedros,2000,2500,1000,3000,8500,8261
2025-09-28,2025,Septiembre,Domingo,Palermo,2000,2500,1000,1000,6500,6491
2025-09-28,2025,Septiembre,Domingo,Santa Ana,2000,2500,1000,5000,10500,10478
2025-09-29,2025,Septiembre,Lunes,Córdoba,2000,2500,2000,3000,9500,9395
2025-09-29,2025,Septiembre,Lunes,La Floresta,2000,2500,2000,2000,8500,8598
2025-09-29,2025,Septiembre,Lunes,Los Cedros,2000,2500,2000,3000,9500,9634
2025-09-29,2025,Septiembre,Lunes,Palermo,2000,2500,2000,1000,7500,7532
2025-09-29,2025,Septiembre,Lunes,Santa Ana,2000,2500,2000,5000,11500,11398
2025-09-30,2025,Septiembre,Martes,Córdoba,2000,2500,3000,3000,10500,10528
2025-09-30,2025,Septiembre,Martes,La Floresta,2000,2500,3000,2000,9500,9395
2025-09-30,2025,Septiembre,Martes,Los Cedros,2000,2500,3000,3000,10500,10297
2025-09-30,2025,Septiembre,Martes,Palermo,2000,2500,3000,1000,8500,8638
2025-09-30,2025,Septiembre,Martes,Santa Ana,2000,2500,3000,5000,12500,12542
2025-10-01,2025,Octubre,Miércoles,Córdoba,2000,2000,3500,3000,10500,10388
2025-10-01,2025,Octubre,Miércoles,La Floresta,2000,2000,3500,2000,9500,9489
2025-10-01,2025,Octubre,Miércoles,Los Cedros,2000,2000,3500,3000,10500,10450
2025-10-01,2025,Octubre,Miércoles,Palermo,2000,2000,3500,1000,8500,8386
2025-10-01,2025,Octubre,Miércoles,Santa Ana,2000,2000,3500,5000,12500,12548
2025-10-02,2025,Octubre,Jueves,Córdoba,2000,2000,3000,3000,10000,10089
2025-10-02,2025,Octubre,Jueves,La Floresta,2000,2000,3000,2000,9000,9057
2025-10-02,2025,Octubre,Jueves,Los Cedros,2000,2000,3000,3000,10000,10130
2025-10-02,2025,Octubre,Jueves,Palermo,2000,2000,3000,1000,8000,8100
2025-10-02,2025,Octubre,Jueves,Santa Ana,2000,2000,3000,5000,12000,11948
2025-10-03,2025,Octubre,Viernes,Córdoba,2000,2000,2000,3000,9000,8891
2025-10-03,2025,Octubre,Viernes,La Floresta,2000,2000,2000,2000,8000,8029
2025-10-03,2025,Octubre,Viernes,Los Cedros,2000,2000,2000,3000,9000,9049
2025-10-03,2025,Octubre,Viernes,Palermo,2000,2000,2000,1000,7000,7003
2025-10-03,2025,Octubre,Viernes,Santa Ana,2000,2000,2000,5000,11000,10884
2025-10-04,2025,Octubre,Sábado,Córdoba,2000,2000,1000,3000,8000,8039
2025-10-04,2025,Octubre,Sábado,La Floresta,2000,2000,1000,2000,7000,7183
2025-10-04,2025,Octubre,Sábado,Los Cedros,2000,2000,1000,3000,8000,8074
2025-10-04,2025,Octubre,Sábado,Palermo,2000,2000,1000,1000,6000,6051
2025-10-04,2025,Octubre,Sábado,Santa Ana,2000,2000,1000,5000,10000,10103
2025-10-05,2025,Octubre,Domingo,Córdoba,2000,2000,1000,3000,8000,8059
2025-10-05,2025,Octubre,Domingo,La Floresta,2000,2000,1000,2000,7000,7092
2025-10-05,2025,Octubre,Domingo,Los Cedros,2000,2000,1000,3000,8000,7839
2025-10-05,2025,Octubre,Domingo,Palermo,2000,2000,1000,1000,6000,5901
2025-10-05,2025,Octubre,Domingo,Santa Ana,2000,2000,1000,5000,10000,9824
2025-10-06,2025,Octubre,Lunes,Córdoba,2000,2000,2000,3000,9000,8934
2025-10-06,2025,Octubre,Lunes,La Floresta,2000,2000,2000,2000,8000,7957
2025-10-06,2025,Octubre,Lunes,Los Cedros,2000,2000,2000,3000,9000,9074
2025-10-06,2025,Octubre,Lunes,Palermo,2000,2000,2000,1000,7000,6956
2025-10-06,2025,Octubre,Lunes,Santa Ana,2000,2000,2000,5000,11000,11004
2025-10-07,2025,Octubre,Martes,Córdoba,2000,2000,3000,3000,10000,10076
2025-10-07,2025,Octubre,Martes,La Floresta,2000,2000,3000,2000,9000,9086
2025-10-07,2025,Octubre,Martes,Los Cedros,2000,2000,3000,3000,10000,10056
2025-10-07,2025,Octubre,Martes,Palermo,2000,2000,3000,1000,8000,7966
2025-10-07,2025,Octubre,Martes,Santa Ana,2000,2000,3000,5000,12000,11928
2025-10-08,2025,Octubre,Miércoles,Córdoba,2000,2000,3500,3000,10500,10635
2025-10-08,2025,Octubre,Miércoles,La Floresta,2000,2000,3500,2000,9500,9646
2025-10-08,2025,Octubre,Miércoles,Los Cedros,2000,2000,3500,3000,10500,10498
2025-10-08,2025,Octubre,Miércoles,Palermo,2000,2000,3500,1000,8500,8541
2025-10-08,2025,Octubre,Miércoles,Santa Ana,2000,2000,3500,5000,12500,12404
2025-10-09,2025,Octubre,Jueves,Córdoba,2000,2000,3000,3000,10000,9783
2025-10-09,2025,Octubre,Jueves,La Floresta,2000,2000,3000,2000,9000,9096
2025-10-09,2025,Octubre,Jueves,Los Cedros,2000,2000,3000,3000,10000,9971
2025-10-09,2025,Octubre,Jueves,Palermo,2000,2000,3000,1000,8000,7763
2025-10-09,2025,Octubre,Jueves,Santa Ana,2000,2000,3000,5000,12000,11979
2025-10-10,2025,Octubre,Viernes,Córdoba,2000,2000,2000,3000,9000,8938
2025-10-10,2025,Octubre,Viernes,La Floresta,2000,2000,2000,2000,8000,8084
2025-10-10,2025,Octubre,Viernes,Los Cedros,2000,2000,2000,3000,9000,9034
2025-10-10,2025,Octubre,Viernes,Palermo,2000,2000,2000,1000,7000,6888
2025-10-10,2025,Octubre,Viernes,Santa Ana,2000,2000,2000,5000,11000,10878
2025-10-11,2025,Octubre,Sábado,Córdoba,2000,2000,1000,3000,8000,8005
2025-10-11,2025,Octubre,Sábado,La Floresta,2000,2000,1000,2000,7000,6876
2025-10-11,2025,Octubre,Sábado,Los Cedros,2000,2000,1000,3000,8000,8051
2025-10-11,2025,Octubre,Sábado,Palermo,2000,2000,1000,1000,6000,6007
2025-10-11,2025,Octubre,Sábado,Santa Ana,2000,2000,1000,5000,10000,9918
2025-10-12,2025,Octubre,Domingo,Córdoba,2000,2000,1000,3000,8000,8021
2025-10-12,2025,Octubre,Domingo,La Floresta,2000,2000,1000,2000,7000,7117
2025-10-12,2025,Octubre,Domingo,Los Cedros,2000,2000,1000,3000,8000,7997
2025-10-12,2025,Octubre,Domingo,Palermo,2000,2000,1000,1000,6000,6096
2025-10-12,2025,Octubre,Domingo,Santa Ana,2000,2000,1000,5000,10000,9992
2025-10-13,2025,Octubre,Lunes,Córdoba,2000,2000,2000,3000,9000,9142
2025-10-13,2025,Octubre,Lunes,La Floresta,2000,2000,2000,2000,8000,7926
2025-10-13,2025,Octubre,Lunes,Los Cedros,2000,2000,2000,3000,9000,8974
2025-10-13,2025,Octubre,Lunes,Palermo,2000,2000,2000,1000,7000,7104
2025-10-13,2025,Octubre,Lunes,Santa Ana,2000,2000,2000,5000,11000,10926
2025-10-14,2025,Octubre,Martes,Córdoba,2000,2000,3000,3000,10000,9853
2025-10-14,2025,Octubre,Martes,La Floresta,2000,2000,3000,2000,9000,9079
2025-10-14,2025,Octubre,Martes,Los Cedros,2000,2000,3000,3000,10000,10022
2025-10-14,2025,Octubre,Martes,Palermo,2000,2000,3000,1000,8000,7817
2025-10-14,2025,Octubre,Martes,Santa Ana,2000,2000,3000,5000,12000,11805
2025-10-15,2025,Octubre,Miércoles,Córdoba,2000,2000,3500,3000,10500,10460
2025-10-15,2025,Octubre,Miércoles,La Floresta,2000,2000,3500,2000,9500,9588
2025-10-15,2025,Octubre,Miércoles,Los Cedros,2000,2000,3500,3000,10500,10617
2025-10-15,2025,Octubre,Miércoles,Palermo,2000,2000,3500,1000,8500,8481
2025-10-15,2025,Octubre,Miércoles,Santa Ana,2000,2000,3500,5000,12500,12500
2025-10-16,2025,Octubre,Jueves,Córdoba,2000,2000,3000,3000,10000,10060
2025-10-16,2025,Octubre,Jueves,La Floresta,2000,2000,3000,2000,9000,8936
2025-10-16,2025,Octubre,Jueves,Los Cedros,2000,2000,3000,3000,10000,9873
2025-10-16,2025,Octubre,Jueves,Palermo,2000,2000,3000,1000,8000,8019
2025-10-16,2025,Octubre,Jueves,Santa Ana,2000,2000,3000,5000,12000,12028
2025-10-17,2025,Octubre,Viernes,Córdoba,2000,2000,2000,3000,9000,8988
2025-10-17,2025,Octubre,Viernes,La Floresta,2000,2000,2000,2000,8000,8105
2025-10-17,2025,Octubre,Viernes,Los Cedros,2000,2000,2000,3000,9000,8984
2025-10-17,2025,Octubre,Viernes,Palermo,2000,2000,2000,1000,7000,6903
2025-10-17,2025,Octubre,Viernes,Santa Ana,2000,2000,2000,5000,11000,11069
2025-10-18,2025,Octubre,Sábado,Córdoba,2000,2000,1000,3000,8000,8043
2025-10-18,2025,Octubre,Sábado,La Floresta,2000,2000,1000,2000,7000,6956
2025-10-18,2025,Octubre,Sábado,Los Cedros,2000,2000,1000,3000,8000,8087
2025-10-18,2025,Octubre,Sábado,Palermo,2000,2000,1000,1000,6000,5962
2025-10-18,2025,Octubre,Sábado,Santa Ana,2000,2000,1000,5000,10000,9984
2025-10-19,2025,Octubre,Domingo,Córdoba,2000,2000,1000,3000,8000,7980
2025-10-19,2025,Octubre,Domingo,La Floresta,2000,2000,1000,2000,7000,6959
2025-10-19,2025,Octubre,Domingo,Los Cedros,2000,2000,1000,3000,8000,8077
2025-10-19,2025,Octubre,Domingo,Palermo,2000,2000,1000,1000,6000,5890
2025-10-19,2025,Octubre,Domingo,Santa Ana,2000,2000,1000,5000,10000,9998
2025-10-20,2025,Octubre,Lunes,Córdoba,2000,2000,2000,3000,9000,9111
2025-10-20,2025,Octubre,Lunes,La Floresta,2000,2000,2000,2000,8000,7979
2025-10-20,2025,Octubre,Lunes,Los Cedros,2000,2000,2000,3000,9000,8967
2025-10-20,2025,Octubre,Lunes,Palermo,2000,2000,2000,1000,7000,7053
2025-10-20,2025,Octubre,Lunes,Santa Ana,2000,2000,2000,5000,11000,11160
2025-10-21,2025,Octubre,Martes,Córdoba,2000,2000,3000,3000,10000,9917
2025-10-21,2025,Octubre,Martes,La Floresta,2000,2000,3000,2000,9000,9038
2025-10-21,2025,Octubre,Martes,Los Cedros,2000,2000,3000,3000,10000,9841
2025-10-21,2025,Octubre,Martes,Palermo,2000,2000,3000,1000,8000,7845
2025-10-21,2025,Octubre,Martes,Santa Ana,2000,2000,3000,5000,12000,11891
2025-10-22,2025,Octubre,Miércoles,Córdoba,2000,2000,3500,3000,10500,10499
2025-10-22,2025,Octubre,Miércoles,La Floresta,2000,2000,3500,2000,9500,9454
2025-10-22,2025,Octubre,Miércoles,Los Cedros,2000,2000,3500,3000,10500,10435
2025-10-22,2025,Octubre,Miércoles,Palermo,2000,2000,3500,1000,8500,8583
2025-10-22,2025,Octubre,Miércoles,Santa Ana,2000,2000,3500,5000,12500,12636
2025-10-23,2025,Octubre,Jueves,Córdoba,2000,2000,3000,3000,10000,9996
2025-10-23,2025,Octubre,Jueves,La Floresta,2000,2000,3000,2000,9000,8950
2025-10-23,2025,Octubre,Jueves,Los Cedros,2000,2000,3000,3000,10000,10052
2025-10-23,2025,Octubre,Jueves,Palermo,2000,2000,3000,1000,8000,7925
2025-10-23,2025,Octubre,Jueves,Santa Ana,2000,2000,3000,5000,12000,12114
2025-10-24,2025,Octubre,Viernes,Córdoba,2000,2000,2000,3000,9000,9024
2025-10-24,2025,Octubre,Viernes,La Floresta,2000,2000,2000,2000,8000,8146
2025-10-24,2025,Octubre,Viernes,Los Cedros,2000,2000,2000,3000,9000,9065
2025-10-24,2025,Octubre,Viernes,Palermo,2000,2000,2000,1000,7000,6977
2025-10-24,2025,Octubre,Viernes,Santa Ana,2000,2000,2000,5000,11000,11089
2025-10-25,2025,Octubre,Sábado,Córdoba,2000,2000,1000,3000,8000,7920
2025-10-25,2025,Octubre,Sábado,La Floresta,2000,2000,1000,2000,7000,6961
2025-10-25,2025,Octubre,Sábado,Los Cedros,2000,2000,1000,3000,8000,7980
2025-10-25,2025,Octubre,Sábado,Palermo,2000,2000,1000,1000,6000,6014
2025-10-25,2025,Octubre,Sábado,Santa Ana,2000,2000,1000,5000,10000,10023
2025-10-26,2025,Octubre,Domingo,Córdoba,2000,2000,1000,3000,8000,8053
2025-10-26,2025,Octubre,Domingo,La Floresta,2000,2000,1000,2000,7000,7070
2025-10-26,2025,Octubre,Domingo,Los Cedros,2000,2000,1000,3000,8000,7947
2025-10-26,2025,Octubre,Domingo,Palermo,2000,2000,1000,1000,6000,6051
2025-10-26,2025,Octubre,Domingo,Santa Ana,2000,2000,1000,5000,10000,9952
2025-10-27,2025,Octubre,Lunes,Córdoba,2000,2000,2000,3000,9000,9002
2025-10-27,2025,Octubre,Lunes,La Floresta,2000,2000,2000,2000,8000,7985
2025-10-27,2025,Octubre,Lunes,Los Cedros,2000,2000,2000,3000,9000,8993
2025-10-27,2025,Octubre,Lunes,Palermo,2000,2000,2000,1000,7000,6949
2025-10-27,2025,Octubre,Lunes,Santa Ana,2000,2000,2000,5000,11000,10987
2025-10-28,2025,Octubre,Martes,Córdoba,2000,2000,3000,3000,10000,9906
2025-10-28,2025,Octubre,Martes,La Floresta,2000,2000,3000,2000,9000,9109
2025-10-28,2025,Octubre,Martes,Los Cedros,2000,2000,3000,3000,10000,9905
2025-10-28,2025,Octubre,Martes,Palermo,2000,2000,3000,1000,8000,8024
2025-10-28,2025,Octubre,Martes,Santa Ana,2000,2000,3000,5000,12000,11970
2025-10-29,2025,Octubre,Miércoles,Córdoba,2000,2000,3500,3000,10500,10468
2025-10-29,2025,Octubre,Miércoles,La Floresta,2000,2000,3500,2000,9500,9444
2025-10-29,2025,Octubre,Miércoles,Los Cedros,2000,2000,3500,3000,10500,10571
2025-10-29,2025,Octubre,Miércoles,Palermo,2000,2000,3500,1000,8500,8595
2025-10-29,2025,Octubre,Miércoles,Santa Ana,2000,2000,3500,5000,12500,12394
2025-10-30,2025,Octubre,Jueves,Córdoba,2000,2000,3000,3000,10000,10033
2025-10-30,2025,Octubre,Jueves,La Floresta,2000,2000,3000,2000,9000,8870
2025-10-30,2025,Octubre,Jueves,Los Cedros,2000,2000,3000,3000,10000,10006
2025-10-30,2025,Octubre,Jueves,Palermo,2000,2000,3000,1000,8000,7991
2025-10-30,2025,Octubre,Jueves,Santa Ana,2000,2000,3000,5000,12000,11899
2025-10-31,2025,Octubre,Viernes,Córdoba,2000,2000,2000,3000,9000,8852
2025-10-31,2025,Octubre,Viernes,La Floresta,2000,2000,2000,2000,8000,8102
2025-10-31,2025,Octubre,Viernes,Los Cedros,2000,2000,2000,3000,9000,8947
2025-10-31,2025,Octubre,Viernes,Palermo,2000,2000,2000,1000,7000,7018
2025-10-31,2025,Octubre,Viernes,Santa Ana,2000,2000,2000,5000,11000,10837
2025-11-01,2025,Noviembre,Sábado,Córdoba,2000,1500,1000,3000,7500,7606
2025-11-01,2025,Noviembre,Sábado,La Floresta,2000,1500,1000,2000,6500,6310
2025-11-01,2025,Noviembre,Sábado,Los Cedros,2000,1500,1000,3000,7500,7489
2025-11-01,2025,Noviembre,Sábado,Palermo,2000,1500,1000,1000,5500,5544
2025-11-01,2025,Noviembre,Sábado,Santa Ana,2000,1500,1000,5000,9500,9526
2025-11-02,2025,Noviembre,Domingo,Córdoba,2000,1500,1000,3000,7500,7519
2025-11-02,2025,Noviembre,Domingo,La Floresta,2000,1500,1000,2000,6500,6590
2025-11-02,2025,Noviembre,Domingo,Los Cedros,2000,1500,1000,3000,7500,7591
2025-11-02,2025,Noviembre,Domingo,Palermo,2000,1500,1000,1000,5500,5470
2025-11-02,2025,Noviembre,Domingo,Santa Ana,2000,1500,1000,5000,9500,9774
2025-11-03,2025,Noviembre,Lunes,Córdoba,2000,1500,2000,3000,8500,8532
2025-11-03,2025,Noviembre,Lunes,La Floresta,2000,1500,2000,2000,7500,7446
2025-11-03,2025,Noviembre,Lunes,Los Cedros,2000,1500,2000,3000,8500,8448
2025-11-03,2025,Noviembre,Lunes,Palermo,2000,1500,2000,1000,6500,6599
2025-11-03,2025,Noviembre,Lunes,Santa Ana,2000,1500,2000,5000,10500,10475
2025-11-04,2025,Noviembre,Martes,Córdoba,2000,1500,3000,3000,9500,9318
2025-11-04,2025,Noviembre,Martes,La Floresta,2000,1500,3000,2000,8500,8738
2025-11-04,2025,Noviembre,Martes,Los Cedros,2000,1500,3000,3000,9500,9442
2025-11-04,2025,Noviembre,Martes,Palermo,2000,1500,3000,1000,7500,7483
2025-11-04,2025,Noviembre,Martes,Santa Ana,2000,1500,3000,5000,11500,11553
2025-11-05,2025,Noviembre,Miércoles,Córdoba,2000,1500,3500,3000,10000,9915
2025-11-05,2025,Noviembre,Miércoles,La Floresta,2000,1500,3500,2000,9000,9024
2025-11-05,2025,Noviembre,Miércoles,Los Cedros,2000,1500,3500,3000,10000,9965
2025-11-05,2025,Noviembre,Miércoles,Palermo,2000,1500,3500,1000,8000,7959
2025-11-05,2025,Noviembre,Miércoles,Santa Ana,2000,1500,3500,5000,12000,12213
2025-11-06,2025,Noviembre,Jueves,Córdoba,2000,1500,3000,3000,9500,9537
2025-11-06,2025,Noviembre,Jueves,La Floresta,2000,1500,3000,2000,8500,8276
2025-11-06,2025,Noviembre,Jueves,Los Cedros,2000,1500,3000,3000,9500,9521
2025-11-06,2025,Noviembre,Jueves,Palermo,2000,1500,3000,1000,7500,7535
2025-11-06,2025,Noviembre,Jueves,Santa Ana,2000,1500,3000,5000,11500,11457
2025-11-07,2025,Noviembre,Viernes,Córdoba,2000,1500,2000,3000,8500,8497
2025-11-07,2025,Noviembre,Viernes,La Floresta,2000,1500,2000,2000,7500,7556
2025-11-07,2025,Noviembre,Viernes,Los Cedros,2000,1500,2000,3000,8500,8541
2025-11-07,2025,Noviembre,Viernes,Palermo,2000,1500,2000,1000,6500,6540
2025-11-07,2025,Noviembre,Viernes,Santa Ana,2000,1500,2000,5000,10500,10586
2025-11-08,2025,Noviembre,Sábado,Córdoba,2000,1500,1000,3000,7500,7527
2025-11-08,2025,Noviembre,Sábado,La Floresta,2000,1500,1000,2000,6500,6565
2025-11-08,2025,Noviembre,Sábado,Los Cedros,2000,1500,1000,3000,7500,7552
2025-11-08,2025,Noviembre,Sábado,Palermo,2000,1500,1000,1000,5500,5538
2025-11-08,2025,Noviembre,Sábado,Santa Ana,2000,1500,1000,5000,9500,9393
2025-11-09,2025,Noviembre,Domingo,Córdoba,2000,1500,1000,3000,7500,7578
2025-11-09,2025,Noviembre,Domingo,La Floresta,2000,1500,1000,2000,6500,6497
2025-11-09,2025,Noviembre,Domingo,Los Cedros,2000,1500,1000,3000,7500,7536
2025-11-09,2025,Noviembre,Domingo,Palermo,2000,1500,1000,1000,5500,5326
2025-11-09,2025,Noviembre,Domingo,Santa Ana,2000,1500,1000,5000,9500,9407
2025-11-10,2025,Noviembre,Lunes,Córdoba,2000,1500,2000,3000,8500,8379
2025-11-10,2025,Noviembre,Lunes,La Floresta,2000,1500,2000,2000,7500,7550
2025-11-10,2025,Noviembre,Lunes,Los Cedros,2000,1500,2000,3000,8500,8492
2025-11-10,2025,Noviembre,Lunes,Palermo,2000,1500,2000,1000,6500,6438
2025-11-10,2025,Noviembre,Lunes,Santa Ana,2000,1500,2000,5000,10500,10591
2025-11-11,2025,Noviembre,Martes,Córdoba,2000,1500,3000,3000,9500,9660
2025-11-11,2025,Noviembre,Martes,La Floresta,2000,1500,3000,2000,8500,8435
2025-11-11,2025,Noviembre,Martes,Los Cedros,2000,1500,3000,3000,9500,9507
2025-11-11,2025,Noviembre,Martes,Palermo,2000,1500,3000,1000,7500,7534
2025-11-11,2025,Noviembre,Martes,Santa Ana,2000,1500,3000,5000,11500,11524
2025-11-12,2025,Noviembre,Miércoles,Córdoba,2000,1500,3500,3000,10000,9868
2025-11-12,2025,Noviembre,Miércoles,La Floresta,2000,1500,3500,2000,9000,8987
2025-11-12,2025,Noviembre,Miércoles,Los Cedros,2000,1500,3500,3000,10000,10083
2025-11-12,2025,Noviembre,Miércoles,Palermo,2000,1500,3500,1000,8000,7906
2025-11-12,2025,Noviembre,Miércoles,Santa Ana,2000,1500,3500,5000,12000,12043
2025-11-13,2025,Noviembre,Jueves,Córdoba,2000,1500,3000,3000,9500,9609
2025-11-13,2025,Noviembre,Jueves,La Floresta,2000,1500,3000,2000,8500,8426
2025-11-13,2025,Noviembre,Jueves,Los Cedros,2000,1500,3000,3000,9500,9416
2025-11-13,2025,Noviembre,Jueves,Palermo,2000,1500,3000,1000,7500,7529
2025-11-13,2025,Noviembre,Jueves,Santa Ana,2000,1500,3000,5000,11500,11459
2025-11-14,2025,Noviembre,Viernes,Córdoba,2000,1500,2000,3000,8500,8503
2025-11-14,2025,Noviembre,Viernes,La Floresta,2000,1500,2000,2000,7500,7463
2025-11-14,2025,Noviembre,Viernes,Los Cedros,2000,1500,2000,3000,8500,8401
2025-11-14,2025,Noviembre,Viernes,Palermo,2000,1500,2000,1000,6500,6545
2025-11-14,2025,Noviembre,Viernes,Santa Ana,2000,1500,2000,5000,10500,10460
2025-11-15,2025,Noviembre,Sábado,Córdoba,2000,1500,1000,3000,7500,7453
2025-11-15,2025,Noviembre,Sábado,La Floresta,2000,1500,1000,2000,6500,6314
2025-11-15,2025,Noviembre,Sábado,Los Cedros,2000,1500,1000,3000,7500,7523
2025-11-15,2025,Noviembre,Sábado,Palermo,2000,1500,1000,1000,5500,5519
2025-11-15,2025,Noviembre,Sábado,Santa Ana,2000,1500,1000,5000,9500,9589
2025-11-16,2025,Noviembre,Domingo,Córdoba,2000,1500,1000,3000,7500,7460
2025-11-16,2025,Noviembre,Domingo,La Floresta,2000,1500,1000,2000,6500,6497
2025-11-16,2025,Noviembre,Domingo,Los Cedros,2000,1500,1000,3000,7500,7524
2025-11-16,2025,Noviembre,Domingo,Palermo,2000,1500,1000,1000,5500,5281
2025-11-16,2025,Noviembre,Domingo,Santa Ana,2000,1500,1000,5000,9500,9591
2025-11-17,2025,Noviembre,Lunes,Córdoba,2000,1500,2000,3000,8500,8531
2025-11-17,2025,Noviembre,Lunes,La Floresta,2000,1500,2000,2000,7500,7370
2025-11-17,2025,Noviembre,Lunes,Los Cedros,2000,1500,2000,3000,8500,8489
2025-11-17,2025,Noviembre,Lunes,Palermo,2000,1500,2000,1000,6500,6447
2025-11-17,2025,Noviembre,Lunes,Santa Ana,2000,1500,2000,5000,10500,10466
2025-11-18,2025,Noviembre,Martes,Córdoba,2000,1500,3000,3000,9500,9571
2025-11-18,2025,Noviembre,Martes,La Floresta,2000,1500,3000,2000,8500,8635
2025-11-18,2025,Noviembre,Martes,Los Cedros,2000,1500,3000,3000,9500,9668
2025-11-18,2025,Noviembre,Martes,Palermo,2000,1500,3000,1000,7500,7580
2025-11-18,2025,Noviembre,Martes,Santa Ana,2000,1500,3000,5000,11500,11471
2025-11-19,2025,Noviembre,Miércoles,Córdoba,2000,1500,3500,3000,10000,10090
2025-11-19,2025,Noviembre,Miércoles,La Floresta,2000,1500,3500,2000,9000,8906
2025-11-19,2025,Noviembre,Miércoles,Los Cedros,2000,1500,3500,3000,10000,9969
2025-11-19,2025,Noviembre,Miércoles,Palermo,2000,1500,3500,1000,8000,8058
2025-11-19,2025,Noviembre,Miércoles,Santa Ana,2000,1500,3500,5000,12000,12076
2025-11-20,2025,Noviembre,Jueves,Córdoba,2000,1500,3000,3000,9500,9422
2025-11-20,2025,Noviembre,Jueves,La Floresta,2000,1500,3000,2000,8500,8630
2025-11-20,2025,Noviembre,Jueves,Los Cedros,2000,1500,3000,3000,9500,9460
2025-11-20,2025,Noviembre,Jueves,Palermo,2000,1500,3000,1000,7500,7510
2025-11-20,2025,Noviembre,Jueves,Santa Ana,2000,1500,3000,5000,11500,11367
2025-11-21,2025,Noviembre,Viernes,Córdoba,2000,1500,2000,3000,8500,8606
2025-11-21,2025,Noviembre,Viernes,La Floresta,2000,1500,2000,2000,7500,7394
2025-11-21,2025,Noviembre,Viernes,Los Cedros,2000,1500,2000,3000,8500,8506
2025-11-21,2025,Noviembre,Viernes,Palermo,2000,1500,2000,1000,6500,6597
2025-11-21,2025,Noviembre,Viernes,Santa Ana,2000,1500,2000,5000,10500,10396
2025-11-22,2025,Noviembre,Sábado,Córdoba,2000,1500,1000,3000,7500,7435
2025-11-22,2025,Noviembre,Sábado,La Floresta,2000,1500,1000,2000,6500,6566
2025-11-22,2025,Noviembre,Sábado,Los Cedros,2000,1500,1000,3000,7500,7497
2025-11-22,2025,Noviembre,Sábado,Palermo,2000,1500,1000,1000,5500,5557
2025-11-22,2025,Noviembre,Sábado,Santa Ana,2000,1500,1000,5000,9500,9576
2025-11-23,2025,Noviembre,Domingo,Córdoba,2000,1500,1000,3000,7500,7372
2025-11-23,2025,Noviembre,Domingo,La Floresta,2000,1500,1000,2000,6500,6504
2025-11-23,2025,Noviembre,Domingo,Los Cedros,2000,1500,1000,3000,7500,7574
2025-11-23,2025,Noviembre,Domingo,Palermo,2000,1500,1000,1000,5500,5652
2025-11-23,2025,Noviembre,Domingo,Santa Ana,2000,1500,1000,5000,9500,9564
2025-11-24,2025,Noviembre,Lunes,Córdoba,2000,1500,2000,3000,8500,8404
2025-11-24,2025,Noviembre,Lunes,La Floresta,2000,1500,2000,2000,7500,7434
2025-11-24,2025,Noviembre,Lunes,Los Cedros,2000,1500,2000,3000,8500,8504
2025-11-24,2025,Noviembre,Lunes,Palermo,2000,1500,2000,1000,6500,6489
2025-11-24,2025,Noviembre,Lunes,Santa Ana,2000,1500,2000,5000,10500,10315
2025-11-25,2025,Noviembre,Martes,Córdoba,2000,1500,3000,3000,9500,9382
2025-11-25,2025,Noviembre,Martes,La Floresta,2000,1500,3000,2000,8500,8684
2025-11-25,2025,Noviembre,Martes,Los Cedros,2000,1500,3000,3000,9500,9669
2025-11-25,2025,Noviembre,Martes,Palermo,2000,1500,3000,1000,7500,7605
2025-11-25,2025,Noviembre,Martes,Santa Ana,2000,1500,3000,5000,11500,11345
2025-11-26,2025,Noviembre,Miércoles,Córdoba,2000,1500,3500,3000,10000,9919
2025-11-26,2025,Noviembre,Miércoles,La Floresta,2000,1500,3500,2000,9000,9098
2025-11-26,2025,Noviembre,Miércoles,Los Cedros,2000,1500,3500,3000,10000,10005
2025-11-26,2025,Noviembre,Miércoles,Palermo,2000,1500,3500,1000,8000,7905
2025-11-26,2025,Noviembre,Miércoles,Santa Ana,2000,1500,3500,5000,12000,11776
2025-11-27,2025,Noviembre,Jueves,Córdoba,2000,1500,3000,3000,9500,9523
2025-11-27,2025,Noviembre,Jueves,La Floresta,2000,1500,3000,2000,8500,8724
2025-11-27,2025,Noviembre,Jueves,Los Cedros,2000,1500,3000,3000,9500,9642
2025-11-27,2025,Noviembre,Jueves,Palermo,2000,1500,3000,1000,7500,7473
2025-11-27,2025,Noviembre,Jueves,Santa Ana,2000,1500,3000,5000,11500,11587
2025-11-28,2025,Noviembre,Viernes,Córdoba,2000,1500,2000,3000,8500,8458
2025-11-28,2025,Noviembre,Viernes,La Floresta,2000,1500,2000,2000,7500,7455
2025-11-28,2025,Noviembre,Viernes,Los Cedros,2000,1500,2000,3000,8500,8542
2025-11-28,2025,Noviembre,Viernes,Palermo,2000,1500,2000,1000,6500,6625
2025-11-28,2025,Noviembre,Viernes,Santa Ana,2000,1500,2000,5000,10500,10432
2025-11-29,2025,Noviembre,Sábado,Córdoba,2000,1500,1000,3000,7500,7558
2025-11-29,2025,Noviembre,Sábado,La Floresta,2000,1500,1000,2000,6500,6567
2025-11-29,2025,Noviembre,Sábado,Los Cedros,2000,1500,1000,3000,7500,7454
2025-11-29,2025,Noviembre,Sábado,Palermo,2000,1500,1000,1000,5500,5501
2025-11-29,2025,Noviembre,Sábado,Santa Ana,2000,1500,1000,5000,9500,9405
2025-11-30,2025,Noviembre,Domingo,Córdoba,2000,1500,1000,3000,7500,7509
2025-11-30,2025,Noviembre,Domingo,La Floresta,2000,1500,1000,2000,6500,6642
2025-11-30,2025,Noviembre,Domingo,Los Cedros,2000,1500,1000,3000,7500,7383
2025-11-30,2025,Noviembre,Domingo,Palermo,2000,1500,1000,1000,5500,5522
2025-11-30,2025,Noviembre,Domingo,Santa Ana,2000,1500,1000,5000,9500,9318
2025-12-01,2025,Diciembre,Lunes,Córdoba,2000,1000,2000,3000,8000,7971
2025-12-01,2025,Diciembre,Lunes,La Floresta,2000,1000,2000,2000,7000,6865
2025-12-01,2025,Diciembre,Lunes,Los Cedros,2000,1000,2000,3000,8000,8157
2025-12-01,2025,Diciembre,Lunes,Palermo,2000,1000,2000,1000,6000,5968
2025-12-01,2025,Diciembre,Lunes,Santa Ana,2000,1000,2000,5000,10000,10001
2025-12-02,2025,Diciembre,Martes,Córdoba,2000,1000,3000,3000,9000,9058
2025-12-02,2025,Diciembre,Martes,La Floresta,2000,1000,3000,2000,8000,8053
2025-12-02,2025,Diciembre,Martes,Los Cedros,2000,1000,3000,3000,9000,8951
2025-12-02,2025,Diciembre,Martes,Palermo,2000,1000,3000,1000,7000,6862
2025-12-02,2025,Diciembre,Martes,Santa Ana,2000,1000,3000,5000,11000,10855
2025-12-03,2025,Diciembre,Miércoles,Córdoba,2000,1000,3500,3000,9500,9649
2025-12-03,2025,Diciembre,Miércoles,La Floresta,2000,1000,3500,2000,8500,8515
2025-12-03,2025,Diciembre,Miércoles,Los Cedros,2000,1000,3500,3000,9500,9481
2025-12-03,2025,Diciembre,Miércoles,Palermo,2000,1000,3500,1000,7500,7386
2025-12-03,2025,Diciembre,Miércoles,Santa Ana,2000,1000,3500,5000,11500,11458
2025-12-04,2025,Diciembre,Jueves,Córdoba,2000,1000,3000,3000,9000,9000
2025-12-04,2025,Diciembre,Jueves,La Floresta,2000,1000,3000,2000,8000,8126
2025-12-04,2025,Diciembre,Jueves,Los Cedros,2000,1000,3000,3000,9000,9035
2025-12-04,2025,Diciembre,Jueves,Palermo,2000,1000,3000,1000,7000,6848
2025-12-04,2025,Diciembre,Jueves,Santa Ana,2000,1000,3000,5000,11000,10946
2025-12-05,2025,Diciembre,Viernes,Córdoba,2000,1000,2000,3000,8000,7892
2025-12-05,2025,Diciembre,Viernes,La Floresta,2000,1000,2000,2000,7000,6999
2025-12-05,2025,Diciembre,Viernes,Los Cedros,2000,1000,2000,3000,8000,7971
2025-12-05,2025,Diciembre,Viernes,Palermo,2000,1000,2000,1000,6000,6098
2025-12-05,2025,Diciembre,Viernes,Santa Ana,2000,1000,2000,5000,10000,9938
2025-12-06,2025,Diciembre,Sábado,Córdoba,2000,1000,1000,3000,7000,6989
2025-12-06,2025,Diciembre,Sábado,La Floresta,2000,1000,1000,2000,6000,6024
2025-12-06,2025,Diciembre,Sábado,Los Cedros,2000,1000,1000,3000,7000,7049
2025-12-06,2025,Diciembre,Sábado,Palermo,2000,1000,1000,1000,5000,4959
2025-12-06,2025,Diciembre,Sábado,Santa Ana,2000,1000,1000,5000,9000,8977
2025-12-07,2025,Diciembre,Domingo,Córdoba,2000,1000,1000,3000,7000,6974
2025-12-07,2025,Diciembre,Domingo,La Floresta,2000,1000,1000,2000,6000,6029
2025-12-07,2025,Diciembre,Domingo,Los Cedros,2000,1000,1000,3000,7000,6972
2025-12-07,2025,Diciembre,Domingo,Palermo,2000,1000,1000,1000,5000,4870
2025-12-07,2025,Diciembre,Domingo,Santa Ana,2000,1000,1000,5000,9000,9067
2025-12-08,2025,Diciembre,Lunes,Córdoba,2000,1000,2000,3000,8000,8116
2025-12-08,2025,Diciembre,Lunes,La Floresta,2000,1000,2000,2000,7000,6859
2025-12-08,2025,Diciembre,Lunes,Los Cedros,2000,1000,2000,3000,8000,8004
2025-12-08,2025,Diciembre,Lunes,Palermo,2000,1000,2000,1000,6000,5961
2025-12-08,2025,Diciembre,Lunes,Santa Ana,2000,1000,2000,5000,10000,9941
2025-12-09,2025,Diciembre,Martes,Córdoba,2000,1000,3000,3000,9000,8970
2025-12-09,2025,Diciembre,Martes,La Floresta,2000,1000,3000,2000,8000,8095
2025-12-09,2025,Diciembre,Martes,Los Cedros,2000,1000,3000,3000,9000,8969
2025-12-09,2025,Diciembre,Martes,Palermo,2000,1000,3000,1000,7000,7102
2025-12-09,2025,Diciembre,Martes,Santa Ana,2000,1000,3000,5000,11000,10994
2025-12-10,2025,Diciembre,Miércoles,Córdoba,2000,1000,3500,3000,9500,9613
2025-12-10,2025,Diciembre,Miércoles,La Floresta,2000,1000,3500,2000,8500,8411
2025-12-10,2025,Diciembre,Miércoles,Los Cedros,2000,1000,3500,3000,9500,9601
2025-12-10,2025,Diciembre,Miércoles,Palermo,2000,1000,3500,1000,7500,7553
2025-12-10,2025,Diciembre,Miércoles,Santa Ana,2000,1000,3500,5000,11500,11472
2025-12-11,2025,Diciembre,Jueves,Córdoba,2000,1000,3000,3000,9000,9005
2025-12-11,2025,Diciembre,Jueves,La Floresta,2000,1000,3000,2000,8000,7834
2025-12-11,2025,Diciembre,Jueves,Los Cedros,2000,1000,3000,3000,9000,8991
2025-12-11,2025,Diciembre,Jueves,Palermo,2000,1000,3000,1000,7000,6944
2025-12-11,2025,Diciembre,Jueves,Santa Ana,2000,1000,3000,5000,11000,10887
2025-12-12,2025,Diciembre,Viernes,Córdoba,2000,1000,2000,3000,8000,7948
2025-12-12,2025,Diciembre,Viernes,La Floresta,2000,1000,2000,2000,7000,7191
2025-12-12,2025,Diciembre,Viernes,Los Cedros,2000,1000,2000,3000,8000,7985
2025-12-12,2025,Diciembre,Viernes,Palermo,2000,1000,2000,1000,6000,5962
2025-12-12,2025,Diciembre,Viernes,Santa Ana,2000,1000,2000,5000,10000,9937
2025-12-13,2025,Diciembre,Sábado,Córdoba,2000,1000,1000,3000,7000,6861
2025-12-13,2025,Diciembre,Sábado,La Floresta,2000,1000,1000,2000,6000,6027
2025-12-13,2025,Diciembre,Sábado,Los Cedros,2000,1000,1000,3000,7000,6900
2025-12-13,2025,Diciembre,Sábado,Palermo,2000,1000,1000,1000,5000,5032
2025-12-13,2025,Diciembre,Sábado,Santa Ana,2000,1000,1000,5000,9000,9177
2025-12-14,2025,Diciembre,Domingo,Córdoba,2000,1000,1000,3000,7000,7031
2025-12-14,2025,Diciembre,Domingo,La Floresta,2000,1000,1000,2000,6000,5907
2025-12-14,2025,Diciembre,Domingo,Los Cedros,2000,1000,1000,3000,7000,7009
2025-12-14,2025,Diciembre,Domingo,Palermo,2000,1000,1000,1000,5000,5084
2025-12-14,2025,Diciembre,Domingo,Santa Ana,2000,1000,1000,5000,9000,8928
2025-12-15,2025,Diciembre,Lunes,Córdoba,2000,1000,2000,3000,8000,8046
2025-12-15,2025,Diciembre,Lunes,La Floresta,2000,1000,2000,2000,7000,6979
2025-12-15,2025,Diciembre,Lunes,Los Cedros,2000,1000,2000,3000,8000,7956
2025-12-15,2025,Diciembre,Lunes,Palermo,2000,1000,2000,1000,6000,6072
2025-12-15,2025,Diciembre,Lunes,Santa Ana,2000,1000,2000,5000,10000,10005
2025-12-16,2025,Diciembre,Martes,Córdoba,2000,1000,3000,3000,9000,8818
2025-12-16,2025,Diciembre,Martes,La Floresta,2000,1000,3000,2000,8000,7982
2025-12-16,2025,Diciembre,Martes,Los Cedros,2000,1000,3000,3000,9000,9063
2025-12-16,2025,Diciembre,Martes,Palermo,2000,1000,3000,1000,7000,7052
2025-12-16,2025,Diciembre,Martes,Santa Ana,2000,1000,3000,5000,11000,10999
2025-12-17,2025,Diciembre,Miércoles,Córdoba,2000,1000,3500,3000,9500,9552
2025-12-17,2025,Diciembre,Miércoles,La Floresta,2000,1000,3500,2000,8500,8500
2025-12-17,2025,Diciembre,Miércoles,Los Cedros,2000,1000,3500,3000,9500,9396
2025-12-17,2025,Diciembre,Miércoles,Palermo,2000,1000,3500,1000,7500,7646
2025-12-17,2025,Diciembre,Miércoles,Santa Ana,2000,1000,3500,5000,11500,11643
2025-12-18,2025,Diciembre,Jueves,Córdoba,2000,1000,3000,3000,9000,9007
2025-12-18,2025,Diciembre,Jueves,La Floresta,2000,1000,3000,2000,8000,8003
2025-12-18,2025,Diciembre,Jueves,Los Cedros,2000,1000,3000,3000,9000,9117
2025-12-18,2025,Diciembre,Jueves,Palermo,2000,1000,3000,1000,7000,7005
2025-12-18,2025,Diciembre,Jueves,Santa Ana,2000,1000,3000,5000,11000,11053
2025-12-19,2025,Diciembre,Viernes,Córdoba,2000,1000,2000,3000,8000,7979
2025-12-19,2025,Diciembre,Viernes,La Floresta,2000,1000,2000,2000,7000,7067
2025-12-19,2025,Diciembre,Viernes,Los Cedros,2000,1000,2000,3000,8000,8054
2025-12-19,2025,Diciembre,Viernes,Palermo,2000,1000,2000,1000,6000,5957
2025-12-19,2025,Diciembre,Viernes,Santa Ana,2000,1000,2000,5000,10000,9834
2025-12-20,2025,Diciembre,Sábado,Córdoba,2000,1000,1000,3000,7000,7108
2025-12-20,2025,Diciembre,Sábado,La Floresta,2000,1000,1000,2000,6000,6051
2025-12-20,2025,Diciembre,Sábado,Los Cedros,2000,1000,1000,3000,7000,7002
2025-12-20,2025,Diciembre,Sábado,Palermo,2000,1000,1000,1000,5000,4833
2025-12-20,2025,Diciembre,Sábado,Santa Ana,2000,1000,1000,5000,9000,8989
2025-12-21,2025,Diciembre,Domingo,Córdoba,2000,1000,1000,3000,7000,7206
2025-12-21,2025,Diciembre,Domingo,La Floresta,2000,1000,1000,2000,6000,6055
2025-12-21,2025,Diciembre,Domingo,Los Cedros,2000,1000,1000,3000,7000,7176
2025-12-21,2025,Diciembre,Domingo,Palermo,2000,1000,1000,1000,5000,5006
2025-12-21,2025,Diciembre,Domingo,Santa Ana,2000,1000,1000,5000,9000,8937
2025-12-22,2025,Diciembre,Lunes,Córdoba,2000,1000,2000,3000,8000,7922
2025-12-22,2025,Diciembre,Lunes,La Floresta,2000,1000,2000,2000,7000,7011
2025-12-22,2025,Diciembre,Lunes,Los Cedros,2000,1000,2000,3000,8000,8181
2025-12-22,2025,Diciembre,Lunes,Palermo,2000,1000,2000,1000,6000,6044
2025-12-22,2025,Diciembre,Lunes,Santa Ana,2000,1000,2000,5000,10000,10037
2025-12-23,2025,Diciembre,Martes,Córdoba,2000,1000,3000,3000,9000,9047
2025-12-23,2025,Diciembre,Martes,La Floresta,2000,1000,3000,2000,8000,7916
2025-12-23,2025,Diciembre,Martes,Los Cedros,2000,1000,3000,3000,9000,8890
2025-12-23,2025,Diciembre,Martes,Palermo,2000,1000,3000,1000,7000,7113
2025-12-23,2025,Diciembre,Martes,Santa Ana,2000,1000,3000,5000,11000,11047
2025-12-24,2025,Diciembre,Miércoles,Córdoba,2000,1000,3500,3000,9500,9550
2025-12-24,2025,Diciembre,Miércoles,La Floresta,2000,1000,3500,2000,8500,8542
2025-12-24,2025,Diciembre,Miércoles,Los Cedros,2000,1000,3500,3000,9500,9661
2025-12-24,2025,Diciembre,Miércoles,Palermo,2000,1000,3500,1000,7500,7413
2025-12-24,2025,Diciembre,Miércoles,Santa Ana,2000,1000,3500,5000,11500,11443
2025-12-25,2025,Diciembre,Jueves,Córdoba,2000,1000,3000,3000,9000,8972
2025-12-25,2025,Diciembre,Jueves,La Floresta,2000,1000,3000,2000,8000,7992
2025-12-25,2025,Diciembre,Jueves,Los Cedros,2000,1000,3000,3000,9000,8990
2025-12-25,2025,Diciembre,Jueves,Palermo,2000,1000,3000,1000,7000,6876
2025-12-25,2025,Diciembre,Jueves,Santa Ana,2000,1000,3000,5000,11000,11120
2025-12-26,2025,Diciembre,Viernes,Córdoba,2000,1000,2000,3000,8000,7853
2025-12-26,2025,Diciembre,Viernes,La Floresta,2000,1000,2000,2000,7000,6928
2025-12-26,2025,Diciembre,Viernes,Los Cedros,2000,1000,2000,3000,8000,7938
2025-12-26,2025,Diciembre,Viernes,Palermo,2000,1000,2000,1000,6000,6043
2025-12-26,2025,Diciembre,Viernes,Santa Ana,2000,1000,2000,5000,10000,10025
2025-12-27,2025,Diciembre,Sábado,Córdoba,2000,1000,1000,3000,7000,7079
2025-12-27,2025,Diciembre,Sábado,La Floresta,2000,1000,1000,2000,6000,6052
2025-12-27,2025,Diciembre,Sábado,Los Cedros,2000,1000,1000,3000,7000,6988
2025-12-27,2025,Diciembre,Sábado,Palermo,2000,1000,1000,1000,5000,4894
2025-12-27,2025,Diciembre,Sábado,Santa Ana,2000,1000,1000,5000,9000,8850
2025-12-28,2025,Diciembre,Domingo,Córdoba,2000,1000,1000,3000,7000,6926
2025-12-28,2025,Diciembre,Domingo,La Floresta,2000,1000,1000,2000,6000,6135
2025-12-28,2025,Diciembre,Domingo,Los Cedros,2000,1000,1000,3000,7000,7110
2025-12-28,2025,Diciembre,Domingo,Palermo,2000,1000,1000,1000,5000,4992
2025-12-28,2025,Diciembre,Domingo,Santa Ana,2000,1000,1000,5000,9000,8889
2025-12-29,2025,Diciembre,Lunes,Córdoba,2000,1000,2000,3000,8000,8011
2025-12-29,2025,Diciembre,Lunes,La Floresta,2000,1000,2000,2000,7000,6815
2025-12-29,2025,Diciembre,Lunes,Los Cedros,2000,1000,2000,3000,8000,7904
2025-12-29,2025,Diciembre,Lunes,Palermo,2000,1000,2000,1000,6000,6138
2025-12-29,2025,Diciembre,Lunes,Santa Ana,2000,1000,2000,5000,10000,10200
2025-12-30,2025,Diciembre,Martes,Córdoba,2000,1000,3000,3000,9000,9082
2025-12-30,2025,Diciembre,Martes,La Floresta,2000,1000,3000,2000,8000,7896
2025-12-30,2025,Diciembre,Martes,Los Cedros,2000,1000,3000,3000,9000,8903
2025-12-30,2025,Diciembre,Martes,Palermo,2000,1000,3000,1000,7000,6853
2025-12-30,2025,Diciembre,Martes,Santa Ana,2000,1000,3000,5000,11000,11158
2025-12-31,2025,Diciembre,Miércoles,Córdoba,2000,1000,3500,3000,9500,9574
2025-12-31,2025,Diciembre,Miércoles,La Floresta,2000,1000,3500,2000,8500,8579
2025-12-31,2025,Diciembre,Miércoles,Los Cedros,2000,1000,3500,3000,9500,9518
2025-12-31,2025,Diciembre,Miércoles,Palermo,2000,1000,3500,1000,7500,7413
2025-12-31,2025,Diciembre,Miércoles,Santa Ana,2000,1000,3500,5000,11500,11595
